,val_loss,val_accuracy,val_auc,val_precision,val_recall,test_loss,test_accuracy,test_auc,test_precision,test_recall
0,0.4541189968585968,0.8148148059844971,0.8861454725265503,0.8148148059844971,0.8148148059844971,0.6606047749519348,0.6666666865348816,0.790123462677002,0.6666666865348816,0.6666666865348816
1,0.37541377544403076,0.8518518805503845,0.9149519205093384,0.8518518805503845,0.8518518805503845,0.20865070819854736,0.8888888955116272,0.9876543283462524,0.8888888955116272,0.8888888955116272
2,0.44553342461586,0.7407407164573669,0.8703703880310059,0.7407407164573669,0.7407407164573669,0.2427060306072235,1.0,1.0,1.0,1.0
