val_loss,val_accuracy,val_auc,val_precision,val_recall,test_loss,test_accuracy,test_auc,test_precision,test_recall
0.42502206563949585,0.8024691343307495,0.8904892603556315,0.8024691343307495,0.8024691343307495,0.37065383791923523,0.8518518606821696,0.9259259303410848,0.8518518606821696,0.8518518606821696
0.04317597543509494,0.056575033388969194,0.022605964457576455,0.056575033388969194,0.056575033388969194,0.2516815461266382,0.1697250156227053,0.11777027031422758,0.1697250156227053,0.1697250156227053
0.024927661039976734,0.03266361075653343,0.01305155966487288,0.03266361075653343,0.03266361075653343,0.14530840840627576,0.09799078345798236,0.0679946972684543,0.09799078345798236,0.09799078345798236
