R20000_val_loss,R20000_val_accuracy,R20000_val_auc,R20000_val_precision,R20000_val_recall,R20000_test_loss,R20000_test_accuracy,R20000_test_auc,R20000_test_precision,R20000_test_recall,val_loss,val_accuracy,val_auc,val_precision,val_recall,test_loss,test_accuracy,test_auc,test_precision,test_recall
0.5474181572596232,0.7714415788650513,0.8436768054962158,0.7714415788650513,0.7714415788650513,0.422679603099823,0.8293359478314718,0.9012139240900675,0.8293359478314718,0.8293359478314718,0.43645988901456195,0.790123442808787,0.885002334912618,0.790123442808787,0.790123442808787,0.35318779945373535,0.8518518606821696,0.9341563979784647,0.8518518606821696,0.8518518606821696
0.022970892684540875,0.0003150832095563539,0.001818901868612026,0.0003150832095563539,0.0003150832095563539,0.021553299649969482,0.006681564311094767,0.005872812246805445,0.006681564311094767,0.006681564311094767,0.0967543649040819,0.042766695528465015,0.06553687588819558,0.042766695528465015,0.042766695528465015,0.04762562034345934,0.06415002608631867,0.031069231360778313,0.06415002608631867,0.06415002608631867
0.01326225107494568,0.0001819133758544922,0.0010501434834726665,0.0001819133758544922,0.0001819133758544922,0.012443803354834549,0.0038576029536183604,0.0033906697315932545,0.0038576029536183604,0.0038576029536183604,0.055861158622642966,0.02469136317571004,0.03783773293589682,0.02469136317571004,0.02469136317571004,0.027496664725619166,0.0370370348294576,0.017937829089660122,0.0370370348294576,0.0370370348294576
