R20000_val_loss,R20000_val_accuracy,R20000_val_auc,R20000_val_precision,R20000_val_recall,R20000_test_loss,R20000_test_accuracy,R20000_test_auc,R20000_test_precision,R20000_test_recall,val_loss,val_accuracy,val_auc,val_precision,val_recall,test_loss,test_accuracy,test_auc,test_precision,test_recall
0.5139570832252502,0.7688949704170227,0.8409814238548279,0.7688949704170227,0.7688949704170227,0.39795801043510437,0.8399412631988525,0.9111614227294922,0.8399412631988525,0.8399412631988525,0.564700186252594,0.7037037014961243,0.8013260165850321,0.7037037014961243,0.7037037014961243,0.5503190159797668,0.7777777910232544,0.7654321193695068,0.7777777910232544,0.7777777910232544
0.0,0.0,0.0,0.0,0.0,0.0,0.0,0.0,0.0,0.0,0.03188306820750236,0.037037014961242676,0.045196395084126206,0.037037014961242676,0.037037014961242676,0.0,0.0,0.0,0.0,0.0
0.0,0.0,0.0,0.0,0.0,0.0,0.0,0.0,0.0,0.0,0.018407698012192688,0.021383330557853658,0.026094150868220947,0.021383330557853658,0.021383330557853658,0.0,0.0,0.0,0.0,0.0
