R20000_val_loss,R20000_val_accuracy,R20000_val_auc,R20000_val_precision,R20000_val_recall,R20000_test_loss,R20000_test_accuracy,R20000_test_auc,R20000_test_precision,R20000_test_recall,val_loss,val_accuracy,val_auc,val_precision,val_recall,test_loss,test_accuracy,test_auc,test_precision,test_recall,knw_loss,knw_accuracy,knw_auc,knw_precision,knw_recall
0.5139570832252502,0.7688949704170227,0.8409814238548279,0.7688949704170227,0.7688949704170227,0.39795801043510437,0.8399412631988525,0.9111614227294922,0.8399412631988525,0.8399412631988525,0.553984522819519,0.6913580099741617,0.8088706135749817,0.6913580099741617,0.6913580099741617,0.5499332547187805,0.7777777910232544,0.8271604776382446,0.7777777910232544,0.7777777910232544,0.5535793900489807,0.699999988079071,0.8203703165054321,0.699999988079071,0.699999988079071
0.0,0.0,0.0,0.0,0.0,0.0,0.0,0.0,0.0,0.0,0.05902746580444997,0.08553335664417233,0.07443306460997941,0.08553335664417233,0.08553335664417233,0.0,0.0,0.0,0.0,0.0,0.0,0.0,0.0,0.0,0.0
0.0,0.0,0.0,0.0,0.0,0.0,0.0,0.0,0.0,0.0,0.034079523271780626,0.04938270648320516,0.04297394988918042,0.04938270648320516,0.04938270648320516,0.0,0.0,0.0,0.0,0.0,0.0,0.0,0.0,0.0,0.0
