SAV_coords,0,1,2
P21817 160 E G,0.84936506,0.51401484,0.44419426
P21817 177 R C,0.98977405,0.9834241,0.9542249
P21817 214 T M,0.3509865,0.26878032,0.24975224
P21817 401 R H,0.2146961,0.1395796,0.12665296
P21817 522 Y C,0.978682,0.9726261,0.9611719
P21817 539 F V,0.9875814,0.96442497,0.9676101
P21817 1056 D H,0.13679805,0.14438137,0.28863984
P21817 1588 P L,0.17298214,0.23362873,0.2460458
P21817 1675 L P,0.9910155,0.9855627,0.98645675
P21817 1728 S F,0.2120335,0.2903764,0.26712608
P21817 2163 R L,0.6471853,0.8373977,0.60601264
P21817 2204 H Q,0.7387998,0.7889244,0.6676991
P21817 2237 C Y,0.97760457,0.9778186,0.9627973
P21817 2362 E K,0.09835556,0.08704676,0.097815335
P21817 2363 C W,0.9505002,0.94993705,0.9169341
P21817 2364 F V,0.10183203,0.0973452,0.10598315
P21817 2431 D Y,0.99391234,0.9917173,0.97535884
P21817 2627 V M,0.43460217,0.7942441,0.72741127
P21817 2676 R W,0.971238,0.9734308,0.9499222
P21817 3051 R H,0.11818523,0.21999635,0.3320669
P21817 3418 N D,0.13313104,0.14566855,0.27508223
P21817 3903 R Q,0.60064214,0.23625235,0.22616819
P21817 3772 R Q,0.6741718,0.38662478,0.2726418
P21817 3986 D E,0.35748032,0.27581075,0.2286658
P21817 4050 S Y,0.9831565,0.9699176,0.9303397
P21817 4234 V L,0.53753644,0.44799954,0.2875914
P21817 4737 R Q,0.46141088,0.24936646,0.2490953
P21817 4824 L P,0.99318093,0.9863854,0.9848032
P21817 4893 R Q,0.9455528,0.86846316,0.76535004
P21817 4973 P L,0.78707147,0.49790317,0.71153384
