R20000_val_loss,R20000_val_accuracy,R20000_val_auc,R20000_val_precision,R20000_val_recall,R20000_test_loss,R20000_test_accuracy,R20000_test_auc,R20000_test_precision,R20000_test_recall,val_loss,val_accuracy,val_auc,val_precision,val_recall,test_loss,test_accuracy,test_auc,test_precision,test_recall
0.6190562049547831,0.7301154534022013,0.7961979508399963,0.7301154534022013,0.7301154534022013,0.47048906485239667,0.7993147373199463,0.875573992729187,0.7993147373199463,0.7993147373199463,0.4292818009853363,0.8271605173746744,0.889803409576416,0.8271605173746744,0.8271605173746744,0.38823668162027997,0.8518518606821696,0.8971193234125773,0.8518518606821696,0.8518518606821696
0.06111973293617688,0.017707453585875995,0.020773726075113064,0.017707453585875995,0.017707453585875995,0.03408605971167179,0.009170337406260715,0.012200594115071598,0.009170337406260715,0.009170337406260715,0.11546977104223011,0.042766695528465015,0.06728993300516205,0.042766695528465015,0.042766695528465015,0.046967220930434754,0.06415002608631867,0.03771665640899428,0.06415002608631867,0.06415002608631867
0.03528749426349976,0.01022340309446831,0.011993716341538077,0.01022340309446831,0.01022340309446831,0.01967959575014737,0.005294496770064319,0.007044016296609952,0.005294496770064319,0.005294496770064319,0.06666650339449601,0.02469136317571004,0.03884986093428219,0.02469136317571004,0.02469136317571004,0.027116537647275132,0.0370370348294576,0.02177572173066547,0.0370370348294576,0.0370370348294576
