R20000_val_loss,R20000_val_accuracy,R20000_val_auc,R20000_val_precision,R20000_val_recall,R20000_test_loss,R20000_test_accuracy,R20000_test_auc,R20000_test_precision,R20000_test_recall,val_loss,val_accuracy,val_auc,val_precision,val_recall,test_loss,test_accuracy,test_auc,test_precision,test_recall
0.5073307156562805,0.7733842134475708,0.8425318002700806,0.7733842134475708,0.7733842134475708,0.4278004467487335,0.8208516836166382,0.89689040184021,0.8208516836166382,0.8208516836166382,0.5493691166241964,0.7037036816279093,0.8084133466084799,0.7037036816279093,0.7037036816279093,0.5520448088645935,0.7777777910232544,0.7777777910232544,0.7777777910232544,0.7777777910232544
0.0,0.0,0.0,0.0,0.0,0.0,0.0,0.0,0.0,0.0,0.020388767930757404,0.06415002608631867,0.03170869339567342,0.06415002608631867,0.06415002608631867,0.0,0.0,0.0,0.0,0.0
0.0,0.0,0.0,0.0,0.0,0.0,0.0,0.0,0.0,0.0,0.011771460653267597,0.0370370348294576,0.01830702266764336,0.0370370348294576,0.0370370348294576,0.0,0.0,0.0,0.0,0.0
