,val_loss,val_accuracy,val_auc,val_precision,val_recall,test_loss,test_accuracy,test_auc,test_precision,test_recall
0,0.398298442363739,0.7857142686843872,0.8928571939468384,0.7857142686843872,0.7857142686843872,0.19305218756198883,0.800000011920929,0.9600000381469727,0.800000011920929,0.800000011920929
1,0.4062100350856781,0.7857142686843872,0.8928570747375488,0.7857142686843872,0.7857142686843872,0.22280240058898926,1.0,1.0,1.0,1.0
2,0.4647262692451477,0.7857142686843872,0.8647959232330322,0.7857142686843872,0.7857142686843872,0.2419128715991974,1.0,1.0,1.0,1.0
