val_loss,val_accuracy,val_auc,val_precision,val_recall,test_loss,test_accuracy,test_auc,test_precision,test_recall
0.4230782488981883,0.7857142686843872,0.8835033973058065,0.7857142686843872,0.7857142686843872,0.21925581991672516,0.9333333373069763,0.9866666793823242,0.9333333373069763,0.9333333373069763
0.03628452182356852,0.0,0.016201147787770882,0.0,0.0,0.02462265800019648,0.1154700469553736,0.0230939887434201,0.1154700469553736,0.1154700469553736
0.020948878442254137,0.0,0.009353737036450429,0.0,0.0,0.014215898224577531,0.06666666269302368,0.013333320617675783,0.06666666269302368,0.06666666269302368
