R20000_val_loss,R20000_val_accuracy,R20000_val_auc,R20000_val_precision,R20000_val_recall,R20000_test_loss,R20000_test_accuracy,R20000_test_auc,R20000_test_precision,R20000_test_recall,val_loss,val_accuracy,val_auc,val_precision,val_recall,test_loss,test_accuracy,test_auc,test_precision,test_recall
0.5341676274935404,0.7743519941965739,0.8499896923700968,0.7743519941965739,0.7743519941965739,0.4138908286889394,0.8325991233189901,0.902819554011027,0.8325991233189901,0.8325991233189901,0.41600196560223895,0.790123442808787,0.8888889153798422,0.790123442808787,0.790123442808787,0.34839452306429547,0.8888888955116272,0.9423868457476298,0.8888888955116272,0.8888888955116272
0.026422352489802674,0.0035784164617306854,0.004171889811325122,0.0035784164617306854,0.0035784164617306854,0.018545455315455286,0.0030567839077067127,0.006477045305876741,0.0030567839077067127,0.0030567839077067127,0.11179560153506651,0.042766695528465015,0.062138545617241144,0.042766695528465015,0.042766695528465015,0.028776067785589436,0.0,0.007127794059059042,0.0,0.0
0.015254952322610753,0.0020659997074527997,0.0024086417055980166,0.0020659997074527997,0.0020659997074527997,0.010707223618622285,0.0017648350119689868,0.0037395238509013388,0.0017648350119689868,0.0017648350119689868,0.06454522064048679,0.02469136317571004,0.03587570603916602,0.02469136317571004,0.02469136317571004,0.016613870482228982,0.0,0.004115233818725954,0.0,0.0
