R20000_val_loss,R20000_val_accuracy,R20000_val_auc,R20000_val_precision,R20000_val_recall,R20000_test_loss,R20000_test_accuracy,R20000_test_auc,R20000_test_precision,R20000_test_recall,val_loss,val_accuracy,val_auc,val_precision,val_recall,test_loss,test_accuracy,test_auc,test_precision,test_recall
0.49104467034339905,0.7776262164115906,0.855137050151825,0.7776262164115906,0.7776262164115906,0.39441215991973877,0.840430736541748,0.9134445190429688,0.840430736541748,0.840430736541748,0.5452662309010824,0.7407407561937968,0.810470978418986,0.7407407561937968,0.7407407561937968,0.5445142388343811,0.7777777910232544,0.7777777910232544,0.7777777910232544,0.7777777910232544
0.0,0.0,0.0,0.0,0.0,0.0,0.0,0.0,0.0,0.0,0.026983465435882887,0.06415002608631867,0.03454186647080537,0.06415002608631867,0.06415002608631867,0.0,0.0,0.0,0.0,0.0
0.0,0.0,0.0,0.0,0.0,0.0,0.0,0.0,0.0,0.0,0.015578911033075947,0.0370370348294576,0.01994275590523159,0.0370370348294576,0.0370370348294576,0.0,0.0,0.0,0.0,0.0
