val_loss,val_accuracy,val_auc,val_precision,val_recall,test_loss,test_accuracy,test_auc,test_precision,test_recall,GJB2_notnan_loss,GJB2_notnan_accuracy,GJB2_notnan_auc,GJB2_notnan_precision,GJB2_notnan_recall,RYR1_notnan_loss,RYR1_notnan_accuracy,RYR1_notnan_auc,RYR1_notnan_precision,RYR1_notnan_recall
0.5046863555908203,0.7731115221977234,0.8445554971694946,0.7731115221977234,0.7731115221977234,0.42492830753326416,0.8228095769882202,0.898068368434906,0.8228095769882202,0.8228095769882202,0.42397430539131165,0.8510638475418091,0.9040290117263794,0.8510638475418091,0.8510638475418091,0.5740577578544617,0.6777777671813965,0.7864197492599487,0.6777777671813965,0.6777777671813965
0.44102609157562256,0.8177850246429443,0.8854684829711914,0.8177850246429443,0.8177850246429443,0.3922862112522125,0.8438570499420166,0.9159439206123352,0.8438570499420166,0.8438570499420166,0.4172396659851074,0.8510638475418091,0.9135355353355408,0.8510638475418091,0.8510638475418091,0.5850964784622192,0.7222222089767456,0.7745679020881653,0.7222222089767456,0.7222222089767456
0.5134566426277161,0.7694406509399414,0.8416998982429504,0.7694406509399414,0.7694406509399414,0.3984743058681488,0.838472843170166,0.9103994369506836,0.838472843170166,0.838472843170166,0.4429013133049011,0.8085106611251831,0.8870529532432556,0.8085106611251831,0.8085106611251831,0.5718054175376892,0.7444444298744202,0.7946296334266663,0.7444444298744202,0.7444444298744202
0.49048250913619995,0.778444766998291,0.8555588126182556,0.778444766998291,0.778444766998291,0.39413705468177795,0.840430736541748,0.913457453250885,0.840430736541748,0.840430736541748,0.44062674045562744,0.8085106611251831,0.8933907151222229,0.8085106611251831,0.8085106611251831,0.5590794086456299,0.7222222089767456,0.8002469539642334,0.7222222089767456,0.7222222089767456
0.5308643579483032,0.7523939609527588,0.8275614976882935,0.7523939609527588,0.7523939609527588,0.40241819620132446,0.8370044231414795,0.9099909067153931,0.8370044231414795,0.8370044231414795,0.43132367730140686,0.8723404407501221,0.9128565192222595,0.8723404407501221,0.8723404407501221,0.5360433459281921,0.7666666507720947,0.8458641767501831,0.7666666507720947,0.7666666507720947
