val_loss,val_accuracy,val_auc,val_precision,val_recall,test_loss,test_accuracy,test_auc,test_precision,test_recall,GJB2_notnan_loss,GJB2_notnan_accuracy,GJB2_notnan_auc,GJB2_notnan_precision,GJB2_notnan_recall,RYR1_notnan_loss,RYR1_notnan_accuracy,RYR1_notnan_auc,RYR1_notnan_precision,RYR1_notnan_recall
0.49610319137573244,0.7782351851463318,0.8509688377380371,0.7782351851463318,0.7782351851463318,0.4024488151073456,0.836514925956726,0.9095720171928405,0.836514925956726,0.836514925956726,0.4312131404876709,0.8382978916168213,0.9021729469299317,0.8382978916168213,0.8382978916168213,0.5652164816856384,0.7266666531562805,0.8003456830978394,0.7266666531562805,0.7266666531562805
0.03408896695051498,0.024164014311064397,0.021715438836404886,0.024164014311064397,0.024164014311064397,0.013167090789399863,0.008080067988733746,0.00687189553875461,0.008080067988733746,0.008080067988733746,0.010873134205179939,0.028545545246038913,0.011751956362014216,0.028545545246038913,0.028545545246038913,0.018745212903655536,0.03296088020024794,0.027216915065376254,0.03296088020024794,0.03296088020024794
0.01524504947681904,0.010806475721763548,0.009711439479888052,0.010806475721763548,0.010806475721763548,0.005888502014201892,0.003613516257125732,0.0030732051117865694,0.003613516257125732,0.003613516257125732,0.004862613442252098,0.012765955924987794,0.005255634658814983,0.012765955924987794,0.012765955924987794,0.008383114061056,0.014740553745196255,0.012171774444803886,0.014740553745196255,0.014740553745196255
