SAV_coords,0,1,2,3,4
P21817 160 E G,0.38108823,0.5811831,0.48081097,0.4930342,0.5001077
P21817 177 R C,0.75638896,0.8320566,0.65320694,0.67958033,0.75084054
P21817 214 T M,0.45243996,0.5536182,0.37847683,0.44629195,0.47152793
P21817 401 R H,0.5283028,0.54418945,0.30442956,0.4339721,0.38282943
P21817 522 Y C,0.72315574,0.8062507,0.6992013,0.70249903,0.7383846
P21817 539 F V,0.66608685,0.69113314,0.7244424,0.6426576,0.7154456
P21817 1056 D H,0.78859645,0.7617266,0.7126722,0.77997017,0.51741743
P21817 1588 P L,0.74092555,0.7149303,0.48207322,0.7120846,0.42722178
P21817 1675 L P,0.8366684,0.9017649,0.8718832,0.8619103,0.87196857
P21817 1728 S F,0.44122076,0.49765357,0.42264488,0.41751176,0.35453492
P21817 2163 R L,0.63285136,0.7163212,0.49633682,0.64862067,0.5487937
P21817 2204 H Q,0.79517996,0.7932958,0.69111127,0.716237,0.6926239
P21817 2237 C Y,0.85921526,0.87026554,0.80348194,0.8721109,0.84524614
P21817 2362 E K,0.4726108,0.4670036,0.34707028,0.38812408,0.38368705
P21817 2363 C W,0.85918605,0.86831605,0.72936237,0.8076152,0.7845399
P21817 2364 F V,0.43669522,0.45018062,0.3355649,0.37118754,0.36890212
P21817 2431 D Y,0.8662357,0.8786726,0.7680625,0.8781048,0.83157
P21817 2627 V M,0.78813785,0.8072321,0.78528845,0.7922925,0.69696075
P21817 2676 R W,0.9010485,0.90419924,0.7878565,0.8664258,0.8775124
P21817 3051 R H,0.7249027,0.7861056,0.6861384,0.65350056,0.648119
P21817 3418 N D,0.5569358,0.5792055,0.62866104,0.56143534,0.51119655
P21817 3903 R Q,0.5920593,0.5752251,0.36596042,0.44499162,0.51850945
P21817 3772 R Q,0.6343004,0.69752795,0.40658888,0.59971,0.56286347
P21817 3986 D E,0.49233165,0.51932526,0.3873388,0.42294917,0.44369155
P21817 4050 S Y,0.760127,0.8044342,0.65057606,0.7488423,0.7036456
P21817 4234 V L,0.4620559,0.5132097,0.35424277,0.42318773,0.47228754
P21817 4737 R Q,0.66058815,0.61868775,0.47524658,0.55384195,0.6247925
P21817 4824 L P,0.7926879,0.8653424,0.83464587,0.8510667,0.87078834
P21817 4893 R Q,0.656956,0.6287122,0.58845264,0.6916313,0.6621359
P21817 4973 P L,0.6096332,0.7093479,0.5971481,0.5618897,0.6458676
