R20000_val_loss,R20000_val_accuracy,R20000_val_auc,R20000_val_precision,R20000_val_recall,R20000_test_loss,R20000_test_accuracy,R20000_test_auc,R20000_test_precision,R20000_test_recall,val_loss,val_accuracy,val_auc,val_precision,val_recall,test_loss,test_accuracy,test_auc,test_precision,test_recall
0.5757876634597778,0.7542179425557455,0.8245784242947897,0.7542179425557455,0.7542179425557455,0.4320803682009379,0.8242780168851217,0.8969915310541788,0.8242780168851217,0.8242780168851217,0.34977121154467267,0.8571428457895914,0.9336735010147095,0.8571428457895914,0.8571428457895914,0.21140663822491965,0.9333333373069763,0.9866666793823242,0.9333333373069763,0.9333333373069763
0.030957497239855247,0.003171065614188591,0.003124261984603026,0.003171065614188591,0.003171065614188591,0.02150479723678775,0.009529096381099052,0.005592961860947875,0.009529096381099052,0.009529096381099052,0.13618064292634718,0.12371789024580716,0.05399489896881743,0.12371789024580716,0.12371789024580716,0.01800943045187474,0.1154700469553736,0.0230939887434201,0.1154700469553736,0.1154700469553736
0.017873319364867524,0.001830815585969749,0.0018037934978294716,0.001830815585969749,0.001830815585969749,0.01241580047352773,0.005501626360761427,0.003229098035985566,0.005501626360761427,0.005501626360761427,0.07862393085194286,0.07142855723698935,0.03117396945451339,0.07142855723698935,0.07142855723698935,0.010397749519341725,0.06666666269302368,0.013333320617675783,0.06666666269302368,0.06666666269302368
