R20000_val_loss,R20000_val_accuracy,R20000_val_auc,R20000_val_precision,R20000_val_recall,R20000_test_loss,R20000_test_accuracy,R20000_test_auc,R20000_test_precision,R20000_test_recall,val_loss,val_accuracy,val_auc,val_precision,val_recall,test_loss,test_accuracy,test_auc,test_precision,test_recall
0.5302248597145081,0.7521203756332397,0.8270972967147827,0.7521203756332397,0.7521203756332397,0.4049834907054901,0.835536003112793,0.9091933965682983,0.835536003112793,0.835536003112793,0.4222684105237325,0.8333333333333334,0.930272122224172,0.8333333333333334,0.8333333333333334,0.30886027216911316,1.0,1.0,1.0,1.0
0.0,0.0,0.0,0.0,0.0,0.0,0.0,0.0,0.0,0.0,0.09534659214843777,0.10910892560779702,0.06927010678044977,0.10910892560779702,0.10910892560779702,0.0,0.0,0.0,0.0,0.0
0.0,0.0,0.0,0.0,0.0,0.0,0.0,0.0,0.0,0.0,0.05504838064321401,0.06299406757065246,0.039993114796486796,0.06299406757065246,0.06299406757065246,0.0,0.0,0.0,0.0,0.0
