val_loss,val_accuracy,val_auc,val_precision,val_recall,test_loss,test_accuracy,test_auc,test_precision,test_recall,GJB2_notnan_loss,GJB2_notnan_accuracy,GJB2_notnan_auc,GJB2_notnan_precision,GJB2_notnan_recall,RYR1_notnan_loss,RYR1_notnan_accuracy,RYR1_notnan_auc,RYR1_notnan_precision,RYR1_notnan_recall
0.5073307156562805,0.7733842134475708,0.8425318002700806,0.7733842134475708,0.7733842134475708,0.4278004467487335,0.8208516836166382,0.89689040184021,0.8208516836166382,0.8208516836166382,0.39686912298202515,0.8723404407501221,0.9139882326126099,0.8723404407501221,0.8723404407501221,0.5687350034713745,0.7111111283302307,0.793950617313385,0.7111111283302307,0.7111111283302307
0.4416258931159973,0.8177850246429443,0.8852530717849731,0.8177850246429443,0.8177850246429443,0.39333388209342957,0.8438570499420166,0.915522575378418,0.8438570499420166,0.8438570499420166,0.4175078272819519,0.8510638475418091,0.9157990217208862,0.8510638475418091,0.8510638475418091,0.5830349326133728,0.7222222089767456,0.7764197587966919,0.7222222089767456,0.7222222089767456
0.5139570832252502,0.7688949704170227,0.8409814238548279,0.7688949704170227,0.7688949704170227,0.39795801043510437,0.8399412631988525,0.9111614227294922,0.8399412631988525,0.8399412631988525,0.4307064414024353,0.8297872543334961,0.9001810550689697,0.8297872543334961,0.8297872543334961,0.5535793900489807,0.699999988079071,0.8203703165054321,0.699999988079071,0.699999988079071
0.49104467034339905,0.7776262164115906,0.855137050151825,0.7776262164115906,0.7776262164115906,0.39441215991973877,0.840430736541748,0.9134445190429688,0.840430736541748,0.840430736541748,0.43739810585975647,0.8297872543334961,0.8949750661849976,0.8297872543334961,0.8297872543334961,0.5522887706756592,0.7222222089767456,0.8106172680854797,0.7222222089767456,0.7222222089767456
0.5302248597145081,0.7521203756332397,0.8270972967147827,0.7521203756332397,0.7521203756332397,0.4049834907054901,0.835536003112793,0.9091933965682983,0.835536003112793,0.835536003112793,0.4102037847042084,0.8510638475418091,0.9244002103805542,0.8510638475418091,0.8510638475418091,0.5339660048484802,0.7222222089767456,0.8267284035682678,0.7222222089767456,0.7222222089767456
