SAV_coords,0,1,2,3,4
P21817 160 E G,0.46451786,0.55956846,0.52479315,0.47412133,0.60049045
P21817 177 R C,0.7665524,0.8353434,0.6980098,0.7218232,0.8561481
P21817 214 T M,0.4592212,0.55682784,0.40456384,0.44113013,0.5284622
P21817 401 R H,0.56535137,0.55717105,0.35660312,0.46433944,0.52095604
P21817 522 Y C,0.75415295,0.8069163,0.72818696,0.7321627,0.8498704
P21817 539 F V,0.6988039,0.6906868,0.74098235,0.6590451,0.80194193
P21817 1056 D H,0.7440072,0.7597187,0.685568,0.7621315,0.57818127
P21817 1588 P L,0.7324642,0.714608,0.50034755,0.70259,0.573653
P21817 1675 L P,0.8677765,0.8981066,0.88995045,0.871044,0.9105906
P21817 1728 S F,0.4577107,0.5050548,0.43622154,0.42976102,0.43307626
P21817 2163 R L,0.6470845,0.7207782,0.54151475,0.6535271,0.63597023
P21817 2204 H Q,0.796422,0.786662,0.7098407,0.7221398,0.7550846
P21817 2237 C Y,0.8588505,0.8723387,0.81720454,0.87282807,0.87414736
P21817 2362 E K,0.46725252,0.46767998,0.35390952,0.3981074,0.40946552
P21817 2363 C W,0.85669994,0.8697294,0.7563002,0.8122241,0.8334396
P21817 2364 F V,0.43984136,0.4459421,0.33744347,0.3793001,0.4173845
P21817 2431 D Y,0.87283957,0.8840267,0.79572624,0.8919792,0.8814612
P21817 2627 V M,0.77522665,0.8079844,0.7643646,0.7949003,0.73407
P21817 2676 R W,0.9091364,0.9059314,0.8171822,0.8839292,0.91014284
P21817 3051 R H,0.74531317,0.7877679,0.67731005,0.65115577,0.690882
P21817 3418 N D,0.55340594,0.57770723,0.592726,0.55856884,0.5077883
P21817 3903 R Q,0.64455134,0.5698094,0.4153096,0.46884224,0.59714836
P21817 3772 R Q,0.71002376,0.69855416,0.49969214,0.6320769,0.644758
P21817 3986 D E,0.5413998,0.5289074,0.4314465,0.45285243,0.53832304
P21817 4050 S Y,0.7767929,0.8145705,0.69502234,0.77430683,0.7979024
P21817 4234 V L,0.5113128,0.52301526,0.40705988,0.44712532,0.56251925
P21817 4737 R Q,0.701921,0.61368847,0.53163546,0.5722525,0.66150254
P21817 4824 L P,0.8304661,0.86476904,0.8640022,0.8628903,0.8880358
P21817 4893 R Q,0.70371014,0.6325952,0.6437484,0.71075046,0.6927285
P21817 4973 P L,0.6491021,0.71014065,0.63148284,0.5839189,0.69988024
