R20000_val_loss,R20000_val_accuracy,R20000_val_auc,R20000_val_precision,R20000_val_recall,R20000_test_loss,R20000_test_accuracy,R20000_test_auc,R20000_test_precision,R20000_test_recall,val_loss,val_accuracy,val_auc,val_precision,val_recall,test_loss,test_accuracy,test_auc,test_precision,test_recall
0.6177048484484354,0.7310244639714559,0.7949406703313192,0.7310244639714559,0.7310244639714559,0.4637359182039897,0.8012726505597433,0.878303070863088,0.8012726505597433,0.8012726505597433,0.360096017519633,0.8571428457895914,0.930272122224172,0.8571428457895914,0.8571428457895914,0.21742016077041626,0.9333333373069763,0.9866666595141093,0.9333333373069763,0.9333333373069763
0.07065375075908542,0.02652701960965067,0.02270500572991476,0.02652701960965067,0.02652701960965067,0.02708526921668756,0.012295498889707473,0.00923741221138885,0.012295498889707473,0.012295498889707473,0.1283094365622953,0.07142856717109888,0.05359161512234076,0.07142856717109888,0.07142856717109888,0.030147786679400504,0.1154700469553736,0.023094023156177805,0.1154700469553736,0.1154700469553736
0.04079196202001469,0.015315381912430296,0.013108741170118284,0.015315381912430296,0.015315381912430296,0.015637687473328048,0.007098809593793355,0.005333222426860889,0.007098809593793355,0.007098809593793355,0.0740794877388104,0.04123930248406321,0.030941133417190257,0.04123930248406321,0.04123930248406321,0.017405832754823297,0.06666666269302368,0.013333340485890707,0.06666666269302368,0.06666666269302368
