R20000_val_loss,R20000_val_accuracy,R20000_val_auc,R20000_val_precision,R20000_val_recall,R20000_test_loss,R20000_test_accuracy,R20000_test_auc,R20000_test_precision,R20000_test_recall,val_loss,val_accuracy,val_auc,val_precision,val_recall,test_loss,test_accuracy,test_auc,test_precision,test_recall
0.5073307156562805,0.7733842134475708,0.8425318002700806,0.7733842134475708,0.7733842134475708,0.4278004467487335,0.8208516836166382,0.89689040184021,0.8208516836166382,0.8208516836166382,0.4071367581685384,0.8571428656578064,0.9132652878761292,0.8571428656578064,0.8571428656578064,0.31062111258506775,1.0,1.0,1.0,1.0
0.0,0.0,0.0,0.0,0.0,0.0,0.0,0.0,0.0,0.0,0.11898099268932867,0.1428571343421936,0.0755033214468138,0.1428571343421936,0.1428571343421936,0.0,0.0,0.0,0.0,0.0
0.0,0.0,0.0,0.0,0.0,0.0,0.0,0.0,0.0,0.0,0.0686937081576328,0.08247860496812401,0.0435918629620288,0.08247860496812401,0.08247860496812401,0.0,0.0,0.0,0.0,0.0
