val_loss,val_accuracy,val_auc,val_precision,val_recall,test_loss,test_accuracy,test_auc,test_precision,test_recall,GJB2_notnan_loss,GJB2_notnan_accuracy,GJB2_notnan_auc,GJB2_notnan_precision,GJB2_notnan_recall,RYR1_notnan_loss,RYR1_notnan_accuracy,RYR1_notnan_auc,RYR1_notnan_precision,RYR1_notnan_recall
0.5259782075881958,0.7772020697593689,0.83542799949646,0.7772020697593689,0.7772020697593689,0.4620222747325897,0.8130200505256653,0.883604884147644,0.8130200505256653,0.8130200505256653,0.45714834332466125,0.7872340679168701,0.8818469643592834,0.7872340679168701,0.7872340679168701,0.5875735282897949,0.699999988079071,0.7709876298904419,0.699999988079071,0.699999988079071
0.470327228307724,0.8096017241477966,0.8699811100959778,0.8096017241477966,0.8096017241477966,0.42842036485671997,0.837493896484375,0.9041880369186401,0.837493896484375,0.837493896484375,0.4759657084941864,0.7872340679168701,0.88094162940979,0.7872340679168701,0.7872340679168701,0.5831810235977173,0.7444444298744202,0.7778394818305969,0.7444444298744202,0.7444444298744202
0.5106729865074158,0.7675306797027588,0.8438107371330261,0.7675306797027588,0.7675306797027588,0.4580066204071045,0.836514949798584,0.8950943946838379,0.836514949798584,0.836514949798584,0.4763180613517761,0.7872340679168701,0.880488932132721,0.7872340679168701,0.7872340679168701,0.6016892790794373,0.7111111283302307,0.7765432000160217,0.7111111283302307,0.7111111283302307
0.5150215029716492,0.7702592015266418,0.8434951901435852,0.7702592015266418,0.7702592015266418,0.4442572593688965,0.8316201567649841,0.8970784544944763,0.8316201567649841,0.8316201567649841,0.48097264766693115,0.7659574747085571,0.8863739967346191,0.7659574747085571,0.7659574747085571,0.5732917785644531,0.7333333492279053,0.7811111211776733,0.7333333492279053,0.7333333492279053
0.5536813139915466,0.7595075368881226,0.8223487138748169,0.7595075368881226,0.7595075368881226,0.4386783838272095,0.8277043700218201,0.8975815176963806,0.8277043700218201,0.8277043700218201,0.5053014159202576,0.7446808218955994,0.8610230684280396,0.7446808218955994,0.7446808218955994,0.5727105736732483,0.7222222089767456,0.7848148345947266,0.7222222089767456,0.7222222089767456
