val_loss,val_accuracy,val_auc,val_precision,val_recall,test_loss,test_accuracy,test_auc,test_precision,test_recall,GJB2_notnan_loss,GJB2_notnan_accuracy,GJB2_notnan_auc,GJB2_notnan_precision,GJB2_notnan_recall,RYR1_notnan_loss,RYR1_notnan_accuracy,RYR1_notnan_auc,RYR1_notnan_precision,RYR1_notnan_recall
0.5151362478733063,0.7768202424049377,0.8430127501487732,0.7768202424049377,0.7768202424049377,0.446276980638504,0.8292706847190857,0.8955094575881958,0.8292706847190857,0.8292706847190857,0.4791412353515625,0.7744681000709533,0.8781349182128906,0.7744681000709533,0.7744681000709533,0.5836892366409302,0.7222222208976745,0.7782592535018921,0.7222222208976745,0.7222222208976745
0.03012910683774185,0.01938971597459804,0.01741186956796116,0.01938971597459804,0.01938971597459804,0.013839936866692742,0.009901477927467747,0.007482714574182432,0.009901477927467747,0.009901477927467747,0.017244207001320313,0.01903038682137021,0.009847539208058798,0.01903038682137021,0.01903038682137021,0.01191622533469424,0.017568208176018375,0.005174609900124948,0.017568208176018375,0.017568208176018375
0.0134741461981089,0.00867134459672296,0.00778682479386421,0.00867134459672296,0.00867134459672296,0.006189407927646083,0.004428075544706323,0.003346371688820062,0.004428075544706323,0.004428075544706323,0.0077118438146060045,0.008510647714139988,0.0044039534160627836,0.008510647714139988,0.008510647714139988,0.0053290979767163,0.007856741544888935,0.0023141558987445562,0.007856741544888935,0.007856741544888935
