R20000_val_loss,R20000_val_accuracy,R20000_val_auc,R20000_val_precision,R20000_val_recall,R20000_test_loss,R20000_test_accuracy,R20000_test_auc,R20000_test_precision,R20000_test_recall,val_loss,val_accuracy,val_auc,val_precision,val_recall,test_loss,test_accuracy,test_auc,test_precision,test_recall
0.46845488746960956,0.807965079943339,0.8784369428952535,0.807965079943339,0.807965079943339,0.42038025458653766,0.8298254211743673,0.9008955558141073,0.8298254211743673,0.8298254211743673,0.4231605331103007,0.790123462677002,0.8856881260871887,0.790123462677002,0.790123462677002,0.40305666128794354,0.8518518606821696,0.8847736716270447,0.8518518606821696,0.8518518606821696
0.028695044973161457,0.005596886552149128,0.005807509003008595,0.005596886552149128,0.005596886552149128,0.022165369091818436,0.01372569162495099,0.00919707019663066,0.01372569162495099,0.01372569162495099,0.14265989012633734,0.11315000824733747,0.08427378016060594,0.11315000824733747,0.11315000824733747,0.09588410583261842,0.06415002608631867,0.0723390801530652,0.06415002608631867,0.06415002608631867
0.016567091939663187,0.003231363957507096,0.0033529668862081878,0.003231363957507096,0.003231363957507096,0.012797181811848786,0.007924531754479247,0.005309930953780596,0.007924531754479247,0.007924531754479247,0.0823647259670033,0.06532718772040867,0.048655489661353184,0.06532718772040867,0.06532718772040867,0.05535871431346881,0.0370370348294576,0.04176498739930211,0.0370370348294576,0.0370370348294576
