R20000_val_loss,R20000_val_accuracy,R20000_val_auc,R20000_val_precision,R20000_val_recall,R20000_test_loss,R20000_test_accuracy,R20000_test_auc,R20000_test_precision,R20000_test_recall,val_loss,val_accuracy,val_auc,val_precision,val_recall,test_loss,test_accuracy,test_auc,test_precision,test_recall,knw_loss,knw_accuracy,knw_auc,knw_precision,knw_recall
0.4964810907840729,0.8030551075935364,0.8754252592722574,0.8030551075935364,0.8030551075935364,0.45211527744929,0.8201990524927775,0.8911148111025492,0.8201990524927775,0.8201990524927775,0.3860877454280853,0.8395061691602071,0.9122084776560465,0.8395061691602071,0.8395061691602071,0.1695148547490438,1.0,1.0,1.0,1.0,0.28258016705513,0.9111110965410868,0.9611317118008932,0.9111110965410868,0.9111110965410868
0.007194774374829843,0.0027277469635009766,0.0028987688803202806,0.0027277469635009766,0.0027277469635009766,0.013216282731433332,0.0007476828814939133,0.00614998161184703,0.0007476828814939133,0.0007476828814939133,0.06799953121213707,0.08553339105693003,0.0308870939121373,0.08553339105693003,0.08553339105693003,0.015152982315650342,0.0,0.0,0.0,0.0,0.02138003377384355,0.02939724630161666,0.009931277691037084,0.02939724630161666,0.02939724630161666
0.004153904922066631,0.0015748654436584732,0.0016736049933714242,0.0015748654436584732,0.0015748654436584732,0.007630424392679237,0.0004316749128989859,0.0035506935391111318,0.0004316749128989859,0.0004316749128989859,0.0392595476500957,0.04938272635142008,0.01783267198465772,0.04938272635142008,0.04938272635142008,0.008748578418966363,0.0,0.0,0.0,0.0,0.012343768254611866,0.01697250806567211,0.005733825848317186,0.01697250806567211,0.01697250806567211
