R20000_val_loss,R20000_val_accuracy,R20000_val_auc,R20000_val_precision,R20000_val_recall,R20000_test_loss,R20000_test_accuracy,R20000_test_auc,R20000_test_precision,R20000_test_recall,val_loss,val_accuracy,val_auc,val_precision,val_recall,test_loss,test_accuracy,test_auc,test_precision,test_recall
0.4416258931159973,0.8177850246429443,0.8852530717849731,0.8177850246429443,0.8177850246429443,0.39333388209342957,0.8438570499420166,0.915522575378418,0.8438570499420166,0.8438570499420166,0.5539344151814779,0.7407407363255819,0.8020118872324625,0.7407407363255819,0.7407407363255819,0.5984690189361572,0.7777777910232544,0.7160493731498718,0.7777777910232544,0.7777777910232544
0.0,0.0,0.0,0.0,0.0,0.0,0.0,0.0,0.0,0.0,0.0340524699466818,0.07407405972480974,0.035805688672677666,0.07407405972480974,0.07407405972480974,0.0,0.0,0.0,0.0,0.0
0.0,0.0,0.0,0.0,0.0,0.0,0.0,0.0,0.0,0.0,0.019660202690288377,0.04276667832208732,0.020672423993690386,0.04276667832208732,0.04276667832208732,0.0,0.0,0.0,0.0,0.0
