R20000_val_loss,R20000_val_accuracy,R20000_val_auc,R20000_val_precision,R20000_val_recall,R20000_test_loss,R20000_test_accuracy,R20000_test_auc,R20000_test_precision,R20000_test_recall,val_loss,val_accuracy,val_auc,val_precision,val_recall,test_loss,test_accuracy,test_auc,test_precision,test_recall,knw_loss,knw_accuracy,knw_auc,knw_precision,knw_recall
0.5700564384460449,0.7759890953699747,0.8490253488222758,0.7759890953699747,0.7759890953699747,0.43740807970364887,0.8252569635709127,0.8989570339520773,0.8252569635709127,0.8252569635709127,0.3820880750815074,0.8518518805503845,0.9195244312286377,0.8518518805503845,0.8518518805503845,0.20643486082553864,0.9259259303410848,0.991769552230835,0.9259259303410848,0.9259259303410848,0.2795930604139964,0.91481480995814,0.9619341890017191,0.91481480995814,0.91481480995814
0.02446150261860097,0.0012503566745684256,0.0024458658738077603,0.0012503566745684256,0.0012503566745684256,0.008606588947587797,0.006363187844936802,0.004317636685459511,0.006363187844936802,0.006363187844936802,0.050868471880664214,0.0,0.01892475003291907,0.0,0.0,0.04086619497334527,0.06415002608631867,0.007127776852617885,0.06415002608631867,0.06415002608631867,0.02207413170987867,0.006414985402253014,0.005499481934664866,0.006414985402253014,0.006414985402253014
0.014122855121632005,0.0007218937626451259,0.0014121213206446297,0.0007218937626451259,0.0007218937626451259,0.004969016445694273,0.0036737882151784175,0.0024927887026130525,0.0036737882151784175,0.0036737882151784175,0.029368925933566395,0.0,0.010926209525852205,0.0,0.0,0.023594108668616623,0.0370370348294576,0.0041152238845825195,0.0370370348294576,0.0370370348294576,0.012744505884825705,0.0037036935488382974,0.0031751273753822446,0.0037036935488382974,0.0037036935488382974
