R20000_val_loss,R20000_val_accuracy,R20000_val_auc,R20000_val_precision,R20000_val_recall,R20000_test_loss,R20000_test_accuracy,R20000_test_auc,R20000_test_precision,R20000_test_recall,val_loss,val_accuracy,val_auc,val_precision,val_recall,test_loss,test_accuracy,test_auc,test_precision,test_recall,knw_loss,knw_accuracy,knw_auc,knw_precision,knw_recall
0.49104467034339905,0.7776262164115906,0.855137050151825,0.7776262164115906,0.7776262164115906,0.39441215991973877,0.840430736541748,0.9134445190429688,0.840430736541748,0.840430736541748,0.5476539134979248,0.7160493930180868,0.8102423548698425,0.7160493930180868,0.7160493930180868,0.5940024852752686,0.7777777910232544,0.7283951044082642,0.7777777910232544,0.7777777910232544,0.5522887706756592,0.7222222089767456,0.8106172680854797,0.7222222089767456,0.7222222089767456
0.0,0.0,0.0,0.0,0.0,0.0,0.0,0.0,0.0,0.0,0.05024809000434313,0.05657500737536953,0.05293811124146688,0.05657500737536953,0.05657500737536953,0.0,0.0,0.0,0.0,0.0,0.0,0.0,0.0,0.0,0.0
0.0,0.0,0.0,0.0,0.0,0.0,0.0,0.0,0.0,0.0,0.029010748290272052,0.032663595737574665,0.030563832775651258,0.032663595737574665,0.032663595737574665,0.0,0.0,0.0,0.0,0.0,0.0,0.0,0.0,0.0,0.0
