val_loss,val_accuracy,val_auc,val_precision,val_recall,test_loss,test_accuracy,test_auc,test_precision,test_recall,GJB2_notnan_loss,GJB2_notnan_accuracy,GJB2_notnan_auc,GJB2_notnan_precision,GJB2_notnan_recall,RYR1_notnan_loss,RYR1_notnan_accuracy,RYR1_notnan_auc,RYR1_notnan_precision,RYR1_notnan_recall
0.5100671648979187,0.7733842134475708,0.8475363850593567,0.7733842134475708,0.7733842134475708,0.43197691440582275,0.8184043169021606,0.8998860120773315,0.8184043169021606,0.8184043169021606,0.4062950015068054,0.8723404407501221,0.9216839671134949,0.8723404407501221,0.8723404407501221,0.577757716178894,0.7222222089767456,0.7911111116409302,0.7222222089767456,0.7222222089767456
0.44837239384651184,0.81723952293396,0.8871549367904663,0.81723952293396,0.81723952293396,0.4038989543914795,0.8438570499420166,0.9155232906341553,0.8438570499420166,0.8438570499420166,0.44034430384635925,0.8510638475418091,0.9153463244438171,0.8510638475418091,0.8510638475418091,0.5681057572364807,0.7333333492279053,0.8031481504440308,0.7333333492279053,0.7333333492279053
0.5295761823654175,0.768622100353241,0.8372846841812134,0.768622100353241,0.768622100353241,0.4038906693458557,0.8379833698272705,0.9131791591644287,0.8379833698272705,0.8379833698272705,0.4525681734085083,0.8085106611251831,0.888184666633606,0.8085106611251831,0.8085106611251831,0.6145666837692261,0.6777777671813965,0.7437654733657837,0.6777777671813965,0.6777777671813965
0.5024745464324951,0.7776262164115906,0.8534969091415405,0.7776262164115906,0.7776262164115906,0.40472927689552307,0.8389623165130615,0.9123976230621338,0.8389623165130615,0.8389623165130615,0.45447203516960144,0.8085106611251831,0.8895427584648132,0.8085106611251831,0.8085106611251831,0.5533309578895569,0.800000011920929,0.8236419558525085,0.800000011920929,0.800000011920929
0.5420166254043579,0.7532147765159607,0.8289833068847656,0.7532147765159607,0.7532147765159607,0.40735292434692383,0.8370044231414795,0.9118245840072632,0.8370044231414795,0.8370044231414795,0.4595140218734741,0.8085106611251831,0.8949750661849976,0.8085106611251831,0.8085106611251831,0.5765301585197449,0.7111111283302307,0.8032099008560181,0.7111111283302307,0.7111111283302307
