val_loss,val_accuracy,val_auc,val_precision,val_recall,test_loss,test_accuracy,test_auc,test_precision,test_recall,GJB2_notnan_loss,GJB2_notnan_accuracy,GJB2_notnan_auc,GJB2_notnan_precision,GJB2_notnan_recall,RYR1_notnan_loss,RYR1_notnan_accuracy,RYR1_notnan_auc,RYR1_notnan_precision,RYR1_notnan_recall
0.5065013825893402,0.7780173659324646,0.8508912444114685,0.7780173659324646,0.7780173659324646,0.410369747877121,0.8352422952651978,0.9105621337890625,0.8352422952651978,0.8352422952651978,0.4426387071609497,0.8297872543334961,0.9019465565681457,0.8297872543334961,0.8297872543334961,0.5780582547187805,0.7288888931274414,0.7929753184318542,0.7288888931274414,0.7288888931274414
0.03606136576062336,0.023787791810158238,0.02235059374429488,0.023787791810158238,0.023787791810158238,0.012161778338855019,0.009774822964990817,0.006131971038858741,0.009774822964990817,0.009774822964990817,0.021503066209343103,0.03008964667629151,0.015499714951237687,0.03008964667629151,0.03008964667629151,0.022615161992315013,0.04485918300725337,0.029890466530404124,0.04485918300725337,0.04485918300725337
0.01612713304044745,0.010638223904425318,0.00999548938994498,0.010638223904425318,0.010638223904425318,0.005438912618592858,0.004371433723549103,0.0027423008157896295,0.004371433723549103,0.004371433723549103,0.00961646355375398,0.013456499077427684,0.006931683252567461,0.013456499077427684,0.013456499077427684,0.01011380790739719,0.020061636523864394,0.013367423008233181,0.020061636523864394,0.020061636523864394
