SAV_coords,0,1,2,3,4
P21817 160 E G,0.52212125,0.60744125,0.5415667,0.45774695,0.53442264
P21817 177 R C,0.72206146,0.78510904,0.73523825,0.7153421,0.7130072
P21817 214 T M,0.248689,0.34587082,0.19435799,0.29646537,0.2807142
P21817 401 R H,0.38016713,0.3515278,0.15649474,0.2272644,0.21493313
P21817 522 Y C,0.7563571,0.7615198,0.74003005,0.7396122,0.7213257
P21817 539 F V,0.7731384,0.75685495,0.8247865,0.81048995,0.8107404
P21817 1056 D H,0.8106643,0.7604508,0.78473186,0.79620063,0.6867225
P21817 1588 P L,0.7238668,0.6003946,0.3878693,0.59143186,0.44009033
P21817 1675 L P,0.88888603,0.88526106,0.8617504,0.8247147,0.8258133
P21817 1728 S F,0.41490984,0.4441737,0.3003469,0.36908057,0.31136575
P21817 2163 R L,0.6067892,0.65324557,0.32044032,0.54548264,0.489834
P21817 2204 H Q,0.72146326,0.627582,0.30292696,0.3645341,0.48550487
P21817 2237 C Y,0.8552353,0.8467897,0.6527976,0.8226718,0.7818485
P21817 2362 E K,0.325441,0.3357833,0.14132065,0.21332984,0.24688596
P21817 2363 C W,0.79426163,0.7812858,0.3284597,0.5591249,0.5926599
P21817 2364 F V,0.36345997,0.3825021,0.17510018,0.20438808,0.25942704
P21817 2431 D Y,0.8405646,0.8636849,0.7359898,0.8622619,0.761496
P21817 2627 V M,0.7761844,0.762626,0.7097841,0.70502996,0.7065257
P21817 2676 R W,0.8807034,0.8544585,0.76055634,0.8294543,0.80294853
P21817 3051 R H,0.7282465,0.66355747,0.5809777,0.568717,0.55567753
P21817 3418 N D,0.5378797,0.53379756,0.5502276,0.4928892,0.5630576
P21817 3903 R Q,0.51906455,0.4413476,0.14592609,0.22698657,0.28564492
P21817 3772 R Q,0.5572175,0.6016348,0.16942973,0.26969206,0.28467542
P21817 3986 D E,0.47945523,0.47984365,0.22181617,0.30243862,0.32104057
P21817 4050 S Y,0.7716846,0.79327774,0.5395798,0.6748388,0.6428377
P21817 4234 V L,0.45313725,0.5120963,0.21221612,0.29441702,0.3321924
P21817 4737 R Q,0.6420269,0.5375241,0.22639886,0.3246623,0.50770885
P21817 4824 L P,0.89165556,0.91224307,0.8731655,0.881052,0.9149985
P21817 4893 R Q,0.80868316,0.74095404,0.46585938,0.6696508,0.7486951
P21817 4973 P L,0.69537723,0.74932474,0.5855524,0.61797327,0.6550203
