val_loss,val_accuracy,val_auc,val_precision,val_recall,test_loss,test_accuracy,test_auc,test_precision,test_recall,GJB2_notnan_loss,GJB2_notnan_accuracy,GJB2_notnan_auc,GJB2_notnan_precision,GJB2_notnan_recall,RYR1_notnan_loss,RYR1_notnan_accuracy,RYR1_notnan_auc,RYR1_notnan_precision,RYR1_notnan_recall
0.4896305203437805,0.7823834419250488,0.8556936979293823,0.7823834419250488,0.7823834419250488,0.43626201152801514,0.8208516836166382,0.8906024694442749,0.8208516836166382,0.8208516836166382,0.40083181858062744,0.8085106611251831,0.9171570539474487,0.8085106611251831,0.8085106611251831,0.5997056365013123,0.6666666865348816,0.7645678520202637,0.6666666865348816,0.6666666865348816
0.46211645007133484,0.7945989966392517,0.873138427734375,0.7945989966392517,0.7945989966392517,0.41107621788978577,0.836514949798584,0.9043660163879395,0.836514949798584,0.836514949798584,0.3762114942073822,0.8297872543334961,0.9275690317153931,0.8297872543334961,0.8297872543334961,0.6179253458976746,0.6666666865348816,0.764320969581604,0.6666666865348816,0.6666666865348816
0.5227563381195068,0.7727148532867432,0.8367221355438232,0.7727148532867432,0.7727148532867432,0.42060354351997375,0.8330885767936707,0.8973097801208496,0.8330885767936707,0.8330885767936707,0.4520344138145447,0.8085106611251831,0.8859212398529053,0.8085106611251831,0.8085106611251831,0.5779871344566345,0.6777777671813965,0.7743209600448608,0.6777777671813965,0.6777777671813965
0.5130591988563538,0.7639836072921753,0.8411676287651062,0.7639836072921753,0.7639836072921753,0.41598454117774963,0.837493896484375,0.9005735516548157,0.837493896484375,0.837493896484375,0.39017486572265625,0.8510638475418091,0.9157990217208862,0.8510638475418091,0.8510638475418091,0.5972133278846741,0.6666666865348816,0.7645061612129211,0.6666666865348816,0.6666666865348816
0.5331884026527405,0.7502052187919617,0.826625406742096,0.7502052187919617,0.7502052187919617,0.41604042053222656,0.8423886299133301,0.900421142578125,0.8423886299133301,0.8423886299133301,0.4013218283653259,0.8297872543334961,0.9162516593933105,0.8297872543334961,0.8297872543334961,0.5533585548400879,0.699999988079071,0.8042593002319336,0.699999988079071,0.699999988079071
