val_loss,val_accuracy,val_auc,val_precision,val_recall,test_loss,test_accuracy,test_auc,test_precision,test_recall,GJB2_notnan_loss,GJB2_notnan_accuracy,GJB2_notnan_auc,GJB2_notnan_precision,GJB2_notnan_recall,RYR1_notnan_loss,RYR1_notnan_accuracy,RYR1_notnan_auc,RYR1_notnan_precision,RYR1_notnan_recall
0.5041501820087433,0.7727772235870362,0.8466694593429566,0.7727772235870362,0.7727772235870362,0.41999334692955015,0.8340675473213196,0.8986545920372009,0.8340675473213196,0.8340675473213196,0.4041148841381073,0.8255319356918335,0.9125396013259888,0.8255319356918335,0.8255319356918335,0.5892379999160766,0.6755555629730224,0.7743950486183167,0.6755555629730224,0.6755555629730224
0.028488739354477745,0.016994824123570965,0.018117854487417134,0.016994824123570965,0.016994824123570965,0.009698622694311399,0.008102275910672738,0.0051494823109647266,0.008102275910672738,0.008102275910672738,0.028669601878404,0.017801275038221875,0.0156536338469615,0.017801275038221875,0.017801275038221875,0.024546168967389387,0.014487101878106446,0.017231729230473693,0.014487101878106446,0.014487101878106446
0.012740551557977143,0.007600316401191592,0.008102550848062863,0.007600316401191592,0.007600316401191592,0.00433735592652049,0.0036234479417446507,0.002302918499249968,0.0036234479417446507,0.0036234479417446507,0.0128214357375934,0.007960972214326855,0.0070005178753394905,0.007960972214326855,0.007960972214326855,0.010977380479655697,0.006478828919282176,0.007706263585841863,0.006478828919282176,0.006478828919282176
