SAV_coords,0,1,2,3,4
P21817 160 E G,0.8257599,0.881361,0.77728456,0.8111574,0.77458763
P21817 177 R C,0.8639637,0.9364106,0.7021879,0.9092794,0.8257906
P21817 214 T M,0.47120363,0.61548567,0.41938153,0.52702045,0.4294133
P21817 401 R H,0.69384867,0.69930476,0.6137904,0.689555,0.54409724
P21817 522 Y C,0.7971916,0.89815784,0.69634163,0.86767155,0.7454376
P21817 539 F V,0.83173096,0.9148527,0.8126188,0.86562276,0.7567238
P21817 1056 D H,0.8344582,0.8600345,0.6602298,0.7773693,0.74528915
P21817 1588 P L,0.8188908,0.8598179,0.7590643,0.8501228,0.75403565
P21817 1675 L P,0.8545788,0.9077908,0.84730995,0.90724474,0.82556695
P21817 1728 S F,0.5132598,0.61426294,0.43933216,0.51219213,0.5056437
P21817 2163 R L,0.812036,0.85873026,0.76486015,0.8208204,0.82439935
P21817 2204 H Q,0.76636016,0.8038121,0.75557244,0.7833408,0.7635428
P21817 2237 C Y,0.84398234,0.8695927,0.749153,0.86173135,0.83199626
P21817 2362 E K,0.274568,0.25323924,0.30874628,0.31370103,0.32294878
P21817 2363 C W,0.73589736,0.814305,0.69937724,0.7709235,0.81364393
P21817 2364 F V,0.36957598,0.3716989,0.4818287,0.42086306,0.40803146
P21817 2431 D Y,0.8552299,0.91457516,0.8586323,0.87889093,0.89720374
P21817 2627 V M,0.81125605,0.8674417,0.7932229,0.8402107,0.75779575
P21817 2676 R W,0.8594415,0.90548867,0.85053223,0.8990671,0.90646064
P21817 3051 R H,0.7862628,0.795555,0.64312935,0.7985919,0.7861175
P21817 3418 N D,0.5730749,0.6536164,0.531425,0.64129764,0.51774454
P21817 3903 R Q,0.62277555,0.6311789,0.64686495,0.6050867,0.6055428
P21817 3772 R Q,0.76679397,0.8082685,0.787839,0.770065,0.78229886
P21817 3986 D E,0.59536535,0.6029756,0.5129901,0.54176,0.52564514
P21817 4050 S Y,0.7213413,0.7868948,0.62237525,0.6981761,0.624837
P21817 4234 V L,0.50341946,0.53949195,0.4633466,0.5067464,0.42077747
P21817 4737 R Q,0.7324877,0.72872823,0.690605,0.692987,0.7091376
P21817 4824 L P,0.7652771,0.85833776,0.6148557,0.7878129,0.75630826
P21817 4893 R Q,0.82139844,0.8558179,0.8501257,0.7960621,0.79531324
P21817 4973 P L,0.8542911,0.885681,0.68697304,0.7970528,0.78051734
