val_loss,val_accuracy,val_auc,val_precision,val_recall,test_loss,test_accuracy,test_auc,test_precision,test_recall,GJB2_notnan_loss,GJB2_notnan_accuracy,GJB2_notnan_auc,GJB2_notnan_precision,GJB2_notnan_recall,RYR1_notnan_loss,RYR1_notnan_accuracy,RYR1_notnan_auc,RYR1_notnan_precision,RYR1_notnan_recall
0.5363839864730835,0.7534769773483276,0.8318924903869629,0.7534769773483276,0.7534769773483276,0.4685688316822052,0.8130200505256653,0.8901447057723999,0.8130200505256653,0.8130200505256653,0.3718854486942291,0.8723404407501221,0.931190550327301,0.8723404407501221,0.8723404407501221,0.5809348821640015,0.7555555701255798,0.7983332872390747,0.7555555701255798,0.7555555701255798
0.5105422735214233,0.7815057039260864,0.8536292910575867,0.7815057039260864,0.7815057039260864,0.44901058077812195,0.8296622633934021,0.8991645574569702,0.8296622633934021,0.8296622633934021,0.4345930516719818,0.8297872543334961,0.9126301407814026,0.8297872543334961,0.8297872543334961,0.5952459573745728,0.7222222089767456,0.784691333770752,0.7222222089767456,0.7222222089767456
0.5599462985992432,0.7552523612976074,0.8196787238121033,0.7552523612976074,0.7552523612976074,0.47474029660224915,0.8223201036453247,0.8928723931312561,0.8223201036453247,0.8223201036453247,0.4029795527458191,0.8297872543334961,0.9345857501029968,0.8297872543334961,0.8297872543334961,0.6166713833808899,0.6777777671813965,0.7603703737258911,0.6777777671813965,0.6777777671813965
0.5377914309501648,0.7579808831214905,0.834736704826355,0.7579808831214905,0.7579808831214905,0.4378455877304077,0.8188937902450562,0.8966139554977417,0.8188937902450562,0.8188937902450562,0.423734188079834,0.8085106611251831,0.913535475730896,0.8085106611251831,0.8085106611251831,0.6072668433189392,0.7222222089767456,0.759876549243927,0.7222222089767456,0.7222222089767456
0.5334895253181458,0.7616962790489197,0.8382619619369507,0.7616962790489197,0.7616962790489197,0.4485013484954834,0.8286833167076111,0.8956334590911865,0.8286833167076111,0.8286833167076111,0.41708052158355713,0.8510638475418091,0.9153463244438171,0.8510638475418091,0.8510638475418091,0.6114712357521057,0.7222222089767456,0.7666666507720947,0.7222222089767456,0.7222222089767456
