val_loss,val_accuracy,val_auc,val_precision,val_recall,test_loss,test_accuracy,test_auc,test_precision,test_recall,GJB2_notnan_loss,GJB2_notnan_accuracy,GJB2_notnan_auc,GJB2_notnan_precision,GJB2_notnan_recall,RYR1_notnan_loss,RYR1_notnan_accuracy,RYR1_notnan_auc,RYR1_notnan_precision,RYR1_notnan_recall
0.5356307029724121,0.7619824409484863,0.8356398344039917,0.7619824409484863,0.7619824409484863,0.4557333290576935,0.8225159049034119,0.8948858141899109,0.8225159049034119,0.8225159049034119,0.4100545525550842,0.8382978916168213,0.9214576482772827,0.8382978916168213,0.8382978916168213,0.6023180603981018,0.7199999928474426,0.773987638950348,0.7199999928474426,0.7199999928474426
0.017539229645128107,0.011345583216927246,0.012248585479894512,0.011345583216927246,0.011345583216927246,0.015358085166600305,0.006936077982627216,0.003477968610039064,0.006936077982627216,0.006936077982627216,0.02421554624425642,0.024259048705949693,0.010548820139043945,0.024259048705949693,0.024259048705949693,0.014331293597174511,0.02766645147715964,0.016922095808503682,0.02766645147715964,0.02766645147715964
0.007843781951897192,0.005073899063486013,0.005477733952252203,0.005073899063486013,0.005073899063486013,0.006868344487349892,0.003101908373278812,0.001555394847131561,0.003101908373278812,0.003101908373278812,0.010829521502889416,0.010848976395196363,0.0047175757826642085,0.010848976395196363,0.010848976395196363,0.006409149337757939,0.012372813239825685,0.007567791309915699,0.012372813239825685,0.012372813239825685
