SAV_coords,0,1,2,3,4
P21817 160 E G,0.67264444,0.7029901,0.76608026,0.7534233,0.720213
P21817 177 R C,0.8316423,0.88032925,0.8808087,0.82555217,0.86282235
P21817 214 T M,0.67779195,0.6636565,0.7268712,0.7184599,0.68038774
P21817 401 R H,0.6119293,0.6172823,0.7020467,0.6796125,0.669777
P21817 522 Y C,0.8070339,0.86603475,0.87082875,0.81023157,0.8470222
P21817 539 F V,0.7860098,0.80086464,0.8571025,0.8606064,0.84326315
P21817 1056 D H,0.59180987,0.6555794,0.627879,0.56169635,0.60624784
P21817 1588 P L,0.7964593,0.7948733,0.8243818,0.841746,0.8253401
P21817 1675 L P,0.8500983,0.8917348,0.9050125,0.8856482,0.89723474
P21817 1728 S F,0.5536315,0.6101726,0.64544725,0.5890257,0.59562945
P21817 2163 R L,0.68054473,0.68292874,0.7461577,0.76987356,0.735329
P21817 2204 H Q,0.66493,0.69115967,0.75281197,0.7060539,0.71698684
P21817 2237 C Y,0.7295272,0.76787436,0.8079304,0.7929251,0.78591245
P21817 2362 E K,0.28237754,0.28647497,0.35218573,0.37680185,0.3199346
P21817 2363 C W,0.68574125,0.742244,0.7522938,0.6450882,0.6751399
P21817 2364 F V,0.6469636,0.517328,0.67040086,0.7358184,0.59987265
P21817 2431 D Y,0.82939386,0.85846806,0.8701868,0.8663678,0.86742413
P21817 2627 V M,0.7248217,0.73639345,0.7787327,0.74969345,0.7610511
P21817 2676 R W,0.81004107,0.8440817,0.82308555,0.7495454,0.80498666
P21817 3051 R H,0.6461312,0.59627944,0.6079183,0.6208031,0.5989266
P21817 3418 N D,0.443286,0.43722022,0.46478358,0.50134754,0.4426127
P21817 3903 R Q,0.5908625,0.647997,0.7136371,0.6910117,0.67023367
P21817 3772 R Q,0.57500833,0.5957826,0.7008125,0.68596876,0.6575364
P21817 3986 D E,0.5518729,0.5002383,0.6587397,0.6734898,0.6135468
P21817 4050 S Y,0.7187922,0.7614933,0.8171103,0.8033446,0.78705615
P21817 4234 V L,0.4593476,0.49580434,0.6192206,0.560985,0.54706067
P21817 4737 R Q,0.48457363,0.6124937,0.7225991,0.72233576,0.6834648
P21817 4824 L P,0.89637923,0.83448076,0.8935045,0.8781306,0.8917398
P21817 4893 R Q,0.71595764,0.72623724,0.72575104,0.76632553,0.7095578
P21817 4973 P L,0.6256646,0.66829145,0.7572546,0.8203961,0.73762906
