R20000_val_loss,R20000_val_accuracy,R20000_val_auc,R20000_val_precision,R20000_val_recall,R20000_test_loss,R20000_test_accuracy,R20000_test_auc,R20000_test_precision,R20000_test_recall,val_loss,val_accuracy,val_auc,val_precision,val_recall,test_loss,test_accuracy,test_auc,test_precision,test_recall
0.47253235181172687,0.8058737913767496,0.8786823352177938,0.8058737913767496,0.8058737913767496,0.4169437090555827,0.8311307032903036,0.9035754799842834,0.8311307032903036,0.8311307032903036,0.3561288118362427,0.8571428457895914,0.923469344774882,0.8571428457895914,0.8571428457895914,0.24806596835454306,0.8666666746139526,0.9733333388964335,0.8666666746139526,0.8666666746139526
0.026381603062247246,0.0067278824986055225,0.00478429251133835,0.0067278824986055225,0.0067278824986055225,0.019049113787767854,0.008534327720174472,0.004996698965904944,0.008534327720174472,0.008534327720174472,0.14483450663132716,0.12371789024580716,0.06749365750367933,0.12371789024580716,0.12371789024580716,0.024234009213869447,0.1154700469553736,0.023094005949818183,0.1154700469553736,0.1154700469553736
0.015231425629642303,0.0038843447716460705,0.0027622125693031073,0.0038843447716460705,0.0038843447716460705,0.010998010973191582,0.004927296406595217,0.002884845493024744,0.004927296406595217,0.004927296406595217,0.08362024139154338,0.07142855723698935,0.03896748132834167,0.07142855723698935,0.07142855723698935,0.013991511743171398,0.06666666269302368,0.013333330551794347,0.06666666269302368,0.06666666269302368
