R20000_val_loss,R20000_val_accuracy,R20000_val_auc,R20000_val_precision,R20000_val_recall,R20000_test_loss,R20000_test_accuracy,R20000_test_auc,R20000_test_precision,R20000_test_recall,val_loss,val_accuracy,val_auc,val_precision,val_recall,test_loss,test_accuracy,test_auc,test_precision,test_recall
0.4416258931159973,0.8177850246429443,0.8852530717849731,0.8177850246429443,0.8177850246429443,0.39333388209342957,0.8438570499420166,0.915522575378418,0.8438570499420166,0.8438570499420166,0.42501120766003925,0.8571428656578064,0.9285714427630106,0.8571428656578064,0.8571428656578064,0.35447901487350464,0.800000011920929,0.9600000381469727,0.800000011920929,0.800000011920929
0.0,0.0,0.0,0.0,0.0,0.0,0.0,0.0,0.0,0.0,0.10945626585387036,0.1428571343421936,0.07142856717109888,0.1428571343421936,0.1428571343421936,0.0,0.0,0.0,0.0,0.0
0.0,0.0,0.0,0.0,0.0,0.0,0.0,0.0,0.0,0.0,0.0631946045552233,0.08247860496812401,0.04123930248406321,0.08247860496812401,0.08247860496812401,0.0,0.0,0.0,0.0,0.0
