val_loss,val_accuracy,val_auc,val_precision,val_recall,test_loss,test_accuracy,test_auc,test_precision,test_recall,GJB2_notnan_loss,GJB2_notnan_accuracy,GJB2_notnan_auc,GJB2_notnan_precision,GJB2_notnan_recall,RYR1_notnan_loss,RYR1_notnan_accuracy,RYR1_notnan_auc,RYR1_notnan_precision,RYR1_notnan_recall
0.5029290914535522,0.7913826107978821,0.8582143187522888,0.7913826107978821,0.7913826107978821,0.44162142276763916,0.8139989972114563,0.895503044128418,0.8139989972114563,0.8139989972114563,0.4601666331291199,0.8085106611251831,0.8818470239639282,0.8085106611251831,0.8085106611251831,0.6578620672225952,0.644444465637207,0.7270370721817017,0.644444465637207,0.644444465637207
0.4598689377307892,0.8060556650161743,0.8829038739204407,0.8060556650161743,0.8060556650161743,0.4073072075843811,0.8399412631988525,0.9149227738380432,0.8399412631988525,0.8399412631988525,0.4505067467689514,0.7872340679168701,0.9040290117263794,0.7872340679168701,0.7872340679168701,0.6453360319137573,0.6555555462837219,0.7389506101608276,0.6555555462837219,0.6555555462837219
0.5237175226211548,0.7658935785293579,0.8443948030471802,0.7658935785293579,0.7658935785293579,0.4151805341243744,0.8389623165130615,0.9089421033859253,0.8389623165130615,0.8389623165130615,0.45886537432670593,0.7872340679168701,0.8845632076263428,0.7872340679168701,0.7872340679168701,0.5848896503448486,0.7222222089767456,0.794938325881958,0.7222222089767456,0.7222222089767456
0.5111345052719116,0.7691677808761597,0.8519161939620972,0.7691677808761597,0.7691677808761597,0.41891640424728394,0.837493896484375,0.9078195095062256,0.837493896484375,0.837493896484375,0.4299171566963196,0.7872340679168701,0.9103667140007019,0.7872340679168701,0.7872340679168701,0.5970900654792786,0.7111111283302307,0.7790123224258423,0.7111111283302307,0.7111111283302307
0.5489510297775269,0.7482900023460388,0.8256199955940247,0.7482900023460388,0.7482900023460388,0.4189082682132721,0.8330885767936707,0.9081249833106995,0.8330885767936707,0.8330885767936707,0.46124061942100525,0.7872340679168701,0.8863738775253296,0.7872340679168701,0.7872340679168701,0.6037803292274475,0.6777777671813965,0.7645679116249084,0.6777777671813965,0.6777777671813965
