val_loss,val_accuracy,val_auc,val_precision,val_recall,test_loss,test_accuracy,test_auc,test_precision,test_recall,GJB2_notnan_loss,GJB2_notnan_accuracy,GJB2_notnan_auc,GJB2_notnan_precision,GJB2_notnan_recall,RYR1_notnan_loss,RYR1_notnan_accuracy,RYR1_notnan_auc,RYR1_notnan_precision,RYR1_notnan_recall
0.509320217370987,0.7761579275131225,0.8526098370552063,0.7761579275131225,0.7761579275131225,0.4203867673873901,0.8326970100402832,0.9070624828338623,0.8326970100402832,0.8326970100402832,0.4521393060684204,0.7914893865585327,0.8934359669685363,0.7914893865585327,0.7914893865585327,0.6177916288375854,0.6822222232818603,0.7609012484550476,0.6822222232818603,0.6822222232818603
0.032662864539113275,0.022674357499759264,0.020889939871134595,0.022674357499759264,0.022674357499759264,0.012781219289635583,0.010776274830038964,0.007082368387782052,0.010776274830038964,0.010776274830038964,0.013124414761035414,0.009515181748679638,0.012862400222365577,0.009515181748679638,0.009515181748679638,0.031905115593620144,0.0338843308746644,0.027966904615715996,0.0338843308746644,0.0338843308746644
0.014607277089864923,0.010140280943118777,0.00934226511954803,0.010140280943118777,0.010140280943118777,0.005715935033391347,0.004819296612837423,0.0031673314313552517,0.004819296612837423,0.004819296612837423,0.005869416714115369,0.004255318641662598,0.0057522402502035675,0.004255318641662598,0.004255318641662598,0.014268401459464638,0.0151535334415689,0.01250717996819872,0.0151535334415689,0.0151535334415689
