R20000_val_loss,R20000_val_accuracy,R20000_val_auc,R20000_val_precision,R20000_val_recall,R20000_test_loss,R20000_test_accuracy,R20000_test_auc,R20000_test_precision,R20000_test_recall,val_loss,val_accuracy,val_auc,val_precision,val_recall,test_loss,test_accuracy,test_auc,test_precision,test_recall
0.535961906115214,0.7708958784739176,0.8513494332631429,0.7708958784739176,0.7708958784739176,0.4387426475683848,0.8210148612658182,0.8922678430875143,0.8210148612658182,0.8210148612658182,0.3586215674877167,0.8571428457895914,0.9251700639724731,0.8571428457895914,0.8571428457895914,0.15972256660461426,1.0,1.0,1.0,1.0
0.025707801460186017,0.006979514430728871,0.006398214725057109,0.006979514430728871,0.006979514430728871,0.020529680604324446,0.012520767121447124,0.006921811112416666,0.012520767121447124,0.012520767121447124,0.1356794503737122,0.12371789024580716,0.05913379130809637,0.12371789024580716,0.12371789024580716,0.01379813346492722,0.0,0.0,0.0,0.0
0.014842406093311852,0.0040296245353941915,0.0036940109938447497,0.0040296245353941915,0.0040296245353941915,0.011852816623283758,0.007228868268028113,0.003996309509033505,0.007228868268028113,0.007228868268028113,0.07833456719676321,0.07142855723698935,0.03414091032993259,0.07142855723698935,0.07142855723698935,0.007966356070290115,0.0,0.0,0.0,0.0
