R20000_val_loss,R20000_val_accuracy,R20000_val_auc,R20000_val_precision,R20000_val_recall,R20000_test_loss,R20000_test_accuracy,R20000_test_auc,R20000_test_precision,R20000_test_recall,val_loss,val_accuracy,val_auc,val_precision,val_recall,test_loss,test_accuracy,test_auc,test_precision,test_recall
0.49104467034339905,0.7776262164115906,0.855137050151825,0.7776262164115906,0.7776262164115906,0.39441215991973877,0.840430736541748,0.9134445190429688,0.840430736541748,0.840430736541748,0.4530680576960246,0.8095238010088602,0.8945578535397848,0.8095238010088602,0.8095238010088602,0.30577048659324646,1.0,1.0,1.0,1.0
0.0,0.0,0.0,0.0,0.0,0.0,0.0,0.0,0.0,0.0,0.11686823948203237,0.10910892560779702,0.07641713755321025,0.10910892560779702,0.10910892560779702,0.0,0.0,0.0,0.0,0.0
0.0,0.0,0.0,0.0,0.0,0.0,0.0,0.0,0.0,0.0,0.06747390952466904,0.06299406757065246,0.0441194549370466,0.06299406757065246,0.06299406757065246,0.0,0.0,0.0,0.0,0.0
