val_loss,val_accuracy,val_auc,val_precision,val_recall,test_loss,test_accuracy,test_auc,test_precision,test_recall,GJB2_notnan_loss,GJB2_notnan_accuracy,GJB2_notnan_auc,GJB2_notnan_precision,GJB2_notnan_recall,RYR1_notnan_loss,RYR1_notnan_accuracy,RYR1_notnan_auc,RYR1_notnan_precision,RYR1_notnan_recall
0.49683664441108705,0.7779621601104736,0.8502001285552978,0.7779621601104736,0.7779621601104736,0.40369759798049926,0.8361233472824097,0.9092424631118774,0.8361233472824097,0.8361233472824097,0.4185370564460754,0.8468085289001465,0.9098687171936035,0.8468085289001465,0.8468085289001465,0.5583208203315735,0.7155555486679077,0.8056172728538513,0.7155555486679077,0.7155555486679077
0.03391084597811341,0.024274177366563548,0.021969357284684875,0.024274177366563548,0.024274177366563548,0.014222953903847898,0.009034778985920608,0.007303343674768685,0.009034778985920608,0.009034778985920608,0.016154219157854616,0.017801275038221875,0.012030948124767104,0.017801275038221875,0.017801275038221875,0.018515307030524248,0.009938075975650785,0.020475215309984234,0.009938075975650785,0.009938075975650785
0.015165391356317386,0.010855742137904583,0.009824995262107115,0.010855742137904583,0.010855742137904583,0.006360698353969981,0.0040404759948410186,0.003266154583965179,0.0040404759948410186,0.0040404759948410186,0.007224386432078465,0.007960972214326855,0.005380403568150573,0.007960972214326855,0.007960972214326855,0.008280297028906399,0.00444444268942254,0.009156794657413835,0.00444444268942254,0.00444444268942254
