val_loss,val_accuracy,val_auc,val_precision,val_recall,test_loss,test_accuracy,test_auc,test_precision,test_recall,GJB2_notnan_loss,GJB2_notnan_accuracy,GJB2_notnan_auc,GJB2_notnan_precision,GJB2_notnan_recall,RYR1_notnan_loss,RYR1_notnan_accuracy,RYR1_notnan_auc,RYR1_notnan_precision,RYR1_notnan_recall
0.5311892032623291,0.753749668598175,0.8313232660293579,0.753749668598175,0.753749668598175,0.44133248925209045,0.8154674768447876,0.8917499780654907,0.8154674768447876,0.8154674768447876,0.3597021996974945,0.8936170339584351,0.9384336471557617,0.8936170339584351,0.8936170339584351,0.5640935301780701,0.7666666507720947,0.8118518590927124,0.7666666507720947,0.7666666507720947
0.4965212345123291,0.7828696370124817,0.8577494621276855,0.7828696370124817,0.7828696370124817,0.43017634749412537,0.8345569968223572,0.9022338390350342,0.8345569968223572,0.8345569968223572,0.4188266396522522,0.8723404407501221,0.9176098108291626,0.8723404407501221,0.8723404407501221,0.5751803517341614,0.699999988079071,0.7949382662773132,0.699999988079071,0.699999988079071
0.5526443719863892,0.751432478427887,0.8189721703529358,0.751432478427887,0.751432478427887,0.4285196363925934,0.825746476650238,0.8990033268928528,0.825746476650238,0.825746476650238,0.39706701040267944,0.8297872543334961,0.9302851557731628,0.8297872543334961,0.8297872543334961,0.6044761538505554,0.6777777671813965,0.764938235282898,0.6777777671813965,0.6777777671813965
0.5320377945899963,0.75716233253479,0.8344521522521973,0.75716233253479,0.75716233253479,0.43253204226493835,0.8252570033073425,0.8971297144889832,0.8252570033073425,0.8252570033073425,0.42405229806900024,0.7872340679168701,0.9038025736808777,0.7872340679168701,0.7872340679168701,0.5946584939956665,0.7111111283302307,0.7677778005599976,0.7111111283302307,0.7111111283302307
0.5228100419044495,0.7608755230903625,0.838705837726593,0.7608755230903625,0.7608755230903625,0.4265501797199249,0.8335780501365662,0.899690568447113,0.8335780501365662,0.8335780501365662,0.41660019755363464,0.8297872543334961,0.914893627166748,0.8297872543334961,0.8297872543334961,0.5950180888175964,0.7111111283302307,0.7766667008399963,0.7111111283302307,0.7111111283302307
