val_loss,val_accuracy,val_auc,val_precision,val_recall,test_loss,test_accuracy,test_auc,test_precision,test_recall,GJB2_notnan_loss,GJB2_notnan_accuracy,GJB2_notnan_auc,GJB2_notnan_precision,GJB2_notnan_recall,RYR1_notnan_loss,RYR1_notnan_accuracy,RYR1_notnan_auc,RYR1_notnan_precision,RYR1_notnan_recall
0.5270405292510987,0.7612179279327392,0.836240577697754,0.7612179279327392,0.7612179279327392,0.4318221390247345,0.8269212007522583,0.8979614853858948,0.8269212007522583,0.8269212007522583,0.4032496690750122,0.8425532102584838,0.9210049629211425,0.8425532102584838,0.8425532102584838,0.58668532371521,0.7133333325386048,0.7832345724105835,0.7133333325386048,0.7133333325386048
0.020292026108020493,0.012618354891606018,0.01409153937895869,0.012618354891606018,0.012618354891606018,0.005752378472564922,0.007712916869602493,0.003924373634030962,0.007712916869602493,0.007712916869602493,0.02640187187269415,0.04147571567191717,0.013552478477431242,0.04147571567191717,0.04147571567191717,0.016524781170917893,0.032773066377856035,0.019828831486449202,0.032773066377856035,0.032773066377856035
0.009074869955746863,0.005643099860369609,0.00630192799179336,0.005643099860369609,0.005643099860369609,0.002572541859392315,0.0034493212850472106,0.0017550332429602227,0.0034493212850472106,0.0034493212850472106,0.011807276048116757,0.018548503931572032,0.006060852627827821,0.018548503931572032,0.018548503931572032,0.007390106802296196,0.01465656085039978,0.008867723023617723,0.01465656085039978,0.01465656085039978
