R20000_val_loss,R20000_val_accuracy,R20000_val_auc,R20000_val_precision,R20000_val_recall,R20000_test_loss,R20000_test_accuracy,R20000_test_auc,R20000_test_precision,R20000_test_recall,val_loss,val_accuracy,val_auc,val_precision,val_recall,test_loss,test_accuracy,test_auc,test_precision,test_recall
0.6399572292963663,0.7296609282493591,0.7897504568099976,0.7296609282493591,0.7296609282493591,0.478307843208313,0.7996410528818766,0.8742287357648214,0.7996410528818766,0.7996410528818766,0.3254649490118027,0.8571428656578064,0.9472789168357849,0.8571428656578064,0.8571428656578064,0.1857362762093544,1.0,1.0,1.0,1.0
0.09431614853803878,0.026822511602574158,0.03190365063254967,0.026822511602574158,0.026822511602574158,0.03528493770826003,0.014264982478948305,0.013617735698474426,0.014264982478948305,0.014264982478948305,0.07236255887282211,0.0,0.03472889091266942,0.0,0.0,0.10772065452912512,0.0,0.0,0.0,0.0
0.054453453747365425,0.01548598429408805,0.01841958128083433,0.01548598429408805,0.01548598429408805,0.020371768284203107,0.0082358914742061,0.007862203371267387,0.0082358914742061,0.0082358914742061,0.04177854284447399,0.0,0.020050734517086836,0.0,0.0,0.06219254888967307,0.0,0.0,0.0,0.0
