R20000_val_loss,R20000_val_accuracy,R20000_val_auc,R20000_val_precision,R20000_val_recall,R20000_test_loss,R20000_test_accuracy,R20000_test_auc,R20000_test_precision,R20000_test_recall,val_loss,val_accuracy,val_auc,val_precision,val_recall,test_loss,test_accuracy,test_auc,test_precision,test_recall
0.5073307156562805,0.7733842134475708,0.8425318002700806,0.7733842134475708,0.7733842134475708,0.4278004467487335,0.8208516836166382,0.89689040184021,0.8208516836166382,0.8208516836166382,0.40274761120478314,0.8571428656578064,0.9132653077443441,0.8571428656578064,0.8571428656578064,0.34748968482017517,1.0,1.0,1.0,1.0
0.0,0.0,0.0,0.0,0.0,0.0,0.0,0.0,0.0,0.0,0.02960646934535152,0.0,0.03345627577946199,0.0,0.0,0.0,0.0,0.0,0.0,0.0
0.0,0.0,0.0,0.0,0.0,0.0,0.0,0.0,0.0,0.0,0.017093303046293105,0.0,0.019315989827354735,0.0,0.0,0.0,0.0,0.0,0.0,0.0
