val_loss,val_accuracy,val_auc,val_precision,val_recall,test_loss,test_accuracy,test_auc,test_precision,test_recall,GJB2_notnan_loss,GJB2_notnan_accuracy,GJB2_notnan_auc,GJB2_notnan_precision,GJB2_notnan_recall,RYR1_notnan_loss,RYR1_notnan_accuracy,RYR1_notnan_auc,RYR1_notnan_precision,RYR1_notnan_recall
0.5179381370544434,0.7624761462211609,0.8370764255523682,0.7624761462211609,0.7624761462211609,0.44121885299682617,0.8159569501876831,0.8904699683189392,0.8159569501876831,0.8159569501876831,0.3502884805202484,0.914893627166748,0.9409235119819641,0.914893627166748,0.914893627166748,0.5567893385887146,0.7444444298744202,0.8145679235458374,0.7444444298744202,0.7444444298744202
0.49267059564590454,0.7825968265533447,0.8559884428977966,0.7825968265533447,0.7825968265533447,0.4563056528568268,0.8321096301078796,0.896655797958374,0.8321096301078796,0.8321096301078796,0.4213605523109436,0.8936170339584351,0.9169307351112366,0.8936170339584351,0.8936170339584351,0.5724053978919983,0.7111111283302307,0.7945679426193237,0.7111111283302307,0.7111111283302307
0.540553092956543,0.75416100025177,0.82222580909729,0.75416100025177,0.75416100025177,0.46044185757637024,0.8281938433647156,0.8969059586524963,0.8281938433647156,0.8281938433647156,0.3936477303504944,0.8723404407501221,0.9323223233222961,0.8723404407501221,0.8723404407501221,0.5974488854408264,0.6888889074325562,0.7652469277381897,0.6888889074325562,0.6888889074325562
0.5382245182991028,0.7527967095375061,0.828046441078186,0.7527967095375061,0.7527967095375061,0.4353494346141815,0.8301517367362976,0.8972323536872864,0.8301517367362976,0.8301517367362976,0.3927782475948334,0.8510638475418091,0.923494815826416,0.8510638475418091,0.8510638475418091,0.5826249122619629,0.7222222089767456,0.7797530889511108,0.7222222089767456,0.7222222089767456
0.517098069190979,0.7638850808143616,0.8393164873123169,0.7638850808143616,0.7638850808143616,0.4589335024356842,0.8325991034507751,0.8966829180717468,0.8325991034507751,0.8325991034507751,0.3921392261981964,0.8723404407501221,0.9284744262695312,0.8723404407501221,0.8723404407501221,0.5866075754165649,0.699999988079071,0.7775309085845947,0.699999988079071,0.699999988079071
