val_loss,val_accuracy,val_auc,val_precision,val_recall,test_loss,test_accuracy,test_auc,test_precision,test_recall,GJB2_notnan_loss,GJB2_notnan_accuracy,GJB2_notnan_auc,GJB2_notnan_precision,GJB2_notnan_recall,RYR1_notnan_loss,RYR1_notnan_accuracy,RYR1_notnan_auc,RYR1_notnan_precision,RYR1_notnan_recall
0.5212968826293946,0.7631831526756286,0.8365307211875915,0.7631831526756286,0.7631831526756286,0.45044986009597776,0.8278022527694702,0.8955893993377686,0.8278022527694702,0.8278022527694702,0.3900428473949432,0.8808510780334473,0.9284291625022888,0.8808510780334473,0.8808510780334473,0.5791752219200135,0.7133333325386048,0.7863333582878113,0.7133333325386048,0.7133333325386048
0.019401816913106093,0.011907568287539977,0.012877060409826635,0.011907568287539977,0.011907568287539977,0.011394481686874897,0.006847406212445238,0.0028711578944712697,0.006847406212445238,0.006847406212445238,0.025426761130141105,0.024259048705949693,0.009053026130586459,0.024259048705949693,0.024259048705949693,0.01539500982719519,0.021372638387413878,0.01891044468718093,0.021372638387413878,0.021372638387413878
0.00867675630094207,0.0053252264275320295,0.005758796485348731,0.0053252264275320295,0.0053252264275320295,0.005095767124045749,0.0030622531521163837,0.0012840208452345853,0.0030622531521163837,0.0030622531521163837,0.011371193266928977,0.010848976395196363,0.004048636366014642,0.010848976395196363,0.010848976395196363,0.0068848576975771465,0.009558134458555783,0.00845700796105726,0.009558134458555783,0.009558134458555783
