val_loss,val_accuracy,val_auc,val_precision,val_recall,test_loss,test_accuracy,test_auc,test_precision,test_recall,GJB2_notnan_loss,GJB2_notnan_accuracy,GJB2_notnan_auc,GJB2_notnan_precision,GJB2_notnan_recall,RYR1_notnan_loss,RYR1_notnan_accuracy,RYR1_notnan_auc,RYR1_notnan_precision,RYR1_notnan_recall
0.5433405637741089,0.7785655856132507,0.820930004119873,0.7785655856132507,0.7785655856132507,0.473966509103775,0.8213411569595337,0.8741415739059448,0.8213411569595337,0.8213411569595337,0.4168742895126343,0.8297872543334961,0.910819411277771,0.8297872543334961,0.8297872543334961,0.61661297082901,0.6666666865348816,0.7732098698616028,0.6666666865348816,0.6666666865348816
0.475551962852478,0.8025095462799072,0.8649003505706787,0.8025095462799072,0.8025095462799072,0.4252023994922638,0.8340675234794617,0.9024704694747925,0.8340675234794617,0.8340675234794617,0.5186136960983276,0.7234042286872864,0.8483476638793945,0.7234042286872864,0.7234042286872864,0.6202307939529419,0.6888889074325562,0.7509876489639282,0.6888889074325562,0.6888889074325562
0.5111121535301208,0.7680764198303223,0.8407260179519653,0.7680764198303223,0.7680764198303223,0.45187076926231384,0.838472843170166,0.8925741910934448,0.838472843170166,0.838472843170166,0.4616546332836151,0.7659574747085571,0.8875056505203247,0.7659574747085571,0.7659574747085571,0.6177435517311096,0.6777777671813965,0.7511110901832581,0.6777777671813965,0.6777777671813965
0.5064558982849121,0.7732605934143066,0.8477558493614197,0.7732605934143066,0.7732605934143066,0.43900907039642334,0.8409202098846436,0.8941817283630371,0.8409202098846436,0.8409202098846436,0.41842764616012573,0.7872340679168701,0.9167043566703796,0.7872340679168701,0.7872340679168701,0.6220580339431763,0.6888889074325562,0.7496296167373657,0.6888889074325562,0.6888889074325562
0.5491003394126892,0.7507523894309998,0.8166517615318298,0.7507523894309998,0.7507523894309998,0.4626446068286896,0.836514949798584,0.8874076008796692,0.836514949798584,0.836514949798584,0.4700985252857208,0.7872340679168701,0.8822997212409973,0.7872340679168701,0.7872340679168701,0.6475207209587097,0.6333333253860474,0.7384567856788635,0.6333333253860474,0.6333333253860474
