val_loss,val_accuracy,val_auc,val_precision,val_recall,test_loss,test_accuracy,test_auc,test_precision,test_recall,GJB2_notnan_loss,GJB2_notnan_accuracy,GJB2_notnan_auc,GJB2_notnan_precision,GJB2_notnan_recall,RYR1_notnan_loss,RYR1_notnan_accuracy,RYR1_notnan_auc,RYR1_notnan_precision,RYR1_notnan_recall
0.5171121835708619,0.7746329069137573,0.8381927967071533,0.7746329069137573,0.7746329069137573,0.4505386710166931,0.8342633366584777,0.8901551127433777,0.8342633366584777,0.8342633366584777,0.4571337580680847,0.778723418712616,0.8891353607177734,0.778723418712616,0.778723418712616,0.6248332142829895,0.6711111187934875,0.7526790022850036,0.6711111187934875,0.6711111187934875
0.029949869636582888,0.01875981654070838,0.01983168439424984,0.01875981654070838,0.01875981654070838,0.0191836526128187,0.007650567608464852,0.0104608297038696,0.007650567608464852,0.007650567608464852,0.04209303442769108,0.03865087230401566,0.027125936492068715,0.03865087230401566,0.03865087230401566,0.012859262960177689,0.023040499079638937,0.012633346204326407,0.023040499079638937,0.023040499079638937
0.01339398888493125,0.008389645006089777,0.008868998882772875,0.008389645006089777,0.008389645006089777,0.008579190259800813,0.0034214378477970806,0.0046782252637802835,0.0034214378477970806,0.0034214378477970806,0.018824577271911242,0.017285195572288588,0.012131087589921565,0.017285195572288588,0.017285195572288588,0.005750837223900496,0.0103040244355188,0.005649804179232558,0.0103040244355188,0.0103040244355188
