SAV_coords,0,1,2,3,4
P21817 160 E G,0.7577178,0.7416494,0.7745193,0.7682209,0.7540919
P21817 177 R C,0.67955714,0.75850046,0.7860662,0.8064267,0.770181
P21817 214 T M,0.6941822,0.7009817,0.67983216,0.7262762,0.75062436
P21817 401 R H,0.6412106,0.63002515,0.69615144,0.7056726,0.7133025
P21817 522 Y C,0.7835733,0.79867977,0.7871396,0.80747825,0.7757369
P21817 539 F V,0.77071124,0.73329604,0.7880567,0.8011332,0.769835
P21817 1056 D H,0.77483225,0.80506265,0.79096466,0.8246148,0.74828243
P21817 1588 P L,0.75435895,0.79095906,0.7193079,0.79957163,0.74789375
P21817 1675 L P,0.776288,0.74982774,0.77253395,0.78573424,0.7682791
P21817 1728 S F,0.63508785,0.64369494,0.67825294,0.71235466,0.72929895
P21817 2163 R L,0.80029017,0.8370287,0.78256625,0.8103314,0.7734055
P21817 2204 H Q,0.7864564,0.7557138,0.78079456,0.75748605,0.77148986
P21817 2237 C Y,0.80350465,0.82163686,0.7876041,0.82942814,0.77705574
P21817 2362 E K,0.69605833,0.6366428,0.50931436,0.5723191,0.652282
P21817 2363 C W,0.7972943,0.8015079,0.78767145,0.82838964,0.7759483
P21817 2364 F V,0.44377372,0.44770095,0.3423709,0.3847964,0.49294752
P21817 2431 D Y,0.8047195,0.8521473,0.7908387,0.8224471,0.7663298
P21817 2627 V M,0.77977103,0.76484096,0.79080194,0.79323816,0.77197236
P21817 2676 R W,0.80474085,0.85004336,0.79682916,0.8320072,0.7737097
P21817 3051 R H,0.75067145,0.7912321,0.778337,0.7929762,0.7677665
P21817 3418 N D,0.6799676,0.6005379,0.6954499,0.6626938,0.6870303
P21817 3903 R Q,0.7795019,0.7013786,0.7493907,0.69184047,0.74197626
P21817 3772 R Q,0.7875123,0.8208696,0.7795739,0.79521185,0.7718388
P21817 3986 D E,0.77321315,0.7301776,0.7324687,0.70580584,0.7446457
P21817 4050 S Y,0.78076535,0.71744907,0.7655792,0.7698181,0.7714796
P21817 4234 V L,0.70726687,0.62691784,0.6018816,0.5721394,0.72896206
P21817 4737 R Q,0.76677996,0.7156591,0.68842196,0.6262383,0.737069
P21817 4824 L P,0.8001553,0.762855,0.766108,0.7093059,0.7656232
P21817 4893 R Q,0.79369134,0.6165534,0.68765193,0.4903625,0.7190081
P21817 4973 P L,0.78203386,0.77128994,0.7570313,0.7655885,0.7606491
