val_loss,val_accuracy,val_auc,val_precision,val_recall,test_loss,test_accuracy,test_auc,test_precision,test_recall,GJB2_notnan_loss,GJB2_notnan_accuracy,GJB2_notnan_auc,GJB2_notnan_precision,GJB2_notnan_recall,RYR1_notnan_loss,RYR1_notnan_accuracy,RYR1_notnan_auc,RYR1_notnan_precision,RYR1_notnan_recall
0.5192709565162659,0.7703844904899597,0.8467667698860168,0.7703844904899597,0.7703844904899597,0.441593736410141,0.8169358968734741,0.897782027721405,0.8169358968734741,0.8169358968734741,0.43940120935440063,0.8510638475418091,0.8990493416786194,0.8510638475418091,0.8510638475418091,0.5860152840614319,0.7222222089767456,0.7866048812866211,0.7222222089767456,0.7222222089767456
0.45730215311050415,0.8131478428840637,0.8856246471405029,0.8131478428840637,0.8131478428840637,0.4105135202407837,0.840430736541748,0.9151702523231506,0.840430736541748,0.840430736541748,0.46776825189590454,0.7872340679168701,0.8922589421272278,0.7872340679168701,0.7872340679168701,0.5780779719352722,0.6888889074325562,0.7909258604049683,0.6888889074325562,0.6888889074325562
0.5375194549560547,0.7661664485931396,0.8372676372528076,0.7661664485931396,0.7661664485931396,0.4179498255252838,0.8399412631988525,0.9104178547859192,0.8399412631988525,0.8399412631988525,0.4706621468067169,0.8085106611251831,0.8832050561904907,0.8085106611251831,0.8085106611251831,0.6118389964103699,0.6666666865348816,0.7558642029762268,0.6666666865348816,0.6666666865348816
0.5026221871376038,0.7798089981079102,0.8572121858596802,0.7798089981079102,0.7798089981079102,0.4097096621990204,0.836514949798584,0.9119012355804443,0.836514949798584,0.836514949798584,0.47562339901924133,0.7872340679168701,0.8755092620849609,0.7872340679168701,0.7872340679168701,0.5788623094558716,0.7444444298744202,0.7948148250579834,0.7444444298744202,0.7444444298744202
0.5522528290748596,0.7512995600700378,0.8256562948226929,0.7512995600700378,0.7512995600700378,0.4248667061328888,0.8330885767936707,0.9082750082015991,0.8330885767936707,0.8330885767936707,0.4551388621330261,0.8510638475418091,0.910819411277771,0.8510638475418091,0.8510638475418091,0.5526488423347473,0.7444444298744202,0.8204938769340515,0.7444444298744202,0.7444444298744202
