val_loss,val_accuracy,val_auc,val_precision,val_recall,test_loss,test_accuracy,test_auc,test_precision,test_recall,GJB2_notnan_loss,GJB2_notnan_accuracy,GJB2_notnan_auc,GJB2_notnan_precision,GJB2_notnan_recall,RYR1_notnan_loss,RYR1_notnan_accuracy,RYR1_notnan_auc,RYR1_notnan_precision,RYR1_notnan_recall
0.5137935161590577,0.7761614680290222,0.8505055069923401,0.7761614680290222,0.7761614680290222,0.42092669010162354,0.8333822846412658,0.9087092757225037,0.8333822846412658,0.8333822846412658,0.4617187738418579,0.8170212984085083,0.892168402671814,0.8170212984085083,0.8170212984085083,0.5814886808395385,0.7133333325386048,0.7897407293319703,0.7133333325386048,0.7133333325386048
0.036701886756031525,0.023090499945678702,0.022831098539158712,0.023090499945678702,0.023090499945678702,0.013093586919455832,0.009657696410227396,0.006603889118201124,0.009657696410227396,0.009657696410227396,0.01458841688452112,0.03226755123447811,0.01372118969208419,0.03226755123447811,0.03226755123447811,0.02116541305310699,0.034605341521258416,0.023077909629271167,0.034605341521258416,0.034605341521258416
0.016413582737797146,0.010326385502598555,0.010210377666911003,0.010326385502598555,0.010326385502598555,0.00585563008424106,0.0043190531358648305,0.0029533489968337715,0.0043190531358648305,0.0043190531358648305,0.006524138367578984,0.01443048760555006,0.006136302576733931,0.01443048760555006,0.01443048760555006,0.009465460471721717,0.01547597920522596,0.01032075494192946,0.01547597920522596,0.01547597920522596
