val_loss,val_accuracy,val_auc,val_precision,val_recall,test_loss,test_accuracy,test_auc,test_precision,test_recall,GJB2_notnan_loss,GJB2_notnan_accuracy,GJB2_notnan_auc,GJB2_notnan_precision,GJB2_notnan_recall,RYR1_notnan_loss,RYR1_notnan_accuracy,RYR1_notnan_auc,RYR1_notnan_precision,RYR1_notnan_recall
0.5051431059837341,0.7690209746360779,0.8449878096580505,0.7690209746360779,0.7690209746360779,0.45472079515457153,0.8110621571540833,0.8842253088951111,0.8110621571540833,0.8110621571540833,0.34250345826148987,0.936170220375061,0.9434133172035217,0.936170220375061,0.936170220375061,0.5475884079933167,0.7666666507720947,0.8182715773582458,0.7666666507720947,0.7666666507720947
0.4743088185787201,0.7932351231575012,0.8657341599464417,0.7932351231575012,0.7932351231575012,0.42997896671295166,0.8330885767936707,0.8971202969551086,0.8330885767936707,0.8330885767936707,0.4051823318004608,0.8723404407501221,0.9230421185493469,0.8723404407501221,0.8723404407501221,0.5708041191101074,0.7111111283302307,0.7935184836387634,0.7111111283302307,0.7111111283302307
0.5324853658676147,0.7563437819480896,0.8283266425132751,0.7563437819480896,0.7563437819480896,0.4324398934841156,0.8242779970169067,0.8924932479858398,0.8242779970169067,0.8242779970169067,0.3915874660015106,0.8085106611251831,0.9207785725593567,0.8085106611251831,0.8085106611251831,0.5853289365768433,0.7555555701255798,0.7709876298904419,0.7555555701255798,0.7555555701255798
0.5277460813522339,0.7560709118843079,0.8319111466407776,0.7560709118843079,0.7560709118843079,0.4216811954975128,0.825746476650238,0.8979710936546326,0.825746476650238,0.825746476650238,0.3931281268596649,0.8297872543334961,0.9230421185493469,0.8297872543334961,0.8297872543334961,0.5758882164955139,0.7333333492279053,0.783765435218811,0.7333333492279053,0.7333333492279053
0.5133033990859985,0.7584131360054016,0.8398412466049194,0.7584131360054016,0.7584131360054016,0.43550577759742737,0.8321096301078796,0.8954764604568481,0.8321096301078796,0.8321096301078796,0.38252270221710205,0.8510638475418091,0.9284744262695312,0.8510638475418091,0.8510638475418091,0.582855761051178,0.7111111283302307,0.778209924697876,0.7111111283302307,0.7111111283302307
