val_loss,val_accuracy,val_auc,val_precision,val_recall,test_loss,test_accuracy,test_auc,test_precision,test_recall,GJB2_notnan_loss,GJB2_notnan_accuracy,GJB2_notnan_auc,GJB2_notnan_precision,GJB2_notnan_recall,RYR1_notnan_loss,RYR1_notnan_accuracy,RYR1_notnan_auc,RYR1_notnan_precision,RYR1_notnan_recall
0.5105973541736603,0.7666167855262757,0.8421602010726928,0.7666167855262757,0.7666167855262757,0.4348653256893158,0.8252569675445557,0.8934572815895081,0.8252569675445557,0.8252569675445557,0.38298481702804565,0.8595744848251343,0.9277501106262207,0.8595744848251343,0.8595744848251343,0.5724930882453918,0.7355555653572082,0.7889506101608277,0.7355555653572082,0.7355555653572082
0.023060210416266706,0.015798464659395876,0.014709817438381036,0.015798464659395876,0.015798464659395876,0.012229374071008645,0.008817365424513437,0.0055683917077845565,0.008817365424513437,0.008817365424513437,0.024023821112895256,0.04898239600433773,0.009203170584693858,0.04898239600433773,0.04898239600433773,0.015056282750903592,0.025337221010226847,0.018340539857717858,0.025337221010226847,0.025337221010226847
0.010312839613244215,0.007065288183707448,0.006578430345766364,0.007065288183707448,0.007065288183707448,0.005469142349009733,0.003943245694333667,0.0024902604767904823,0.003943245694333667,0.003943245694333667,0.010743779417545687,0.021905593433302648,0.00411578300718039,0.021905593433302648,0.021905593433302648,0.006733374343895593,0.011331149707960625,0.00820213877318029,0.011331149707960625,0.011331149707960625
