variant_id,transcript_id,protein_variant,AlphaMissense,label
chr15_40382900_G_A_hg38,ENST00000249776.12,Q9Y448:C22Y,0.0866758992867821,1
chr12_913902_C_T_hg38,ENST00000430095.6,P43351:R396H,0.056817103122693224,1
chr6_31972346_G_A_hg38,ENST00000375333.2,P49842:D89N,0.09047539201229544,1
chr1_119997045_T_A_hg38,ENST00000256646.7,Q04721:T235S,0.3849402156596966,1
chr20_9580616_C_T_hg38,ENST00000378429.3,Q9P286:M173I,0.11853438165190187,1
chr19_10180852_C_T_hg38,ENST00000340748.8,P26358:E51K,0.2589462439106829,1
chr5_35876290_A_G_hg38,ENST00000303115.8,P16871:K395R,0.06935591598044306,1
chr11_61430175_C_T_hg38,ENST00000301761.6,Q9NX18:S10L,0.08988974064788495,1
chr17_58692704_C_T_hg38,ENST00000337432.9,O43502:P21S,0.14090190396712374,1
chr7_74732629_T_A_hg38,ENST00000573035.5,P78347:L424H,0.5686980484393365,1
chr4_186621706_C_T_hg38,ENST00000441802.7,Q14517:R1627Q,0.07713895649794057,1
chr2_203867991_A_G_hg38,ENST00000648405.2,P16410:T17A,0.05751427311354498,1
chr3_138734644_C_T_hg38,ENST00000477593.5,P42338:R321Q,0.09468827736581976,1
chr2_29383830_C_T_hg38,ENST00000389048.8,Q9UM73:R395H,0.06850880838074985,1
chr2_211387029_A_C_hg38,ENST00000342788.9,Q15303:F1102C,0.15229668813248792,1
chr12_132687264_C_T_hg38,ENST00000320574.9,Q07864:E18K,0.14903779343992896,1
chr17_7676057_C_A_hg38,ENST00000445888.6,P04637:Q104H,0.07544892498117754,1
chr1_8013372_T_A_hg38,ENST00000377482.10,Q9UJM3:K409N,0.5035219594221331,1
chr13_109782884_C_T_hg38,ENST00000375856.5,Q9Y4H2:G1057D,0.12933458206747953,1
chr1_26774609_G_A_hg38,ENST00000324856.13,O14497:R1461Q,0.6888901660903942,1
chr7_5986813_T_C_hg38,ENST00000265849.12,P54278:K651R,0.08071438450973636,1
chr14_104780214_C_T_hg38,ENST00000554848.5,P31749:E17K,0.9978353778749861,1
chr17_7673728_C_G_hg38,ENST00000445888.6,P04637:E298Q,0.0726905642949199,1
chr1_85267812_T_G_hg38,ENST00000648566.1,O95999:N173H,0.15164060879067956,1
chr2_39054637_T_A_hg38,ENST00000402219.6,Q07889:N233Y,0.13523400618484202,1
chr6_157184421_A_C_hg38,ENST00000350026.10,Q8NFD5:Q1166P,0.42643800822560346,1
chr17_7675071_G_A_hg38,ENST00000445888.6,P04637:R181C,0.7823622482233178,1
chr2_211562070_T_C_hg38,ENST00000342788.9,Q15303:S774G,0.2038351903791507,1
chr2_177234082_C_G_hg38,ENST00000397062.8,Q16236:E79Q,0.8440200418506687,1
chrX_45063471_G_A_hg38,ENST00000377967.8,O15550:G526E,0.4345458597216586,1
chr9_8518099_G_A_hg38,ENST00000540109.5,P23468:S431L,0.4516980032709343,1
chr16_89285436_T_C_hg38,ENST00000642600.1,Q6UB99:K369R,0.34018247162395027,1
chr17_39725079_G_A_hg38,ENST00000269571.9,P04626:V842I,0.668134062535529,1
chr11_69641452_T_A_hg38,ENST00000227507.2,P24385:C47S,0.4321341841508929,1
chr17_7675148_G_T_hg38,ENST00000445888.6,P04637:T155N,0.7725514545590099,1
chr13_48362848_G_A_hg38,ENST00000267163.5,P06400:R251Q,0.5262613323791511,1
chr2_211383874_T_G_hg38,ENST00000342788.9,Q15303:K1223T,0.1386910315168993,1
chr17_7675117_C_A_hg38,ENST00000445888.6,P04637:Q165H,0.3950234029589393,1
chr6_37170801_G_C_hg38,ENST00000373509.6,P11309:Q37H,0.19834754219032158,1
chr2_177234229_G_A_hg38,ENST00000397062.8,Q16236:L30F,0.778869438189589,1
chr17_39708508_G_A_hg38,ENST00000269571.9,P04626:R138Q,0.06030953076548125,1
chr5_177095415_C_A_hg38,ENST00000292408.9,P22455:N535K,0.9363899451832064,1
chr2_177234234_A_G_hg38,ENST00000397062.8,Q16236:I28T,0.33984095016080323,1
chr5_112839693_C_G_hg38,ENST00000508376.6,P25054:Q1367E,0.21936567253986722,1
chr5_112839812_G_C_hg38,ENST00000508376.6,P25054:Q1406H,0.5068593519329766,1
chr13_48707203_T_A_hg38,ENST00000282018.4,Q9NS75:L129Q,0.7833055657679775,1
chr12_56088138_G_A_hg38,ENST00000267101.7,P21860:G284R,0.8622429093757783,1
chr6_93258242_C_T_hg38,ENST00000369303.9,Q15375:G656E,0.745687775660749,1
chr5_177095550_G_C_hg38,ENST00000292408.9,P22455:V550L,0.7177711274166725,1
chr17_7673535_C_A_hg38,ENST00000445888.6,P04637:Q331H,0.39908203791402086,1
chr17_58703294_T_C_hg38,ENST00000337432.9,O43502:Y224H,0.1153119011161828,1
chr7_2937110_C_T_hg38,ENST00000396946.8,Q9BXL7:R423Q,0.14729927673452345,1
chr4_152411763_C_T_hg38,ENST00000603841.1,Q969H0:R14Q,0.17545613638001592,1
chr7_148815508_T_C_hg38,ENST00000460911.5,Q15910:K510R,0.21506085296717833,1
chr12_56085138_C_A_hg38,ENST00000267101.7,P21860:N126K,0.623380575417101,1
chr17_7675136_G_A_hg38,ENST00000445888.6,P04637:A159V,0.6811002086940989,1
chr17_7675224_G_C_hg38,ENST00000445888.6,P04637:L130V,0.40050295323515145,1
chr11_64370312_C_T_hg38,ENST00000334205.9,O75676:R629C,0.2896521845008189,1
chr6_37170579_C_T_hg38,ENST00000373509.6,P11309:L2F,0.274497021100296,1
chr16_11255472_C_T_hg38,ENST00000644787.1,O15524:A3T,0.7601815191273277,1
chr1_26773457_G_A_hg38,ENST00000324856.13,O14497:R1276Q,0.3461359082387466,1
chr6_37171028_G_C_hg38,ENST00000373509.6,P11309:E79D,0.1998472908005148,1
chr3_138655451_C_T_hg38,ENST00000477593.5,P42338:E1051K,0.9484284055791847,1
chr17_7674962_G_A_hg38,ENST00000445888.6,P04637:P190L,0.7125811545304755,1
chr13_40666149_A_G_hg38,ENST00000379561.6,Q12778:S22P,0.9775139953658724,1
chr13_48456206_A_G_hg38,ENST00000267163.5,P06400:Y606C,0.8832994222824617,1
chr3_179199148_G_A_hg38,ENST00000263967.4,P42336:R108H,0.5887568468768133,1
chr16_2175555_A_G_hg38,ENST00000326181.11,Q6Q0C0:N520S,0.7249072009173183,1
chr1_28279158_A_G_hg38,ENST00000253063.4,P58004:I425V,0.15079104039054259,1
chr6_407524_T_C_hg38,ENST00000380956.9,Q15306:Y428H,0.24282109017702283,1
chr17_31350210_G_A_hg38,ENST00000358273.8,P21359:R2450Q,0.6095939873979799,1
chr8_70052279_C_T_hg38,ENST00000276594.3,Q9GZV8:R505H,0.9598799795108359,1
chr17_7674942_C_A_hg38,ENST00000445888.6,P04637:V197L,0.9181179568840057,1
chr3_189894284_G_A_hg38,ENST00000264731.8,Q9H3D4:E609K,0.5148664650549452,1
chr2_29220829_G_C_hg38,ENST00000389048.8,Q9UM73:F1174L,0.9996879518420737,1
chr12_56088753_G_A_hg38,ENST00000267101.7,P21860:E332K,0.2892263305229742,1
chr19_5214581_G_A_hg38,ENST00000587303.5,Q13332:R1492W,0.8070781242096282,1
chr3_179221146_G_A_hg38,ENST00000263967.4,P42336:E726K,0.64944612525922,1
chr12_56097861_G_T_hg38,ENST00000267101.7,P21860:S846I,0.32852112257131133,1
chr20_47624065_C_T_hg38,ENST00000371998.8,Q9Y6Q9:R80C,0.6145800015508894,1
chr17_7675185_C_T_hg38,ENST00000445888.6,P04637:V143M,0.6461557382756514,1
chr3_138655402_T_A_hg38,ENST00000477593.5,P42338:D1067V,0.8967039630543577,1
chr3_179199145_A_G_hg38,ENST00000263967.4,P42336:N107S,0.3008697252778551,1
chr11_108247071_C_T_hg38,ENST00000452508.6,Q13315:R337C,0.32334515370370637,1
chr17_12081466_G_A_hg38,ENST00000353533.10,P45985:R110Q,0.8582631986386592,1
chr17_7675995_G_A_hg38,ENST00000445888.6,P04637:T125M,0.9603220118824674,1
chr9_21970999_C_A_hg38,ENST00000304494.9,P42771:E120D,0.29936256576110437,1
chr17_7675174_C_G_hg38,ENST00000445888.6,P04637:W146C,0.6345713074623137,1
chr2_25234373_C_T_hg38,ENST00000321117.9,Q9Y6K1:R882H,0.9952729318420303,1
chr16_67611509_A_G_hg38,ENST00000645699.1,P49711:Y226C,0.8065258014760458,1
chr7_50399977_G_A_hg38,ENST00000331340.8,Q13422:E304K,0.33270869813291865,1
chr17_7673810_A_C_hg38,ENST00000445888.6,P04637:F270L,0.9943968320919565,1
chr2_15942195_C_T_hg38,ENST00000281043.4,P04198:P44L,0.8963461541974391,1
chr17_7675131_C_T_hg38,ENST00000445888.6,P04637:A161T,0.9564307465725755,1
chr12_56085033_G_A_hg38,ENST00000267101.7,P21860:M91I,0.9699386004458318,1
chr12_12718054_G_A_hg38,ENST00000228872.9,P46527:G72D,0.9419545161580172,1
chr20_42315860_A_C_hg38,ENST00000373187.5,O14522:L668V,0.23163095694414715,1
chr17_7674247_T_C_hg38,ENST00000445888.6,P04637:N239S,0.7938443929600738,1
chr19_19150726_T_C_hg38,ENST00000444486.7,Q02080:K4E,0.9965135451568188,1
chr17_7674200_T_A_hg38,ENST00000445888.6,P04637:I255F,0.7286572423317459,1
chr14_37592258_T_C_hg38,ENST00000250448.3,P55317:I176V,0.9970726979574182,1
chr3_189868681_C_T_hg38,ENST00000264731.8,Q9H3D4:S365L,0.09795444596474472,1
chr2_177234076_C_T_hg38,ENST00000397062.8,Q16236:G81S,0.7557051921893184,1
chr12_56087876_C_T_hg38,ENST00000267101.7,P21860:A232V,0.7647562449988403,1
chr3_189869329_C_T_hg38,ENST00000264731.8,Q9H3D4:R379C,0.341628246468374,1
chr17_7675080_G_C_hg38,ENST00000445888.6,P04637:H178D,0.9987950137089185,1
chr3_52609752_G_C_hg38,ENST00000296302.11,Q86U86:R710G,0.8947851600558328,1
chr12_57468055_G_A_hg38,ENST00000228682.7,P08151:R380Q,0.9407975800747562,1
chr17_39723405_G_A_hg38,ENST00000269571.9,P04626:R678Q,0.08137941265747685,1
chr7_116771989_G_C_hg38,ENST00000397752.7,P08581:D1010H,0.4771135161214939,1
chr11_69651253_C_T_hg38,ENST00000227507.2,P24385:P287S,0.9903002251618982,1
chr17_7675206_G_C_hg38,ENST00000445888.6,P04637:Q136E,0.7510520558875218,1
chr16_2597216_C_T_hg38,ENST00000342085.9,O15530:P499S,0.9885716965115937,1
chr7_116775061_T_C_hg38,ENST00000397752.7,P08581:V1070A,0.7274789939318397,1
chrX_71129405_G_C_hg38,ENST00000374080.8,Q93074:V1223L,0.9439285873888361,1
chr17_31206361_G_A_hg38,ENST00000358273.8,P21359:R461Q,0.31976773864925034,1
chr2_211420571_T_G_hg38,ENST00000342788.9,Q15303:K1002T,0.13645381971084705,1
chr15_44711566_T_C_hg38,ENST00000648006.2,P61769:L7S,0.30766372082069904,1
chr2_177234225_C_G_hg38,ENST00000397062.8,Q16236:G31A,0.7687231855317246,1
chr13_40666142_G_A_hg38,ENST00000379561.6,Q12778:T24I,0.996971227786035,1
chr14_37591986_G_C_hg38,ENST00000250448.3,P55317:F266L,0.9999616568929605,1
chr2_177234217_G_C_hg38,ENST00000397062.8,Q16236:R34G,0.8440095273901873,1
chr17_7674227_T_C_hg38,ENST00000445888.6,P04637:M246V,0.9310924794471147,1
chr11_72228216_G_A_hg38,ENST00000298229.7,O15357:R70H,0.9923133633074948,1
chr12_120978847_A_C_hg38,ENST00000257555.10,P20823:I27L,0.1013702489074496,1
chr17_7675095_C_A_hg38,ENST00000445888.6,P04637:V173L,0.9940247331261385,1
chr2_177234087_T_C_hg38,ENST00000397062.8,Q16236:D77G,0.9061011080775666,1
chr17_7674890_T_C_hg38,ENST00000445888.6,P04637:H214R,0.9457894856674248,1
chrX_40062191_T_C_hg38,ENST00000378444.9,Q6W2J9:N1459S,0.9335776448051449,1
chr17_7670700_G_A_hg38,ENST00000445888.6,P04637:R337C,0.8069268748075996,1
chr17_7674188_C_A_hg38,ENST00000445888.6,P04637:D259Y,0.8839435105465279,1
chr7_2937177_C_T_hg38,ENST00000396946.8,Q9BXL7:D401N,0.9006204281035411,1
chr1_26780371_G_A_hg38,ENST00000324856.13,O14497:R2158Q,0.6862378769404416,1
chr17_7675161_G_A_hg38,ENST00000445888.6,P04637:P151S,0.9604885304766638,1
chr12_112450394_G_A_hg38,ENST00000351677.6,Q06124:A72T,0.9979575782546984,1
chr3_179198940_G_A_hg38,ENST00000263967.4,P42336:E39K,0.9753281164780435,1
chr11_69651251_C_T_hg38,ENST00000227507.2,P24385:T286I,0.9631540916121984,1
chr12_56087836_T_C_hg38,ENST00000267101.7,P21860:F219L,0.9930573569790199,1
chr4_1804365_A_T_hg38,ENST00000440486.7,P22607:S371C,0.2220386087257464,1
chr1_11130747_C_T_hg38,ENST00000361445.9,P42345:E1799K,0.9742795607799951,1
chr2_46380267_A_G_hg38,ENST00000263734.5,Q99814:Y532C,0.9861102292321274,1
chr5_112839880_A_G_hg38,ENST00000508376.6,P25054:Q1429R,0.9348323590006943,1
chr9_99149253_G_A_hg38,ENST00000374994.9,P36897:R487Q,0.9945502301609748,1
chr8_54459958_G_T_hg38,ENST00000297316.5,Q9H6I2:S403I,0.9766508930379126,1
chr16_2172281_G_T_hg38,ENST00000326181.11,Q6Q0C0:R189L,0.3371135125669264,1
chr17_7674252_C_A_hg38,ENST00000445888.6,P04637:M237I,0.9956678469759525,1
chr2_177234232_C_G_hg38,ENST00000397062.8,Q16236:D29H,0.9138095259250958,1
chr3_179199103_G_A_hg38,ENST00000263967.4,P42336:R93Q,0.639815520643931,1
chr7_55174797_A_G_hg38,ENST00000275493.7,P00533:K754E,0.7382490512716412,1
chr7_55154017_C_T_hg38,ENST00000275493.7,P00533:R252C,0.7217920079334195,1
chr17_39511531_G_A_hg38,ENST00000447079.5,Q9NYV4:R890H,0.970673411798395,1
chr11_14294844_T_A_hg38,ENST00000256196.9,P62070:Q72L,0.9722845335961827,1
chr3_170295931_C_T_hg38,ENST00000295797.5,P41743:R480C,0.9834711284799715,1
chr3_187725557_C_T_hg38,ENST00000232014.8,P41182:R594Q,0.9334000293946898,1
chr4_1804362_G_T_hg38,ENST00000440486.7,P22607:G370C,0.2648216009861351,1
chr17_7674262_T_C_hg38,ENST00000445888.6,P04637:Y234C,0.7969333663726106,1
chr6_41935950_A_T_hg38,ENST00000372991.8,P30281:I290K,0.9669706098684768,1
chr17_7675151_C_A_hg38,ENST00000445888.6,P04637:G154V,0.582038595223685,1
chr17_7674885_C_T_hg38,ENST00000445888.6,P04637:V216M,0.9422650390456376,1
chr8_127738699_C_T_hg38,ENST00000652288.1,P01106:S146L,0.9446950655068755,1
chr17_7675210_A_C_hg38,ENST00000445888.6,P04637:F134L,0.9996160383595127,1
chr7_55181312_G_T_hg38,ENST00000275493.7,P00533:S768I,0.9072116097404498,1
chr3_179218294_G_A_hg38,ENST00000263967.4,P42336:E542K,0.9394011934135236,1
chr2_46380264_C_T_hg38,ENST00000263734.5,Q99814:P531L,0.987784925183499,1
chr17_7675109_T_C_hg38,ENST00000445888.6,P04637:H168R,0.867160325010747,1
chr3_179218306_C_A_hg38,ENST00000263967.4,P42336:Q546K,0.885058771368674,1
chr15_44711581_T_C_hg38,ENST00000648006.2,P61769:L12P,0.7218913349437368,1
chr2_29383812_C_A_hg38,ENST00000389048.8,Q9UM73:R401L,0.8156490512339376,1
chr15_66436818_A_G_hg38,ENST00000307102.9,Q02750:N122D,0.8849599086997976,1
chr2_201285308_G_A_hg38,ENST00000432109.6,Q14790:R432Q,0.20017613743789003,1
chr3_179234230_A_G_hg38,ENST00000263967.4,P42336:T1025A,0.8236630267421735,1
chr19_10489771_G_A_hg38,ENST00000393623.6,Q14145:R470C,0.8266582205903662,1
chr7_55191761_C_A_hg38,ENST00000275493.7,P00533:L838M,0.9537891097708279,1
chr10_87965296_T_G_hg38,ENST00000371953.8,P60484:Y346D,0.9767117475128743,1
chr19_45357299_T_C_hg38,ENST00000391945.9,P18074:T484A,0.8882504541681185,1
chr17_7675157_G_A_hg38,ENST00000445888.6,P04637:P152L,0.3456281792744124,1
chr2_177234247_A_G_hg38,ENST00000397062.8,Q16236:W24R,0.9953853145999547,1
chr5_256340_C_G_hg38,ENST00000264932.11,P31040:L639V,0.13558076783983886,1
chr19_18167239_G_T_hg38,ENST00000617130.4,O00459:D557Y,0.9956701671583638,1
chr17_7675098_C_A_hg38,ENST00000445888.6,P04637:V172F,0.9510669780035166,1
chr7_2924297_C_T_hg38,ENST00000396946.8,Q9BXL7:E626K,0.7177241790532233,1
chr20_42352204_C_T_hg38,ENST00000373187.5,O14522:E548K,0.8964973768330791,1
chr19_45353087_G_C_hg38,ENST00000391945.9,P18074:D609E,0.9973353429442967,1
chr4_152329730_C_T_hg38,ENST00000603841.1,Q969H0:R393Q,0.3867285055611538,1
chr5_35873559_G_A_hg38,ENST00000303115.8,P16871:R206Q,0.6934018711787473,1
chr6_37170773_G_A_hg38,ENST00000373509.6,P11309:G28D,0.2994063739220448,1
chr7_55181378_C_T_hg38,ENST00000275493.7,P00533:T790M,0.9661344164828083,1
chr2_211624005_G_C_hg38,ENST00000342788.9,Q15303:Q707E,0.49267312407187275,1
chr3_179219634_T_C_hg38,ENST00000263967.4,P42336:C604R,0.9861396492193079,1
chr8_127738438_C_T_hg38,ENST00000652288.1,P01106:P59L,0.9965949501007363,1
chr17_7675143_C_A_hg38,ENST00000445888.6,P04637:V157F,0.9350511824452857,1
chr17_7674256_T_C_hg38,ENST00000445888.6,P04637:Y236C,0.9600053256602149,1
chr17_7675220_T_A_hg38,ENST00000445888.6,P04637:N131I,0.9102154912088124,1
chr4_152337802_C_A_hg38,ENST00000603841.1,Q969H0:E287D,0.9988057157967415,1
chr19_4117551_A_C_hg38,ENST00000262948.9,P36507:F57L,0.9994247332982745,1
chr3_38139993_C_T_hg38,ENST00000650905.1,Q99836:P153L,0.34743528406151153,1
chr17_7675122_T_C_hg38,ENST00000445888.6,P04637:K164E,0.9696546998445654,1
chr12_120988847_G_A_hg38,ENST00000257555.10,P20823:R114H,0.11139560273496524,1
chr11_72238043_C_A_hg38,ENST00000298229.7,O15357:A1185D,0.15174092350837645,1
chr2_177234078_G_C_hg38,ENST00000397062.8,Q16236:T80R,0.920579384940836,1
chr9_21971139_C_T_hg38,ENST00000304494.9,P42771:D74N,0.8383485211715533,1
chr4_152323032_C_T_hg38,ENST00000603841.1,Q969H0:R658Q,0.8938312810686305,1
chr5_68295258_A_G_hg38,ENST00000521657.5,P27986:D560G,0.9969672497844025,1
chr10_87961095_C_G_hg38,ENST00000371953.8,P60484:R335G,0.9734347678335128,1
chr15_38351376_G_T_hg38,ENST00000299084.9,Q7Z699:R349S,0.9420836527072388,1
chr6_37171174_G_A_hg38,ENST00000373509.6,P11309:S97N,0.529630564350317,1
chr17_7673703_C_T_hg38,ENST00000445888.6,P04637:R306Q,0.41863307707631586,1
chr2_177234241_G_T_hg38,ENST00000397062.8,Q16236:Q26K,0.8604485592774647,1
chr19_1220401_G_C_hg38,ENST00000326873.11,Q15831:E165Q,0.47149969777118317,1
chr9_77922196_T_A_hg38,ENST00000286548.9,P50148:T96S,0.10788578738090693,1
chr7_55173984_G_A_hg38,ENST00000275493.7,P00533:E709K,0.9596452754905418,1
chr11_64361697_C_T_hg38,ENST00000334205.9,O75676:S236L,0.9437159705079837,1
chr8_127738435_C_T_hg38,ENST00000652288.1,P01106:T58I,0.99543312948648,1
chr7_116777409_C_T_hg38,ENST00000397752.7,P08581:H1094Y,0.8952244634296757,1
chr6_152098791_A_G_hg38,ENST00000206249.7,P03372:D538G,0.9635108570340226,1
chr17_39710457_G_A_hg38,ENST00000269571.9,P04626:A293T,0.4998734991705462,1
chr7_55154129_C_T_hg38,ENST00000275493.7,P00533:A289V,0.8292052625046599,1
chr4_152346985_C_T_hg38,ENST00000603841.1,Q969H0:R224Q,0.49490024823232187,1
chr4_54733174_T_A_hg38,ENST00000288135.5,P10721:N822K,0.9930652908567746,1
chr5_68295269_A_G_hg38,ENST00000521657.5,P27986:N564D,0.9990900035587317,1
chr4_152324294_G_A_hg38,ENST00000603841.1,Q969H0:S582L,0.999402857020051,1
chr4_152326214_C_T_hg38,ENST00000603841.1,Q969H0:R479Q,0.9997865121205779,1
chr3_179199169_G_T_hg38,ENST00000263967.4,P42336:R115L,0.8752120489328543,1
chr3_12604200_G_A_hg38,ENST00000251849.8,P04049:S257L,0.9743636390630578,1
chr17_7675190_C_T_hg38,ENST00000445888.6,P04637:C141Y,0.9778593699731208,1
chr2_111150115_G_A_hg38,ENST00000393256.8,O43521:G156R,0.9740084208764457,1
chr4_1804372_A_G_hg38,ENST00000440486.7,P22607:Y373C,0.17544237318747613,1
chr5_68293764_A_G_hg38,ENST00000521657.5,P27986:Y452C,0.5282348470561982,1
chr11_108345818_C_T_hg38,ENST00000452508.6,Q13315:R2832C,0.5234127035716588,1
chr17_39710409_G_T_hg38,ENST00000269571.9,P04626:D277Y,0.257427470673326,1
chr17_7673806_C_T_hg38,ENST00000445888.6,P04637:V272M,0.9545544041101052,1
chr15_66436824_C_T_hg38,ENST00000307102.9,Q02750:P124S,0.9676238372839292,1
chr12_56085068_G_A_hg38,ENST00000267101.7,P21860:R103H,0.3853145796781824,1
chr11_108365360_G_A_hg38,ENST00000452508.6,Q13315:R3008H,0.7984308324815944,1
chr12_132673703_C_A_hg38,ENST00000320574.9,Q07864:V411L,0.9527418260804679,1
chr11_108289762_G_A_hg38,ENST00000452508.6,Q13315:R1466Q,0.3948633437313197,1
chr11_108244874_G_C_hg38,ENST00000452508.6,Q13315:R250P,0.3241960352073574,1
chr19_18162974_G_A_hg38,ENST00000617130.4,O00459:G373R,0.9971866000714025,1
chr4_152328233_G_A_hg38,ENST00000603841.1,Q969H0:R465C,0.9998973329723612,1
chr6_152098788_A_C_hg38,ENST00000206249.7,P03372:Y537S,0.7641197161524252,1
chr12_56085070_G_A_hg38,ENST00000267101.7,P21860:V104M,0.5582725864143812,1
chr17_7675088_C_T_hg38,ENST00000445888.6,P04637:R175H,0.9856885731305046,1
chr9_21971097_C_T_hg38,ENST00000304494.9,P42771:E88K,0.7695225143233967,1
chr18_63318152_T_C_hg38,ENST00000398117.1,P10415:N172S,0.05311981226686365,1
chr1_77962826_G_A_hg38,ENST00000370768.6,Q96AE4:R430C,0.941297433718691,1
chr17_7674893_C_T_hg38,ENST00000445888.6,P04637:R213Q,0.9568989841908155,1
chr4_152326056_T_G_hg38,ENST00000603841.1,Q969H0:T532P,0.9884843517113603,1
chr7_152148282_G_A_hg38,ENST00000355193.6,Q8NEZ4:R4549C,0.9130134351788297,1
chr7_129206564_T_C_hg38,ENST00000249373.8,Q99835:V414A,0.13095649595358716,1
chr6_157203926_C_T_hg38,ENST00000350026.10,Q8NFD5:T1639M,0.7387341504444955,1
chr17_7674214_G_A_hg38,ENST00000445888.6,P04637:P250L,0.9136335756313348,1
chr2_29213994_A_T_hg38,ENST00000389048.8,Q9UM73:F1245I,0.999018305350228,1
chr9_21970973_T_C_hg38,ENST00000304494.9,P42771:Y129C,0.8809620638154757,1
chr2_157774114_C_T_hg38,ENST00000410057.6,Q04771:R206H,0.9581537159169675,1
chr3_179203778_G_A_hg38,ENST00000263967.4,P42336:D350N,0.9364833353477012,1
chr17_7674887_C_A_hg38,ENST00000445888.6,P04637:S215I,0.9836704308316392,1
chr3_179198938_G_A_hg38,ENST00000263967.4,P42336:R38H,0.9569961787946286,1
chr3_12604194_G_A_hg38,ENST00000251849.8,P04049:S259F,0.9986658498117063,1
chr7_55154050_A_C_hg38,ENST00000275493.7,P00533:T263P,0.4749444223887908,1
chr17_7674947_A_G_hg38,ENST00000445888.6,P04637:I195T,0.9962337719381514,1
chr4_152328305_G_A_hg38,ENST00000603841.1,Q969H0:R441W,0.9994088985381437,1
chr17_7674872_T_C_hg38,ENST00000445888.6,P04637:Y220C,0.8518640966745225,1
chr5_38950546_G_A_hg38,ENST00000357387.8,Q6R327:S1101L,0.18902723644695002,1
chr17_7673809_C_T_hg38,ENST00000445888.6,P04637:E271K,0.9533112889211943,1
chr3_49375451_C_T_hg38,ENST00000418115.6,P61586:E47K,0.751086673762829,1
chr17_7674230_C_T_hg38,ENST00000445888.6,P04637:G245S,0.9738467484425719,1
chr15_98707853_G_C_hg38,ENST00000650285.1,P08069:G129A,0.6960226003228206,1
chr10_113165574_C_T_hg38,ENST00000355995.8,Q9NQB0:R488C,0.9285586181212793,1
chr3_41224633_A_G_hg38,ENST00000441708.2,P35222:T41A,0.7942011784832991,1
chr3_179204536_G_A_hg38,ENST00000263967.4,P42336:E365K,0.918548006595893,1
chr3_179199136_C_T_hg38,ENST00000263967.4,P42336:P104L,0.9447421875759467,1
chr16_56748290_C_A_hg38,ENST00000308159.10,Q8N1F7:Q15K,0.28811130579167415,1
chr7_55191748_G_T_hg38,ENST00000275493.7,P00533:L833F,0.9723576671511447,1
chr2_25756066_C_T_hg38,ENST00000435504.9,Q76L83:E330K,0.9964032535917395,1
chr5_56885938_C_T_hg38,ENST00000399503.4,Q13233:S1330L,0.9883746161454087,1
chr4_152326016_T_C_hg38,ENST00000603841.1,Q969H0:Y545C,0.9998526652439975,1
chr17_7676011_T_C_hg38,ENST00000445888.6,P04637:K120E,0.9977627580501552,1
chr3_179204513_G_A_hg38,ENST00000263967.4,P42336:R357Q,0.7298914813551488,1
chr10_121498520_A_C_hg38,ENST00000358487.9,P21802:N549K,0.9946320964472479,1
chr12_112450385_G_A_hg38,ENST00000351677.6,Q06124:E69K,0.9977853418385348,1
chr17_7675124_T_C_hg38,ENST00000445888.6,P04637:Y163C,0.982005256740583,1
chr16_68811855_G_A_hg38,ENST00000261769.10,P12830:R335Q,0.3572064646897246,1
chrX_47566728_C_T_hg38,ENST00000377045.9,P10398:P216L,0.9966094764763697,1
chr11_17720147_T_G_hg38,ENST00000250003.4,P15172:L122R,0.997972832048992,1
chr5_68293310_G_A_hg38,ENST00000521657.5,P27986:G376R,0.998657166292323,1
chr10_121551306_C_T_hg38,ENST00000358487.9,P21802:R203H,0.9824030828503485,1
chr9_21971018_G_A_hg38,ENST00000304494.9,P42771:P114L,0.8807606693603992,1
chr3_41234218_G_A_hg38,ENST00000441708.2,P35222:R535Q,0.36578445026337625,1
chr9_21971120_C_T_hg38,ENST00000304494.9,P42771:R80Q,0.22440864111316688,1
chr7_2938686_C_T_hg38,ENST00000396946.8,Q9BXL7:R337Q,0.6139902440562799,1
chr6_394972_A_G_hg38,ENST00000380956.9,Q15306:K123R,0.9496964901586143,1
chr12_56087865_T_A_hg38,ENST00000267101.7,P21860:H228Q,0.9515341673396309,1
chr8_38417331_G_C_hg38,ENST00000447712.6,P11362:N546K,0.9840537780105036,1
chr1_243695714_C_T_hg38,ENST00000673466.1,Q9Y243:E17K,0.9978219566441024,1
chr13_28018505_C_A_hg38,ENST00000241453.11,P36888:D835Y,0.9342451992719787,1
chr12_56093493_C_T_hg38,ENST00000267101.7,P21860:R475W,0.14840076310339032,1
chr14_37592108_C_T_hg38,ENST00000250448.3,P55317:D226N,0.9973970316890854,1
chr4_1804392_G_A_hg38,ENST00000440486.7,P22607:G380R,0.9127576808130343,1
chr17_7676031_A_C_hg38,ENST00000445888.6,P04637:F113C,0.9677847266815442,1
chr4_55090053_C_T_hg38,ENST00000263923.5,P35968:R1032Q,0.9915933588566759,1
chr1_114713908_T_C_hg38,ENST00000369535.5,P01111:Q61R,0.9914297420918968,1
chr17_7673788_G_A_hg38,ENST00000445888.6,P04637:P278S,0.9987944233271736,1
chr17_80707908_G_A_hg38,ENST00000306801.8,Q8N122:R139H,0.98381151191592,1
chr6_37170647_G_C_hg38,ENST00000373509.6,P11309:K24N,0.27173106746003606,1
chr10_8073788_G_A_hg38,ENST00000346208.4,P23771:R366Q,0.9998687433727602,1
chr5_132559359_G_T_hg38,ENST00000378823.8,Q92878:D69Y,0.96128755312837,1
chr13_72773778_C_T_hg38,ENST00000377767.9,Q9Y2L1:R382Q,0.37295456249304804,1
chr3_179199142_G_T_hg38,ENST00000263967.4,P42336:G106V,0.9822493023045351,1
chr14_37592035_G_A_hg38,ENST00000250448.3,P55317:S250F,0.9996849644490848,1
chr17_7675208_C_T_hg38,ENST00000445888.6,P04637:C135Y,0.9979898724739975,1
chr17_7674908_T_A_hg38,ENST00000445888.6,P04637:D208V,0.953053067766602,1
chr12_112477651_T_C_hg38,ENST00000351677.6,Q06124:F285S,0.9997110937028147,1
chr17_7674232_C_T_hg38,ENST00000445888.6,P04637:G244D,0.998671377966758,1
chr9_21970970_A_T_hg38,ENST00000304494.9,P42771:L130Q,0.92633702979489,1
chr9_21974704_T_G_hg38,ENST00000304494.9,P42771:N42H,0.7560049153561779,1
chr12_45836908_C_T_hg38,ENST00000334344.11,Q68CP9:R314C,0.9794884521523317,1
chr17_31940313_G_A_hg38,ENST00000322652.10,Q15022:R101Q,0.9939935017289463,1
chr17_7675214_A_T_hg38,ENST00000445888.6,P04637:M133K,0.9652242201385725,1
chr4_1806162_A_G_hg38,ENST00000440486.7,P22607:K650E,0.9947679247068143,1
chr3_179199093_T_G_hg38,ENST00000263967.4,P42336:C90G,0.8813521475332072,1
chr19_10489741_C_A_hg38,ENST00000393623.6,Q14145:G480W,0.9993259256741233,1
chr12_112477719_A_G_hg38,ENST00000351677.6,Q06124:N308D,0.9963275959069301,1
chr3_179199156_A_G_hg38,ENST00000263967.4,P42336:K111E,0.979356358344267,1
chr13_40665599_C_T_hg38,ENST00000379561.6,Q12778:S205N,0.9987384402659779,1
chr4_152326137_G_A_hg38,ENST00000603841.1,Q969H0:R505C,0.9998816340266307,1
chr12_57751653_T_A_hg38,ENST00000257904.11,P11802:K22M,0.9536721067665513,1
chr17_7673776_G_A_hg38,ENST00000445888.6,P04637:R282W,0.9447848850097591,1
chr17_58371029_T_C_hg38,ENST00000577716.5,Q68DV7:H86R,0.9984270804356506,1
chr6_152011697_G_C_hg38,ENST00000206249.7,P03372:E380Q,0.7248875534312025,1
chr3_179234350_C_T_hg38,ENST00000263967.4,P42336:H1065Y,0.20122778590394025,1
chr17_63929439_A_G_hg38,ENST00000006750.7,P40259:Y196H,0.9910475641175837,1
chr12_112450361_G_T_hg38,ENST00000351677.6,Q06124:D61Y,0.9985803045875868,1
chr7_116771969_A_G_hg38,ENST00000397752.7,P08581:Y1003C,0.8861266270096261,1
chr17_7676050_A_C_hg38,ENST00000445888.6,P04637:Y107D,0.8346449439217399,1
chr22_41129965_T_C_hg38,ENST00000263253.9,Q09472:L415P,0.9992442255951218,1
chr17_7674212_T_A_hg38,ENST00000445888.6,P04637:I251F,0.9592267609170535,1
chr6_152098785_T_A_hg38,ENST00000206249.7,P03372:L536H,0.9714824048307463,1
chr2_157766004_C_T_hg38,ENST00000410057.6,Q04771:G328E,0.9176229528443371,1
chr17_39724747_G_C_hg38,ENST00000269571.9,P04626:V777L,0.9021309732154025,1
chr17_7675235_T_C_hg38,ENST00000445888.6,P04637:Y126C,0.8718563481650274,1
chr12_25225628_C_T_hg38,ENST00000256078.9,P01116:A146T,0.9895718293704306,1
chr12_49026430_C_T_hg38,ENST00000301067.11,O14686:R5179H,0.9327432426683036,1
chr9_21971109_C_T_hg38,ENST00000304494.9,P42771:D84N,0.8359972112304302,1
chr17_49619237_T_C_hg38,ENST00000503676.5,O43791:M117V,0.6738685030084244,1
chr7_81745060_C_G_hg38,ENST00000222390.11,P14210:G229A,0.5406527902579484,1
chr3_138946371_C_T_hg38,ENST00000648323.1,P58012:E118K,0.9946232472861231,1
chr16_68810269_G_A_hg38,ENST00000261769.10,P12830:D254N,0.96032549022356,1
chr17_7673803_G_A_hg38,ENST00000445888.6,P04637:R273C,0.99451945024079,1
chr2_211561997_A_C_hg38,ENST00000342788.9,Q15303:L798R,0.9328885892465654,1
chr19_10491652_C_A_hg38,ENST00000393623.6,Q14145:G417V,0.9890508831213117,1
chr17_39724745_G_T_hg38,ENST00000269571.9,P04626:G776V,0.799802069100551,1
chr17_12107827_C_T_hg38,ENST00000353533.10,P45985:S184L,0.9973465277249667,1
chr4_152328358_C_A_hg38,ENST00000603841.1,Q969H0:G423V,0.999848937655281,1
chr22_28696960_G_A_hg38,ENST00000650281.1,O96017:R346C,0.9307015551843063,1
chr7_129210500_G_T_hg38,ENST00000249373.8,Q99835:W535L,0.98976648978317,1
chr9_136517781_A_G_hg38,ENST00000651671.1,P46531:I471T,0.7600806174237953,1
chr3_49375472_C_G_hg38,ENST00000418115.6,P61586:E40Q,0.9887348800030838,1
chr17_12095581_C_T_hg38,ENST00000353533.10,P45985:R134W,0.9926870625084951,1
chr2_29209798_C_T_hg38,ENST00000389048.8,Q9UM73:R1275Q,0.9909415417446139,1
chr17_7674268_A_C_hg38,ENST00000445888.6,P04637:I232S,0.9826171518529636,1
chr3_179199088_G_A_hg38,ENST00000263967.4,P42336:R88Q,0.883888294482464,1
chr7_116783359_T_C_hg38,ENST00000397752.7,P08581:Y1230H,0.8141010727843035,1
chr7_129206557_C_T_hg38,ENST00000249373.8,Q99835:L412F,0.8303616238258511,1
chr17_7670684_C_G_hg38,ENST00000445888.6,P04637:R342P,0.9841959942364968,1
chr17_7673777_G_C_hg38,ENST00000445888.6,P04637:D281E,0.9991005249436341,1
chr3_49375576_C_T_hg38,ENST00000418115.6,P61586:R5Q,0.9252303812581512,1
chrX_71129408_C_T_hg38,ENST00000374080.8,Q93074:L1224F,0.9920389248910314,1
chr7_55174015_G_C_hg38,ENST00000275493.7,P00533:G719A,0.9927333691087853,1
chr17_7674917_T_C_hg38,ENST00000445888.6,P04637:Y205C,0.9973885303718297,1
chr1_58782737_C_T_hg38,ENST00000371222.4,P05412:E112K,0.9714016923025912,1
chr21_34859485_C_T_hg38,ENST00000344691.8,Q01196:R174Q,0.999755702161018,1
chr19_45364313_G_T_hg38,ENST00000391945.9,P18074:S246Y,0.9643386050658814,1
chr3_187725066_G_A_hg38,ENST00000232014.8,P41182:R618C,0.9772918807210348,1
chr1_11128126_C_T_hg38,ENST00000361445.9,P42345:A1971T,0.9288419524629477,1
chr12_56088557_G_T_hg38,ENST00000267101.7,P21860:D297Y,0.8958122475155191,1
chr3_49368536_A_C_hg38,ENST00000418115.6,P61586:L57V,0.92962796077755,1
chr17_7673781_C_T_hg38,ENST00000445888.6,P04637:R280K,0.9936315391475014,1
chr20_42315779_G_A_hg38,ENST00000373187.5,O14522:L695F,0.9299157437905854,1
chr17_7673821_G_A_hg38,ENST00000445888.6,P04637:R267W,0.9666859822698013,1
chr2_197401985_C_A_hg38,ENST00000335508.10,O75533:K741N,0.9998414080986548,1
chr9_134436505_C_T_hg38,ENST00000481739.2,P19793:S427F,0.9997277399677773,1
chr16_56748287_G_A_hg38,ENST00000308159.10,Q8N1F7:E14K,0.8429480821949275,1
chr4_54264975_G_A_hg38,ENST00000257290.10,P16234:E229K,0.5675212447784893,1
chr17_7673835_C_A_hg38,ENST00000445888.6,P04637:G262V,0.9878577658994141,1
chr17_39708403_G_A_hg38,ENST00000269571.9,P04626:R103Q,0.7725588767832551,1
chr17_39724004_C_G_hg38,ENST00000269571.9,P04626:I767M,0.9560536629719866,1
chr4_54736787_G_A_hg38,ENST00000288135.5,P10721:R888Q,0.484541135377911,1
chr18_51076663_G_A_hg38,ENST00000342988.7,Q13485:R445Q,0.2764640047324295,1
chr4_152326013_G_A_hg38,ENST00000603841.1,Q969H0:S546L,0.9990213692946529,1
chr4_152328316_C_A_hg38,ENST00000603841.1,Q969H0:G437V,0.9999274035635437,1
chr17_7675181_T_G_hg38,ENST00000445888.6,P04637:Q144P,0.9498516713231647,1
chr2_197400752_T_C_hg38,ENST00000335508.10,O75533:D894G,0.9988125396839654,1
chr19_45364429_T_C_hg38,ENST00000391945.9,P18074:N238S,0.9199002320508395,1
chr10_87957916_G_A_hg38,ENST00000371953.8,P60484:R233Q,0.3843211207008135,1
chr17_39723541_G_C_hg38,ENST00000269571.9,P04626:V697L,0.8795171630653645,1
chr9_136511181_A_C_hg38,ENST00000651671.1,P46531:F853C,0.9701986822619527,1
chr3_41224646_C_T_hg38,ENST00000441708.2,P35222:S45F,0.9695865809454456,1
chr5_58458401_A_G_hg38,ENST00000274289.8,Q9NYY3:L208P,0.9939206299212726,1
chr7_55152581_C_T_hg38,ENST00000275493.7,P00533:R222C,0.9853640354694907,1
chr4_152329754_G_T_hg38,ENST00000603841.1,Q969H0:T385K,0.9998941134325142,1
chr4_1801837_C_T_hg38,ENST00000440486.7,P22607:R248C,0.9940489041766578,1
chr17_7675139_C_A_hg38,ENST00000445888.6,P04637:R158L,0.9902457170647201,1
chr3_179218303_G_A_hg38,ENST00000263967.4,P42336:E545K,0.9878086256618731,1
chr9_21974793_G_A_hg38,ENST00000304494.9,P42771:S12L,0.22778807404154972,1
chr12_132676598_G_C_hg38,ENST00000320574.9,Q07864:P286R,0.9961702705353115,1
chr1_26779864_G_A_hg38,ENST00000324856.13,O14497:R1989Q,0.875291789773405,1
chr17_7676056_C_A_hg38,ENST00000445888.6,P04637:G105C,0.9886333735293502,1
chr17_7674220_C_T_hg38,ENST00000445888.6,P04637:R248Q,0.9960642179814793,1
chr4_54727447_T_A_hg38,ENST00000288135.5,P10721:V560D,0.9952702994841278,1
chr17_7675232_G_A_hg38,ENST00000445888.6,P04637:S127F,0.9947653155068785,1
chr15_66435103_T_C_hg38,ENST00000307102.9,Q02750:F53L,0.999828720130746,1
chr20_58905428_C_T_hg38,ENST00000371100.8,Q5JWF2:R803C,0.5065937526239591,1
chr2_197402110_T_C_hg38,ENST00000335508.10,O75533:K700E,0.9985974050179558,1
chr7_140781602_C_G_hg38,ENST00000646891.1,P15056:G469A,0.997724372746533,1
chr17_7675216_C_A_hg38,ENST00000445888.6,P04637:K132N,0.9987346015188194,1
chr5_256355_G_A_hg38,ENST00000264932.11,P31040:V644M,0.9472369445329545,1
chr19_42287563_C_T_hg38,ENST00000575354.6,Q96RK0:R201W,0.9990122229392178,1
chr4_152322940_G_A_hg38,ENST00000603841.1,Q969H0:R689W,0.9986330425906721,1
chrX_47566722_C_T_hg38,ENST00000377045.9,P10398:S214F,0.9973125737520582,1
chr14_37592008_T_C_hg38,ENST00000250448.3,P55317:Y259C,0.9994386564231834,1
chr4_152330754_C_G_hg38,ENST00000603841.1,Q969H0:R367P,0.9015532439405852,1
chr7_55155850_C_T_hg38,ENST00000275493.7,P00533:H304Y,0.20709595516117796,1
chr12_25227349_C_T_hg38,ENST00000256078.9,P01116:A59T,0.9964156832206048,1
chr12_112450406_G_A_hg38,ENST00000351677.6,Q06124:E76K,0.9997527409563736,1
chr17_42329635_A_C_hg38,ENST00000588969.5,P40763:F384L,0.9998275671773915,1
chr17_7673767_C_T_hg38,ENST00000445888.6,P04637:E285K,0.9747719208873951,1
chr17_7674878_A_C_hg38,ENST00000445888.6,P04637:V218G,0.9145652260856812,1
chr10_87957959_A_C_hg38,ENST00000371953.8,P60484:L247F,0.9314265793937396,1
chr3_10146578_A_T_hg38,ENST00000256474.2,P40337:L135F,0.6347704081071557,1
chr9_99144882_C_T_hg38,ENST00000374994.9,P36897:T375I,0.9997839310398277,1
chr17_7675076_T_C_hg38,ENST00000445888.6,P04637:H179R,0.9963157367152159,1
chr14_95091302_C_T_hg38,ENST00000527414.5,Q9UPY3:D1810N,0.9921265876927329,1
chr3_179210291_G_A_hg38,ENST00000263967.4,P42336:E453K,0.9091894724434422,1
chr8_54458425_C_G_hg38,ENST00000297316.5,Q9H6I2:A96G,0.9941114784117665,1
chr18_51065534_C_T_hg38,ENST00000342988.7,Q13485:P356L,0.9970753388275341,1
chr3_179199066_G_A_hg38,ENST00000263967.4,P42336:E81K,0.9633573191567939,1
chr14_37592045_G_A_hg38,ENST00000250448.3,P55317:H247Y,0.9946971240288501,1
chr16_67616853_C_T_hg38,ENST00000645699.1,P49711:S354F,0.9576646631805807,1
chr3_41224619_A_C_hg38,ENST00000441708.2,P35222:H36P,0.586931823026736,1
chr19_1222987_G_T_hg38,ENST00000326873.11,Q15831:W308L,0.98685620279361,1
chr9_99138006_C_T_hg38,ENST00000374994.9,P36897:S241L,0.9985127127958859,1
chr17_7675085_C_A_hg38,ENST00000445888.6,P04637:C176F,0.9989932955496,1
chr15_66436843_A_G_hg38,ENST00000307102.9,Q02750:Y130C,0.9689875089619536,1
chr14_104776711_G_T_hg38,ENST00000554848.5,P31749:Q79K,0.9673785684442667,1
chr14_104773082_T_C_hg38,ENST00000554848.5,P31749:D323G,0.9702626796453998,1
chr3_10149805_G_A_hg38,ENST00000256474.2,P40337:R161Q,0.8649087800198137,1
chr2_201276863_C_T_hg38,ENST00000432109.6,Q14790:R233W,0.6044182671277222,1
chr8_55998385_A_C_hg38,ENST00000519728.6,P07948:I364L,0.905566635458784,1
chrX_20138601_C_T_hg38,ENST00000379607.10,P47813:R13H,0.9946537722638639,1
chr3_179204533_G_A_hg38,ENST00000263967.4,P42336:G364R,0.9045984015806307,1
chr8_38414790_T_C_hg38,ENST00000447712.6,P11362:K656E,0.9976702133597848,1
chr7_55142382_T_G_hg38,ENST00000275493.7,P00533:L62R,0.736331673408376,1
chr12_11884540_C_T_hg38,ENST00000396373.8,P41212:R369W,0.9988338609474788,1
chr17_7674223_T_A_hg38,ENST00000445888.6,P04637:N247I,0.9965735590183246,1
chr17_7673800_C_A_hg38,ENST00000445888.6,P04637:V274F,0.9914788881045075,1
chr13_72763512_C_T_hg38,ENST00000377767.9,Q9Y2L1:R689Q,0.9967102007384788,1
chr1_155904739_C_T_hg38,ENST00000368323.8,Q92963:A77T,0.9931698138123808,1
chr13_72772200_C_T_hg38,ENST00000377767.9,Q9Y2L1:D488N,0.9918768431608895,1
chr5_68295278_A_G_hg38,ENST00000521657.5,P27986:K567E,0.9997733707612901,1
chr22_41170516_G_T_hg38,ENST00000263253.9,Q09472:W1466L,0.994028397558921,1
chr11_69641443_T_G_hg38,ENST00000227507.2,P24385:Y44D,0.9942041753023758,1
chr3_179199690_G_A_hg38,ENST00000263967.4,P42336:G118D,0.9887648426317582,1
chr13_72761964_T_A_hg38,ENST00000377767.9,Q9Y2L1:L767F,0.9955952352419869,1
chr12_25245286_A_C_hg38,ENST00000256078.9,P01116:D33E,0.9954801600557535,1
chr10_87933135_G_T_hg38,ENST00000371953.8,P60484:A126S,0.9736868909902078,1
chr7_148811635_T_A_hg38,ENST00000460911.5,Q15910:Y641F,0.9650328844846908,1
chr17_7674953_T_C_hg38,ENST00000445888.6,P04637:H193R,0.9981735004643306,1
chr7_2937980_T_A_hg38,ENST00000396946.8,Q9BXL7:D357V,0.9795896963470592,1
chr15_67181384_C_T_hg38,ENST00000327367.9,P84022:R268C,0.9977265059351602,1
chr19_45353098_C_G_hg38,ENST00000391945.9,P18074:E606Q,0.9972069293967861,1
chr15_66436837_G_A_hg38,ENST00000307102.9,Q02750:G128D,0.9990939238149732,1
chr3_49375480_G_A_hg38,ENST00000418115.6,P61586:T37I,0.9994141964720904,1
chr3_41224612_G_A_hg38,ENST00000441708.2,P35222:G34R,0.9994952425423931,1
chr12_56083847_T_A_hg38,ENST00000267101.7,P21860:M60K,0.8865053693523534,1
chr2_197400729_C_T_hg38,ENST00000335508.10,O75533:E902K,0.9953206498643759,1
chr17_7674216_C_A_hg38,ENST00000445888.6,P04637:R249S,0.9994535152032544,1
chr19_42294899_G_A_hg38,ENST00000575354.6,Q96RK0:R1512H,0.9980388557140264,1
chr3_179203765_T_A_hg38,ENST00000263967.4,P42336:N345K,0.9972761147628918,1
chr4_55106779_A_G_hg38,ENST00000263923.5,P35968:C482R,0.7560911108711326,1
chr9_21971112_G_A_hg38,ENST00000304494.9,P42771:H83Y,0.7861967362325862,1
chr20_42677928_C_T_hg38,ENST00000373187.5,O14522:R364Q,0.9953472087605891,1
chr4_54277981_C_G_hg38,ENST00000257290.10,P16234:N659K,0.9998862512548073,1
chr3_41225799_A_G_hg38,ENST00000441708.2,P35222:K292E,0.9994908564053014,1
chr18_51065524_T_A_hg38,ENST00000342988.7,Q13485:Y353N,0.9924036562298482,1
chr17_7674241_G_A_hg38,ENST00000445888.6,P04637:S241F,0.9989594448284037,1
chr4_1801841_C_G_hg38,ENST00000440486.7,P22607:S249C,0.9430621198138378,1
chr17_7673790_C_A_hg38,ENST00000445888.6,P04637:C277F,0.9904460904188267,1
chr12_56088823_C_T_hg38,ENST00000267101.7,P21860:T355I,0.9920753825129751,1
chr17_39725139_A_G_hg38,ENST00000269571.9,P04626:T862A,0.8892294412908274,1
chr14_37592026_A_T_hg38,ENST00000250448.3,P55317:M253K,0.9997448410270187,1
chr17_7674238_C_A_hg38,ENST00000445888.6,P04637:C242F,0.999402885579845,1
chr18_51065549_G_A_hg38,ENST00000342988.7,Q13485:R361H,0.9911884989431029,1
chr18_51065531_A_G_hg38,ENST00000342988.7,Q13485:D355G,0.9993786454990656,1
chr16_67620739_C_T_hg38,ENST00000645699.1,P49711:R377C,0.9975900663914843,1
chr19_45370197_T_C_hg38,ENST00000391945.9,P18074:Y14C,0.487602190733147,1
chr17_7674950_A_C_hg38,ENST00000445888.6,P04637:L194R,0.9951940044318145,1
chr15_66436815_T_A_hg38,ENST00000307102.9,Q02750:C121S,0.9969751226238134,1
chr12_57751647_C_A_hg38,ENST00000257904.11,P11802:R24L,0.7841337710532037,1
chr5_56865443_T_C_hg38,ENST00000399503.4,Q13233:L380S,0.998131107029852,1
chr5_68293319_A_G_hg38,ENST00000521657.5,P27986:K379E,0.9999499858031424,1
chr19_52212729_C_T_hg38,ENST00000322088.11,P30153:R183W,0.9995100367065588,1
chr14_65078029_C_T_hg38,ENST00000358664.9,P61244:R60Q,0.9996488791191647,1
chr9_21971037_C_A_hg38,ENST00000304494.9,P42771:D108Y,0.9812016395906755,1
chr3_70977833_G_A_hg38,ENST00000647725.1,Q9H334:S448L,0.1786266313628304,1
chr17_39723650_C_T_hg38,ENST00000269571.9,P04626:T733I,0.8484067863739888,1
chr19_52212718_C_G_hg38,ENST00000322088.11,P30153:P179R,0.9999311985783975,1
chr10_121520160_G_C_hg38,ENST00000358487.9,P21802:P253R,0.9653029712437388,1
chr4_54728055_A_G_hg38,ENST00000288135.5,P10721:K642E,0.9987273837162084,1
chr4_54733155_A_T_hg38,ENST00000288135.5,P10721:D816V,0.9989121886631479,1
chr18_51078285_G_A_hg38,ENST00000342988.7,Q13485:D493N,0.9983660782316194,1
chr16_68808730_A_G_hg38,ENST00000261769.10,P12830:Y190C,0.9813579122815957,1
chr19_1221230_G_T_hg38,ENST00000326873.11,Q15831:G251V,0.9861325793421422,1
chrX_67723710_A_G_hg38,ENST00000374690.9,P10275:T878A,0.6057251893161248,1
chr3_179218286_C_G_hg38,ENST00000263967.4,P42336:P539R,0.9698228604509704,1
chr2_157770386_T_C_hg38,ENST00000410057.6,Q04771:R258G,0.9636113706496914,1
chr17_7673824_C_G_hg38,ENST00000445888.6,P04637:G266R,0.9986346387590959,1
chr7_140778054_A_C_hg38,ENST00000646891.1,P15056:L485W,0.9996179325129291,1
chr18_51048789_C_T_hg38,ENST00000342988.7,Q13485:A118V,0.9960171904070321,1
chr1_114716124_C_G_hg38,ENST00000369535.5,P01111:G13R,0.9980526511899963,1
chr7_55165350_G_T_hg38,ENST00000275493.7,P00533:G598V,0.8382949503785279,1
chr9_125149801_G_A_hg38,ENST00000373547.8,O00743:R264C,0.9967391753508773,1
chr3_179234286_G_A_hg38,ENST00000263967.4,P42336:M1043I,0.9604939655562967,1
chr10_87933179_A_T_hg38,ENST00000371953.8,P60484:L140F,0.9915224181606916,1
chr2_61488232_C_T_hg38,ENST00000406957.5,O14980:R749Q,0.7438002601525308,1
chr10_121515280_T_C_hg38,ENST00000358487.9,P21802:Y375C,0.726274898574492,1
chr4_152326092_C_T_hg38,ENST00000603841.1,Q969H0:D520N,0.9988504218820127,1
chr3_10149795_C_G_hg38,ENST00000256474.2,P40337:L158V,0.902501828436769,1
chrX_20141630_T_C_hg38,ENST00000379607.10,P47813:N4S,0.6750095532351624,1
chr10_8073783_A_T_hg38,ENST00000346208.4,P23771:R364S,0.9999902841347978,1
chr14_37592003_G_C_hg38,ENST00000250448.3,P55317:R261G,0.9998061576040455,1
chr10_121515260_A_G_hg38,ENST00000358487.9,P21802:C382R,0.9964591895004801,1
chr3_41224610_C_G_hg38,ENST00000441708.2,P35222:S33C,0.9886507434906772,1
chr7_116782063_T_A_hg38,ENST00000397752.7,P08581:F1200I,0.9887162863315138,1
chr11_533552_C_A_hg38,ENST00000451590.5,P01112:K117N,0.9998281039367862,1
chr16_68811714_A_T_hg38,ENST00000261769.10,P12830:D288V,0.9880408500912268,1
chr4_54285926_A_T_hg38,ENST00000257290.10,P16234:D842V,0.999126655896796,1
chr4_54728092_T_C_hg38,ENST00000288135.5,P10721:V654A,0.9970460353166366,1
chr7_140753334_T_C_hg38,ENST00000646891.1,P15056:K601E,0.9990413066300933,1
chr22_41157398_G_A_hg38,ENST00000263253.9,Q09472:C1164Y,0.9981929804524956,1
chr17_42323050_G_C_hg38,ENST00000588969.5,P40763:S614R,0.9771957310017053,1
chr4_54733166_G_T_hg38,ENST00000288135.5,P10721:D820Y,0.9941960403614574,1
chr18_47848564_G_C_hg38,ENST00000402690.6,Q15796:T303R,0.9983239268205686,1
chr15_66481793_G_A_hg38,ENST00000307102.9,Q02750:E203K,0.9941901819179861,1
chr14_95103365_G_A_hg38,ENST00000527414.5,Q9UPY3:S1344L,0.999116859558192,1
chr2_197402636_T_G_hg38,ENST00000335508.10,O75533:K666T,0.9980377916165839,1
chr3_10146514_G_C_hg38,ENST00000256474.2,P40337:G114A,0.8212919393722041,1
chr2_61492337_C_T_hg38,ENST00000406957.5,O14980:E571K,0.9996700253673036,1
chr12_56098849_A_G_hg38,ENST00000267101.7,P21860:E928G,0.9526521044923041,1
chr7_55191831_T_A_hg38,ENST00000275493.7,P00533:L861Q,0.9965859163076085,1
chr3_179234289_T_A_hg38,ENST00000263967.4,P42336:N1044K,0.8010515725315844,1
chr12_56088653_A_G_hg38,ENST00000267101.7,P21860:K329E,0.9504387757772077,1
chr18_47848558_G_A_hg38,ENST00000402690.6,Q15796:P305L,0.9989131037632939,1
chr4_54727437_T_A_hg38,ENST00000288135.5,P10721:W557R,0.9997039664301721,1
chr7_2945898_C_A_hg38,ENST00000396946.8,Q9BXL7:E93D,0.9948550673804525,1
chr17_42329558_T_C_hg38,ENST00000588969.5,P40763:H410R,0.9985740431109151,1
chr17_7673796_C_A_hg38,ENST00000445888.6,P04637:C275F,0.997876752320241,1
chr1_155904470_C_A_hg38,ENST00000368323.8,Q92963:M90I,0.9700203636842415,1
chr18_51067134_G_T_hg38,ENST00000342988.7,Q13485:G419W,0.9997780762086523,1
chr7_148810369_T_C_hg38,ENST00000460911.5,Q15910:K660E,0.9989053407990667,1
chr4_1974938_A_G_hg38,ENST00000382895.7,O96028:T1150A,0.9948311104566787,1
chr17_7673764_C_T_hg38,ENST00000445888.6,P04637:E286K,0.9473064343180431,1
chr19_42287576_A_G_hg38,ENST00000575354.6,Q96RK0:N205S,0.9985391237321428,1
chr17_7676043_A_G_hg38,ENST00000445888.6,P04637:F109S,0.998879895187443,1
chr1_9719924_T_C_hg38,ENST00000377346.9,O00329:C416R,0.6668293569418444,1
chr1_11124516_G_T_hg38,ENST00000361445.9,P42345:S2215Y,0.905106504185799,1
chr7_2944252_T_G_hg38,ENST00000396946.8,Q9BXL7:K215T,0.9768507214856438,1
chr22_41169571_A_G_hg38,ENST00000263253.9,Q09472:Y1414C,0.9863637430796733,1
chr3_41224622_C_T_hg38,ENST00000441708.2,P35222:S37F,0.9951134076084638,1
chr1_11114338_A_T_hg38,ENST00000361445.9,P42345:L2427Q,0.9949197742191602,1
chr19_45370167_T_C_hg38,ENST00000391945.9,P18074:Y24C,0.905828879028663,1
chr3_179230348_G_A_hg38,ENST00000263967.4,P42336:E970K,0.5292406097848584,1
chr7_55165344_C_T_hg38,ENST00000275493.7,P00533:P596L,0.7557433218781686,1
chr17_39724008_G_T_hg38,ENST00000269571.9,P04626:D769Y,0.9848722129120202,1
chr17_31206298_G_A_hg38,ENST00000358273.8,P21359:R440Q,0.5742628808811258,1
chr1_11129790_A_T_hg38,ENST00000361445.9,P42345:F1888I,0.9887518895334059,1
chr12_25227341_T_A_hg38,ENST00000256078.9,P01116:Q61H,0.9977805167049771,1
chr14_95091292_T_C_hg38,ENST00000527414.5,Q9UPY3:E1813G,0.9945531272945124,1
chr17_7674944_C_G_hg38,ENST00000445888.6,P04637:R196P,0.9985226519942932,1
chr7_6400176_T_A_hg38,ENST00000348035.9,P63000:N92K,0.9980970016839724,1
chr19_42287566_C_T_hg38,ENST00000575354.6,Q96RK0:R202W,0.9995198882406656,1
chr1_11128107_G_T_hg38,ENST00000361445.9,P42345:T1977K,0.9837006788919374,1
chr7_6374769_G_A_hg38,ENST00000348035.9,P63000:G12R,0.9986127309017289,1
chr7_6387261_C_T_hg38,ENST00000348035.9,P63000:P29S,0.9968835148030148,1
chr3_179203761_T_G_hg38,ENST00000263967.4,P42336:V344G,0.9852954964329808,1
chr19_45357361_G_A_hg38,ENST00000391945.9,P18074:P463L,0.9955583104186118,1
chr2_197402765_T_C_hg38,ENST00000335508.10,O75533:Y623C,0.9995785676457319,1
chr15_66435117_G_C_hg38,ENST00000307102.9,Q02750:K57N,0.9992497903909007,1
chr1_26780157_G_A_hg38,ENST00000324856.13,O14497:G2087R,0.9990071456616603,1
chr7_151490964_A_T_hg38,ENST00000262187.10,Q15382:Y35N,0.9773601342555696,1
chr11_533874_T_C_hg38,ENST00000451590.5,P01112:Q61R,0.9908360723962465,1
chr18_51048720_A_G_hg38,ENST00000342988.7,Q13485:Y95C,0.9955282024695165,1
chr15_66435113_A_C_hg38,ENST00000307102.9,Q02750:Q56P,0.9937067871565167,1
chr7_140781611_C_A_hg38,ENST00000646891.1,P15056:G466V,0.9998910982804118,1
chr13_72761926_C_T_hg38,ENST00000377767.9,Q9Y2L1:R780K,0.9973359577277051,1
chr3_179210438_C_T_hg38,ENST00000263967.4,P42336:P471L,0.984824672084934,1
chr1_9726972_G_A_hg38,ENST00000377346.9,O00329:E1021K,0.9752680383357549,1
chr2_197401989_C_T_hg38,ENST00000335508.10,O75533:G740E,0.9998770926002553,1
chr17_7676037_A_G_hg38,ENST00000445888.6,P04637:L111P,0.9585085316204648,1
chr3_52576678_C_G_hg38,ENST00000296302.11,Q86U86:R1185P,0.993152548656677,1
chr3_179234312_C_A_hg38,ENST00000263967.4,P42336:T1052K,0.8489063931452877,1
chr17_7674250_C_T_hg38,ENST00000445888.6,P04637:C238Y,0.9995873203259338,1
chr20_32788884_G_A_hg38,ENST00000328111.6,Q9UBC3:V229M,0.9834485164831794,1
chr19_52213070_C_T_hg38,ENST00000322088.11,P30153:S256F,0.9995118269056681,1
chr13_72772227_C_A_hg38,ENST00000377767.9,Q9Y2L1:D479Y,0.9823151908380201,1
chr11_108347357_T_C_hg38,ENST00000452508.6,Q13315:I2888T,0.9939219570878273,1
chr3_179234302_G_C_hg38,ENST00000263967.4,P42336:G1049R,0.9554327713936478,1
chr19_10486725_C_A_hg38,ENST00000393623.6,Q14145:R601L,0.9873421450888882,1
chr12_49022634_G_A_hg38,ENST00000301067.11,O14686:R5432W,0.9936164614748852,1
chr17_7674193_A_T_hg38,ENST00000445888.6,P04637:L257Q,0.9953250694388985,1
chr15_67181441_C_T_hg38,ENST00000327367.9,P84022:R287W,0.9994075851300978,1
chr19_45368961_T_C_hg38,ENST00000391945.9,P18074:Y72C,0.9490128884439366,1
chr17_7673826_A_G_hg38,ENST00000445888.6,P04637:L265P,0.9918017574185876,1
chr9_125149782_G_A_hg38,ENST00000373547.8,O00743:S270L,0.9858044644691534,1
chr3_179204576_G_T_hg38,ENST00000263967.4,P42336:C378F,0.786565891864431,1
chr11_108347363_T_C_hg38,ENST00000452508.6,Q13315:L2890P,0.9995710215358338,1
chr19_10491943_C_A_hg38,ENST00000393623.6,Q14145:R320L,0.9700199542187337,1
chr7_140753336_A_T_hg38,ENST00000646891.1,P15056:V600E,0.9921844972561095,1
chr3_179234219_A_G_hg38,ENST00000263967.4,P42336:Y1021C,0.9843620624970417,1
chr1_155904494_A_C_hg38,ENST00000368323.8,Q92963:F82L,0.9998190631738912,1
chr17_7674202_A_C_hg38,ENST00000445888.6,P04637:I254S,0.9848500887870574,1
chr3_135201570_C_T_hg38,ENST00000398015.8,P54762:R743W,0.9981541433224445,1
chr12_25245347_C_T_hg38,ENST00000256078.9,P01116:G13D,0.9979947049145338,1
chr22_21772875_C_T_hg38,ENST00000398822.7,P28482:E322K,0.9884340300306428,1
chr7_55143387_G_A_hg38,ENST00000275493.7,P00533:R108K,0.909152068165578,1
chr14_95094127_C_T_hg38,ENST00000527414.5,Q9UPY3:D1709N,0.9975560268221876,1
chr17_7674191_C_T_hg38,ENST00000445888.6,P04637:E258K,0.9918942853524867,1
chr10_8064095_T_A_hg38,ENST00000346208.4,P23771:M293K,0.9991978568407379,1
chr3_179234297_A_G_hg38,ENST00000263967.4,P42336:H1047R,0.5324665384615979,1
chr14_104780108_A_C_hg38,ENST00000554848.5,P31749:L52R,0.958582352163914,1
chr9_136518762_C_T_hg38,ENST00000651671.1,P46531:G310R,0.995212179497348,1
chr3_41224616_T_G_hg38,ENST00000441708.2,P35222:I35S,0.9869539458906074,1
chr3_10149808_G_A_hg38,ENST00000256474.2,P40337:C162Y,0.9973972945506677,1
chr20_58909366_G_A_hg38,ENST00000371100.8,Q5JWF2:R844H,0.994635180623146,1
chr10_87961051_T_C_hg38,ENST00000371953.8,P60484:L320S,0.9992258270813333,1
chr22_41169525_G_A_hg38,ENST00000263253.9,Q09472:D1399N,0.9970702668863723,1
chr11_534286_C_G_hg38,ENST00000451590.5,P01112:G13R,0.9980240247611915,1
chr1_114716126_C_T_hg38,ENST00000369535.5,P01111:G12D,0.998650581691585,1
chr12_25245321_G_T_hg38,ENST00000256078.9,P01116:Q22K,0.9787609032383393,1
chr12_112489084_G_T_hg38,ENST00000351677.6,Q06124:G503V,0.999819108989069,1
chr1_11157173_C_A_hg38,ENST00000361445.9,P42345:C1483F,0.9951502736511885,1
chr3_41224606_G_T_hg38,ENST00000441708.2,P35222:D32Y,0.9951189327993707,1
chr1_11109320_T_A_hg38,ENST00000361445.9,P42345:I2500F,0.9952690150014507,1
chr3_38140768_T_C_hg38,ENST00000650905.1,Q99836:M219T,0.9777223375690342,1
chr12_112488466_C_T_hg38,ENST00000351677.6,Q06124:T468M,0.9946539886963588,1
chr2_208248388_C_T_hg38,ENST00000415913.5,O75874:R132H,0.9919720544063358,1
chr3_30691450_G_A_hg38,ENST00000295754.9,P37173:E519K,0.928121184290476,1
chr3_179210192_T_C_hg38,ENST00000263967.4,P42336:C420R,0.9813624076124663,1
chr6_394899_T_C_hg38,ENST00000380956.9,Q15306:C99R,0.9999902002312114,1
chr9_21974685_G_A_hg38,ENST00000304494.9,P42771:P48L,0.8970342346465648,1
chr4_54733175_T_G_hg38,ENST00000288135.5,P10721:Y823D,0.9994301326476023,1
chr10_87933035_C_A_hg38,ENST00000371953.8,P60484:D92E,0.9997338419747472,1
chr17_39711955_C_T_hg38,ENST00000269571.9,P04626:S310F,0.6940616944101121,1
chr19_42294907_C_T_hg38,ENST00000575354.6,Q96RK0:R1515C,0.9983282971952167,1
chr18_47848510_C_T_hg38,ENST00000402690.6,Q15796:R321Q,0.999444630616218,1
chr11_108347318_A_G_hg38,ENST00000452508.6,Q13315:N2875S,0.998226637771216,1
chr12_112489096_C_A_hg38,ENST00000351677.6,Q06124:T507K,0.9967980355045658,1
chr9_136518597_G_A_hg38,ENST00000651671.1,P46531:R365C,0.8333298136180959,1
chrX_20138622_C_T_hg38,ENST00000379607.10,P47813:G6D,0.9981667365352141,1
chr3_41227275_A_T_hg38,ENST00000441708.2,P35222:K335I,0.999698624962664,1
chr7_140753345_A_T_hg38,ENST00000646891.1,P15056:L597Q,0.9998812335024804,1
chr11_119278220_T_C_hg38,ENST00000264033.5,P22681:C384R,0.999987294189863,1
chr19_42287569_C_T_hg38,ENST00000575354.6,Q96RK0:P203S,0.9999053722737129,1
chr17_31327839_G_A_hg38,ENST00000358273.8,P21359:R1870Q,0.9877636242945746,1
chr7_2939861_A_G_hg38,ENST00000396946.8,Q9BXL7:L251P,0.9923846611390802,1
chr3_10149829_T_C_hg38,ENST00000256474.2,P40337:L169P,0.9929329285024944,1
chrX_67723701_C_T_hg38,ENST00000374690.9,P10275:H875Y,0.8537103933319102,1
chr3_179234176_G_C_hg38,ENST00000263967.4,P42336:G1007R,0.9708789274105468,1
chr2_224506991_A_C_hg38,ENST00000264414.9,Q13618:M299R,0.992529583413497,1
chr7_6402343_C_T_hg38,ENST00000348035.9,P63000:A159V,0.996801223663362,1
chr17_39725161_T_G_hg38,ENST00000269571.9,P04626:L869R,0.9953760950012952,1
chr1_241504142_C_T_hg38,ENST00000366560.3,P07954:M336I,0.8819747636893404,1
chr12_25225713_T_A_hg38,ENST00000256078.9,P01116:K117N,0.9996056553378377,1
chr17_49619076_T_C_hg38,ENST00000503676.5,O43791:K129E,0.9803501433046686,1
chr19_10156448_C_T_hg38,ENST00000340748.8,P26358:E432K,0.21161266591787786,1
chr10_43121968_T_C_hg38,ENST00000355710.8,P07949:M918T,0.9704248512111047,1
chr9_136517830_C_T_hg38,ENST00000651671.1,P46531:E455K,0.9847659464266075,1
chr3_10142179_G_A_hg38,ENST00000256474.2,P40337:S111N,0.9758389718725261,1
chr21_34880581_T_C_hg38,ENST00000344691.8,Q01196:R135G,0.9998511298120243,1
chr10_121520163_G_C_hg38,ENST00000358487.9,P21802:S252W,0.9926765017436749,1
chr4_54727444_T_A_hg38,ENST00000288135.5,P10721:V559D,0.9965109975193007,1
chr19_42287605_C_T_hg38,ENST00000575354.6,Q96RK0:R215W,0.9996912399648544,1
chr2_197401887_C_T_hg38,ENST00000335508.10,O75533:G742D,0.9990068419576205,1
chr7_6391997_C_A_hg38,ENST00000348035.9,P63000:Q61K,0.9919249826980142,1
chr17_42322401_T_A_hg38,ENST00000588969.5,P40763:D661V,0.9923645999208062,1
chrX_67711621_T_A_hg38,ENST00000374690.9,P10275:L702H,0.9971100862386145,1
chr19_52212726_C_T_hg38,ENST00000322088.11,P30153:R182W,0.9999437443042115,1
chr2_197402757_T_A_hg38,ENST00000335508.10,O75533:N626Y,0.9963048864239312,1
chr3_10146516_C_A_hg38,ENST00000256474.2,P40337:H115N,0.9908208194878093,1
chrX_20138613_C_T_hg38,ENST00000379607.10,P47813:G9D,0.9996104775054391,1
chr17_49619062_G_C_hg38,ENST00000503676.5,O43791:F133L,0.999828799235175,1
chr10_87960913_G_C_hg38,ENST00000371953.8,P60484:W274S,0.9914067748038922,1
chrX_20138595_C_T_hg38,ENST00000379607.10,P47813:G15D,0.9991588045909797,1
chr15_90088606_C_T_hg38,ENST00000330062.7,P48735:R172K,0.9943896275394424,1
chr9_21974678_C_A_hg38,ENST00000304494.9,P42771:Q50H,0.7201610750170031,1
chr10_87952143_G_A_hg38,ENST00000371953.8,P60484:R173H,0.9949981236888531,1
chr19_11033437_G_A_hg38,ENST00000429416.8,P51532:G1232S,0.992393267261639,1
chr18_63318275_G_T_hg38,ENST00000398117.1,P10415:A131D,0.624750970001956,1
chr3_10146523_G_T_hg38,ENST00000256474.2,P40337:W117L,0.9897383189563039,1
chr3_49375465_T_C_hg38,ENST00000418115.6,P61586:Y42C,0.9694999829597309,1
chr3_49375489_T_C_hg38,ENST00000418115.6,P61586:Y34C,0.9921905578834214,1
chr19_1220444_C_T_hg38,ENST00000326873.11,Q15831:P179L,0.9880094531658781,1
chr4_54727495_T_C_hg38,ENST00000288135.5,P10721:L576P,0.9996402484001843,1
chrX_71119403_G_A_hg38,ENST00000374080.8,Q93074:G44S,0.9950027036569181,1
chr8_73946733_T_C_hg38,ENST00000523815.5,Q15369:Y79C,0.9898237452146101,1
chr15_90088702_C_T_hg38,ENST00000330062.7,P48735:R140Q,0.9868349623939185,1
chr19_11023576_G_A_hg38,ENST00000429416.8,P51532:R973Q,0.9887656716884259,1
chr18_51065518_G_T_hg38,ENST00000342988.7,Q13485:D351Y,0.9997517483539798,1
chr3_10142080_A_G_hg38,ENST00000256474.2,P40337:N78S,0.8786644583693122,1
chr3_10142113_T_A_hg38,ENST00000256474.2,P40337:L89H,0.9888889815984696,1
chr10_87894050_G_A_hg38,ENST00000371953.8,P60484:M35I,0.9993298958981182,1
chr12_25245328_C_A_hg38,ENST00000256078.9,P01116:L19F,0.9811804119635966,1
chr3_138946321_G_C_hg38,ENST00000648323.1,P58012:C134W,0.9950756240793729,1
chr10_87925548_T_C_hg38,ENST00000371953.8,P60484:I67T,0.9979589545531969,1
chr17_39723967_T_C_hg38,ENST00000269571.9,P04626:L755S,0.999896564035577,1
chr14_37592129_G_A_hg38,ENST00000250448.3,P55317:R219C,0.999981030429183,1
chrX_20141636_G_A_hg38,ENST00000379607.10,P47813:P2L,0.9889031380433377,1
chr12_112488444_G_A_hg38,ENST00000351677.6,Q06124:A461T,0.9992171236205529,1
chr7_55156614_C_T_hg38,ENST00000275493.7,P00533:T363I,0.705902033805067,1
chrX_20138617_C_G_hg38,ENST00000379607.10,P47813:G8R,0.9995122727015892,1
chr7_6387277_C_G_hg38,ENST00000348035.9,P63000:P34R,0.9986477760712793,1
chr22_23834143_G_A_hg38,ENST00000644036.1,Q12824:R374Q,0.999275326739961,1
chr18_51065522_G_A_hg38,ENST00000342988.7,Q13485:G352E,0.9999823440791422,1
chr10_87925550_T_C_hg38,ENST00000371953.8,P60484:Y68H,0.9986719275019913,1
chr19_11030816_C_T_hg38,ENST00000429416.8,P51532:R1157W,0.9992321191277656,1
chr17_49619086_A_C_hg38,ENST00000503676.5,O43791:F125L,0.9996481452757194,1
chr10_87864515_T_G_hg38,ENST00000371953.8,P60484:Y16D,0.9987490813936094,1
chr21_43104376_A_G_hg38,ENST00000291552.8,P0DN76:I24T,0.9801309123015687,1
chr22_23834152_G_A_hg38,ENST00000644036.1,Q12824:R377H,0.9995663866844231,1
chr3_41233406_T_C_hg38,ENST00000441708.2,P35222:W383R,0.9998111569406175,1
chr22_41170484_G_C_hg38,ENST00000263253.9,Q09472:Q1455H,0.9846812209885345,1
chr2_197402759_C_T_hg38,ENST00000335508.10,O75533:R625H,0.9998329380640901,1
chr19_3118944_A_T_hg38,ENST00000078429.9,P29992:Q209L,0.9928143434750989,1
chr22_41170518_T_G_hg38,ENST00000263253.9,Q09472:Y1467D,0.9985748652141073,1
chr17_39723351_G_A_hg38,ENST00000269571.9,P04626:G660D,0.9761608947493109,1
chr10_87933061_T_C_hg38,ENST00000371953.8,P60484:I101T,0.9950923166637231,1
chr19_1220630_C_T_hg38,ENST00000326873.11,Q15831:S216F,0.9988168420619057,1
chr11_534288_C_T_hg38,ENST00000451590.5,P01112:G12D,0.9980798412244265,1
chr3_10146534_G_T_hg38,ENST00000256474.2,P40337:D121Y,0.9684777306268966,1
chr10_87952158_A_G_hg38,ENST00000371953.8,P60484:Y178C,0.9883761803974273,1
chr3_47106028_T_C_hg38,ENST00000409792.3,Q9BYW2:H1603R,0.9965012482232669,1
chr19_10499704_C_A_hg38,ENST00000393623.6,Q14145:M110I,0.9963747105265806,1
chr16_3738617_G_A_hg38,ENST00000262367.9,Q92793:R1446C,0.9942650183958935,1
chr3_10142182_A_G_hg38,ENST00000256474.2,P40337:Y112C,0.9527920460790802,1
chr10_87960922_C_T_hg38,ENST00000371953.8,P60484:T277I,0.9993121725957539,1
chr3_49368520_C_T_hg38,ENST00000418115.6,P61586:G62E,0.9998793893969766,1
chr20_58909542_G_C_hg38,ENST00000371100.8,Q5JWF2:Q870H,0.9996445056068802,1
chr19_11021837_C_T_hg38,ENST00000429416.8,P51532:T910M,0.9817207769828011,1
chr3_30691478_G_A_hg38,ENST00000295754.9,P37173:R528H,0.9951598049444311,1
chr12_50087379_G_A_hg38,ENST00000394963.9,Q96GM5:R183Q,0.9977325624947208,1
chr19_10499571_C_A_hg38,ENST00000393623.6,Q14145:V155F,0.700346862127203,1
chr16_3736703_A_G_hg38,ENST00000262367.9,Q92793:Y1503H,0.99917419713698,1
chr7_140753355_C_T_hg38,ENST00000646891.1,P15056:D594N,0.9993850816346646,1
chr10_87952119_G_A_hg38,ENST00000371953.8,P60484:G165E,0.9998965995363516,1
chr3_49360309_G_A_hg38,ENST00000418115.6,P61586:A161V,0.993243237166101,1
chr19_10492088_G_A_hg38,ENST00000393623.6,Q14145:R272C,0.8514857355587494,1
chr16_3736765_T_C_hg38,ENST00000262367.9,Q92793:Y1482C,0.9976371005749513,1
chr10_87957970_G_T_hg38,ENST00000371953.8,P60484:G251V,0.9996379459851238,1
chr3_10142110_G_T_hg38,ENST00000256474.2,P40337:W88L,0.9875891681514904,1
chr10_87933090_T_G_hg38,ENST00000371953.8,P60484:W111G,0.9975123230452901,1
chr3_179230256_A_G_hg38,ENST00000263967.4,P42336:D939G,0.7729544135926345,1
chr7_6401927_A_C_hg38,ENST00000348035.9,P63000:K116N,0.9990247177454352,1
chr3_179234169_G_A_hg38,ENST00000263967.4,P42336:M1004I,0.9831769882088204,1
chr19_10491905_C_A_hg38,ENST00000393623.6,Q14145:G333C,0.998060004319322,1
chr19_1220645_C_T_hg38,ENST00000326873.11,Q15831:P221L,0.9943094452388692,1
chr7_116783420_T_C_hg38,ENST00000397752.7,P08581:M1250T,0.9981013239647708,1
chr12_114682864_A_G_hg38,ENST00000257566.7,O15119:W113R,0.9999857400285131,1
chr12_25245350_C_T_hg38,ENST00000256078.9,P01116:G12D,0.9983611881117793,1
chr19_11033470_C_T_hg38,ENST00000429416.8,P51532:R1243W,0.9966406322446061,1
chr3_10142103_C_T_hg38,ENST00000256474.2,P40337:P86S,0.9897466894755265,1
chr2_197402107_C_A_hg38,ENST00000335508.10,O75533:V701F,0.9989249870865083,1
chr12_45836858_C_T_hg38,ENST00000334344.11,Q68CP9:S297F,0.9997200528702815,1
chr17_49619327_A_T_hg38,ENST00000503676.5,O43791:Y87N,0.9886274874504548,1
chr18_51078418_A_G_hg38,ENST00000342988.7,Q13485:D537G,0.9995779051505101,1
chr18_51065555_G_T_hg38,ENST00000342988.7,Q13485:C363F,0.9996575368335339,1
chr9_37020771_A_C_hg38,ENST00000358127.9,Q02548:V26G,0.944699728367453,1
chrX_20138611_T_C_hg38,ENST00000379607.10,P47813:K10E,0.998990179193747,1
chr17_49619070_A_C_hg38,ENST00000503676.5,O43791:W131G,0.9904548442974799,1
chr19_11013017_G_A_hg38,ENST00000429416.8,P51532:M781I,0.9982443902271968,1
chr10_121520091_A_C_hg38,ENST00000358487.9,P21802:F276C,0.9991788302165029,1
chr1_11128021_C_A_hg38,ENST00000361445.9,P42345:V2006F,0.9617062640964542,1
chr7_140753349_C_G_hg38,ENST00000646891.1,P15056:G596R,0.9999289870092387,1
chr17_49619281_A_C_hg38,ENST00000503676.5,O43791:F102C,0.9887635125959612,1
chr10_87931048_G_A_hg38,ENST00000371953.8,P60484:C71Y,0.9998163990827841,1
chr19_10492123_C_A_hg38,ENST00000393623.6,Q14145:R260L,0.9813535172577116,1
chr3_10142049_T_C_hg38,ENST00000256474.2,P40337:S68P,0.9321566636454193,1
chr9_77797577_C_T_hg38,ENST00000286548.9,P50148:R183Q,0.9972172242888977,1
chr18_51078336_G_A_hg38,ENST00000342988.7,Q13485:G510R,0.9999808327291159,1
chr10_87933037_A_G_hg38,ENST00000371953.8,P60484:H93R,0.9996887430860577,1
chr10_87952134_G_A_hg38,ENST00000371953.8,P60484:S170N,0.9996076476492012,1
chr14_65093796_T_C_hg38,ENST00000358664.9,P61244:H28R,0.9998127541593453,1
chr16_3736794_C_A_hg38,ENST00000262367.9,Q92793:W1472C,0.9999444717550479,1
chr19_42287654_G_A_hg38,ENST00000575354.6,Q96RK0:S231N,0.9996878272483262,1
chr19_1220642_A_C_hg38,ENST00000326873.11,Q15831:Q220P,0.9968319830476529,1
chrX_124045348_G_A_hg38,ENST00000371144.7,Q8N3U4:R216Q,0.9995925957809987,1
chr7_55191822_T_G_hg38,ENST00000275493.7,P00533:L858R,0.9967839594776341,1
chr3_38140801_G_A_hg38,ENST00000650905.1,Q99836:S230N,0.7719150913709439,1
chr10_87933148_G_A_hg38,ENST00000371953.8,P60484:R130Q,0.9995481058944236,1
chr3_10146625_T_A_hg38,ENST00000256474.2,P40337:I151N,0.998394013979023,1
chr1_11157242_A_G_hg38,ENST00000361445.9,P42345:L1460P,0.9968860898466455,1
chr3_47103390_G_A_hg38,ENST00000409792.3,Q9BYW2:R1625C,0.9980329208208879,1
chrX_45079215_A_C_hg38,ENST00000377967.8,O15550:Q1003P,0.9936326685941418,1
chr4_54264994_G_A_hg38,ENST00000257290.10,P16234:C235Y,0.9975860639171532,1
chr12_112489105_A_T_hg38,ENST00000351677.6,Q06124:Q510L,0.997974958124263,1
chr19_3115014_C_T_hg38,ENST00000078429.9,P29992:R183C,0.9946503687503566,1
chr14_65093773_T_A_hg38,ENST00000358664.9,P61244:R36W,0.9998482751297243,1
chr10_87933073_G_A_hg38,ENST00000371953.8,P60484:C105Y,0.9999669223835433,1
chr21_43104346_G_A_hg38,ENST00000291552.8,P0DN76:S34F,0.9997139177702907,1
chr16_3738605_A_C_hg38,ENST00000262367.9,Q92793:Y1450D,0.9994186271864488,1
chr10_87864540_A_G_hg38,ENST00000371953.8,P60484:D24G,0.999796028420344,1
chr19_1220495_G_T_hg38,ENST00000326873.11,Q15831:G196V,0.9974878887480717,1
chr16_3736704_C_A_hg38,ENST00000262367.9,Q92793:W1502C,0.9998930579930092,1
chr3_30674186_G_A_hg38,ENST00000295754.9,P37173:D446N,0.9912846296396591,1
chr19_42287674_T_A_hg38,ENST00000575354.6,Q96RK0:W238R,0.9999689069932265,1
chr10_87894057_C_T_hg38,ENST00000371953.8,P60484:P38S,0.9998335560114212,1
chr1_11157245_G_T_hg38,ENST00000361445.9,P42345:A1459D,0.9987867071044495,1
chr10_87933223_A_G_hg38,ENST00000371953.8,P60484:Y155C,0.9968204079658396,1
chr19_1220708_G_T_hg38,ENST00000326873.11,Q15831:G242V,0.9988581604478687,1
chr10_87925530_A_G_hg38,ENST00000371953.8,P60484:H61R,0.9986778529957003,1
chr18_47841843_C_A_hg38,ENST00000402690.6,Q15796:C463F,0.9513172941110278,1
chr3_41233420_T_A_hg38,ENST00000441708.2,P35222:N387K,0.9999494270868681,1
chr16_3738649_T_C_hg38,ENST00000262367.9,Q92793:D1435G,0.9995747100388566,1
chr7_140753393_T_C_hg38,ENST00000646891.1,P15056:N581S,0.6915383767984643,1
chr1_11117039_C_G_hg38,ENST00000361445.9,P42345:M2327I,0.9978349174880532,1
chr10_87952155_A_G_hg38,ENST00000371953.8,P60484:Y177C,0.991198044126048,1
chr10_87933165_T_C_hg38,ENST00000371953.8,P60484:C136R,0.9998131284649987,1
chr18_51065455_G_A_hg38,ENST00000342988.7,Q13485:E330K,0.9996398257483367,1
chr7_6387229_G_A_hg38,ENST00000348035.9,P63000:C18Y,0.9992830995755367,1
chr18_51067036_G_A_hg38,ENST00000342988.7,Q13485:G386D,0.9999633625599417,1
chr10_87952137_A_G_hg38,ENST00000371953.8,P60484:Q171R,0.9992638821358103,1
chr3_49368499_A_G_hg38,ENST00000418115.6,P61586:L69P,0.9997517721463492,1
chr18_51078409_A_C_hg38,ENST00000342988.7,Q13485:Q534P,0.9997909596329424,1
chr10_87933129_T_A_hg38,ENST00000371953.8,P60484:C124S,0.999482753315041,1
chr10_87933139_G_A_hg38,ENST00000371953.8,P60484:G127E,0.9999781094918613,1
chr12_25245372_T_C_hg38,ENST00000256078.9,P01116:K5E,0.9893146141237488,1
chr19_1220450_A_T_hg38,ENST00000326873.11,Q15831:N181I,0.9988895401113396,1
chr16_67612031_C_G_hg38,ENST00000645699.1,P49711:H288D,0.9999254933648666,1
chr3_49375525_A_C_hg38,ENST00000418115.6,P61586:L22R,0.9965557443704515,1
chr18_51078380_G_C_hg38,ENST00000342988.7,Q13485:W524C,0.9998532806357789,1
chr10_87864548_T_G_hg38,ENST00000371953.8,P60484:Y27D,0.9936918927763355,1
chr3_10142085_A_C_hg38,ENST00000256474.2,P40337:S80R,0.9984283018068421,1
chr19_1220700_G_T_hg38,ENST00000326873.11,Q15831:W239C,0.9992950574613455,1
chr16_67612019_C_T_hg38,ENST00000645699.1,P49711:H284Y,0.9994556978455152,1
chrX_67717530_G_C_hg38,ENST00000374690.9,P10275:W742C,0.9984236605900549,1
chr3_10142041_C_T_hg38,ENST00000256474.2,P40337:S65L,0.9839600751122226,1
chr3_179230039_G_T_hg38,ENST00000263967.4,P42336:C901F,0.9981424209599237,1
chr1_2559851_C_G_hg38,ENST00000355716.4,Q92956:C111W,0.9302507162695077,1
chr19_1220488_G_T_hg38,ENST00000326873.11,Q15831:D194Y,0.9985644415507047,1
chr10_87933145_G_A_hg38,ENST00000371953.8,P60484:G129E,0.9999305217347503,1
chr18_51078384_G_A_hg38,ENST00000342988.7,Q13485:E526K,0.9993819209873189,1
chr9_136517874_C_A_hg38,ENST00000651671.1,P46531:C440F,0.9929580833680448,1
chr19_11033309_G_A_hg38,ENST00000429416.8,P51532:R1189Q,0.9989249471786991,1
chr17_40354351_T_C_hg38,ENST00000394089.6,P10276:F286S,0.999908906307223,1
chr3_49375540_C_A_hg38,ENST00000418115.6,P61586:G17V,0.999671386328321,1
chr18_51078415_T_C_hg38,ENST00000342988.7,Q13485:L536P,0.9999666994223035,1
chrX_47179127_C_G_hg38,ENST00000377604.8,P98175:R230G,0.9990348313191786,1
chr19_11018979_G_A_hg38,ENST00000429416.8,P51532:E821K,0.9990274121863194,1
chr10_87933154_G_A_hg38,ENST00000371953.8,P60484:G132D,0.9999691834011112,1
chr3_38141150_T_C_hg38,ENST00000650905.1,Q99836:L252P,0.9974265849145818,1
chr21_43094667_T_G_hg38,ENST00000291552.8,P0DN76:Q157P,0.9971112464334307,1
chr16_3736714_A_G_hg38,ENST00000262367.9,Q92793:L1499P,0.9998652086505018,1
chr5_177260151_G_C_hg38,ENST00000439151.6,Q96L73:C1710S,0.9998137634782587,1
chr19_1220650_G_A_hg38,ENST00000326873.11,Q15831:E223K,0.9976490859640816,1
chr3_47101476_T_C_hg38,ENST00000409792.3,Q9BYW2:Y1666C,0.9987806926565925,1
chr9_77794572_T_G_hg38,ENST00000286548.9,P50148:Q209P,0.9973619426138763,1
chr19_11030750_C_T_hg38,ENST00000429416.8,P51532:R1135W,0.998494516356313,1
chr3_10142068_T_A_hg38,ENST00000256474.2,P40337:V74D,0.9932233143480175,1
chr19_11033317_C_T_hg38,ENST00000429416.8,P51532:R1192C,0.9984092414512766,1
chr10_87952145_T_G_hg38,ENST00000371953.8,P60484:Y174D,0.9996232571889814,1
chr7_55157738_G_A_hg38,ENST00000275493.7,P00533:G428D,0.9981601643675301,0
chr19_10991207_A_G_hg38,ENST00000429416.8,P51532:N435D,0.19425241065187618,0
chr19_52219773_T_A_hg38,ENST00000322088.11,P30153:L404Q,0.9999195701170543,0
chr4_1806285_C_T_hg38,ENST00000440486.7,P22607:P663L,0.9693752432239878,0
chr1_11238608_A_G_hg38,ENST00000361445.9,P42345:L599P,0.9915374048854478,0
chr7_81757225_C_T_hg38,ENST00000222390.11,P14210:C149Y,0.995138102191008,0
chr6_157207368_T_C_hg38,ENST00000350026.10,Q8NFD5:L2063P,0.9823915565371008,0
chr16_89279209_T_C_hg38,ENST00000642600.1,Q6UB99:R2445G,0.9953420178121881,0
chr19_10991261_A_G_hg38,ENST00000429416.8,P51532:T453A,0.9959316565960751,0
chr11_108353868_G_T_hg38,ENST00000452508.6,Q13315:G2925V,0.9875394838554042,0
chr11_64360558_G_A_hg38,ENST00000334205.9,O75676:G143D,0.9949289018647566,0
chr11_64359399_A_G_hg38,ENST00000334205.9,O75676:E26G,0.42139788787353477,0
chrX_45083507_G_A_hg38,ENST00000377967.8,O15550:R1111H,0.9445521283436534,0
chr17_80823199_C_T_hg38,ENST00000306801.8,Q8N122:P371L,0.8643505362320277,0
chr12_49024823_C_G_hg38,ENST00000301067.11,O14686:R5303P,0.9974303560081579,0
chr22_41170452_G_T_hg38,ENST00000263253.9,Q09472:D1445Y,0.9983898401173525,0
chr19_42294887_A_G_hg38,ENST00000575354.6,Q96RK0:Q1508R,0.9942805821158385,0
chr2_197402637_T_C_hg38,ENST00000335508.10,O75533:K666E,0.9997936513735356,0
chr2_211428455_C_T_hg38,ENST00000342788.9,Q15303:C891Y,0.9985700292030091,0
chr1_11117064_T_C_hg38,ENST00000361445.9,P42345:N2319S,0.3394450471173532,0
chr3_41235737_T_A_hg38,ENST00000441708.2,P35222:M566K,0.99324931662236,0
chr16_2172340_G_C_hg38,ENST00000326181.11,Q6Q0C0:G209R,0.9389931239583063,0
chr5_233615_G_A_hg38,ENST00000264932.11,P31040:R345Q,0.9826885184216487,0
chr17_31232836_A_G_hg38,ENST00000358273.8,P21359:N1151D,0.9554139015232316,0
chr1_241502480_T_C_hg38,ENST00000366560.3,P07954:N400S,0.06506337222113079,0
chr10_43106550_C_T_hg38,ENST00000355710.8,P07949:R348W,0.28577259452661974,0
chr19_10991168_G_A_hg38,ENST00000429416.8,P51532:V422M,0.2778338459828712,0
chr22_41176302_T_G_hg38,ENST00000263253.9,Q09472:I1612S,0.91793358182227,0
chr4_54288848_G_C_hg38,ENST00000257290.10,P16234:K908N,0.9577559490102131,0
chr14_37592132_T_G_hg38,ENST00000250448.3,P55317:I218L,0.9929500605617225,0
chr12_49026525_G_C_hg38,ENST00000301067.11,O14686:S5147R,0.5934003583945229,0
chrX_47568839_C_T_hg38,ENST00000377045.9,P10398:R400C,0.13408480910342352,0
chr16_3731410_G_T_hg38,ENST00000262367.9,Q92793:P1652T,0.41369412018141344,0
chr16_2175389_T_C_hg38,ENST00000326181.11,Q6Q0C0:L492P,0.9993407109781333,0
chr1_11127053_A_G_hg38,ENST00000361445.9,P42345:L2103P,0.9995379408661609,0
chr19_10499436_G_A_hg38,ENST00000393623.6,Q14145:H200Y,0.125819767501098,0
chr1_243552810_T_C_hg38,ENST00000673466.1,Q9Y243:E361G,0.6589933830638788,0
chr2_197401788_C_A_hg38,ENST00000335508.10,O75533:R775L,0.9966537811629046,0
chr4_55098731_A_G_hg38,ENST00000263923.5,P35968:L780P,0.9614970654816788,0
chr7_152145198_C_T_hg38,ENST00000355193.6,Q8NEZ4:R4710H,0.8944719836442541,0
chr6_157203929_G_C_hg38,ENST00000350026.10,Q8NFD5:W1640S,0.9985819014542019,0
chr5_228275_T_G_hg38,ENST00000264932.11,P31040:C238G,0.642296426013034,0
chr3_179199001_A_C_hg38,ENST00000263967.4,P42336:H59P,0.508215449741211,0
chr13_72773755_C_G_hg38,ENST00000377767.9,Q9Y2L1:A390P,0.9592577896186716,0
chrX_124031125_G_C_hg38,ENST00000371144.7,Q8N3U4:Q96H,0.7855444257724825,0
chr17_31327712_C_T_hg38,ENST00000358273.8,P21359:R1828W,0.9625035535795037,0
chr10_43118459_T_A_hg38,ENST00000355710.8,P07949:Y791N,0.3111814284331949,0
chr19_10149608_G_A_hg38,ENST00000340748.8,P26358:H795Y,0.49573872242093764,0
chr10_121488028_T_C_hg38,ENST00000358487.9,P21802:D650G,0.8368694213887726,0
chr17_80822296_C_G_hg38,ENST00000306801.8,Q8N122:P329R,0.9774196270451448,0
chr12_56098852_G_A_hg38,ENST00000267101.7,P21860:R929Q,0.9831712618278786,0
chr7_140801460_C_T_hg38,ENST00000646891.1,P15056:R271H,0.9123944472808696,0
chr1_241500536_T_C_hg38,ENST00000366560.3,P07954:T431A,0.0961294683448961,0
chr2_25240423_A_G_hg38,ENST00000321117.9,Q9Y6K1:F734S,0.9993879202831935,0
chr12_49043912_G_A_hg38,ENST00000301067.11,O14686:R1759C,0.8402843417736477,0
chr9_134408275_G_C_hg38,ENST00000481739.2,P19793:A136P,0.9961049053606644,0
chr15_44715586_C_G_hg38,ENST00000648006.2,P61769:S77R,0.8670628011271276,0
chr2_29222585_C_T_hg38,ENST00000389048.8,Q9UM73:G1128R,0.999795097171808,0
chr9_136518806_T_A_hg38,ENST00000651671.1,P46531:D295V,0.939723900196119,0
chr1_241504224_G_A_hg38,ENST00000366560.3,P07954:P309L,0.20734946158748555,0
chr22_28695816_A_G_hg38,ENST00000650281.1,O96017:C385R,0.9936814266957184,0
chr3_38140453_G_A_hg38,ENST00000650905.1,Q99836:E177K,0.5856707678267197,0
chr17_80707842_C_T_hg38,ENST00000306801.8,Q8N122:A117V,0.988447704234896,0
chr3_30688423_G_A_hg38,ENST00000295754.9,P37173:R479Q,0.35171183831799424,0
chr1_241506098_T_C_hg38,ENST00000366560.3,P07954:Y270C,0.08727125417241788,0
chr3_138665178_T_C_hg38,ENST00000477593.5,P42338:T844A,0.5985015896150467,0
chr19_18168881_A_G_hg38,ENST00000617130.4,O00459:Y655C,0.8076756408215419,0
chr9_77922175_A_G_hg38,ENST00000286548.9,P50148:Y103H,0.1428166413299627,0
chr3_47098046_T_C_hg38,ENST00000409792.3,Q9BYW2:N1684S,0.08499155838210674,0
chr20_32802460_G_A_hg38,ENST00000328111.6,Q9UBC3:G741R,0.9956346860923865,0
chr2_25241707_C_T_hg38,ENST00000321117.9,Q9Y6K1:G646E,0.9997473845021486,0
chr12_120993579_A_G_hg38,ENST00000257555.10,P20823:T196A,0.06228767805140171,0
chr21_34880572_C_T_hg38,ENST00000344691.8,Q01196:G138S,0.9991483597397249,0
chr4_1953393_G_T_hg38,ENST00000382895.7,O96028:G736V,0.9764118192805312,0
chr20_9565973_C_T_hg38,ENST00000378429.3,Q9P286:E468K,0.782533806943561,0
chr7_81720829_C_G_hg38,ENST00000222390.11,P14210:G396A,0.928648157755572,0
chr3_138946520_C_A_hg38,ENST00000648323.1,P58012:R68L,0.9493368505576458,0
chr15_98891507_C_T_hg38,ENST00000650285.1,P08069:R275C,0.9728255006713321,0
chr1_11109322_T_C_hg38,ENST00000361445.9,P42345:Q2499R,0.4735288952867216,0
chr7_81729713_T_C_hg38,ENST00000222390.11,P14210:E311G,0.22702523738479197,0
chr10_8073874_G_A_hg38,ENST00000346208.4,P23771:A395T,0.07282416786576194,0
chr7_129211038_C_T_hg38,ENST00000249373.8,Q99835:R576W,0.9323183496722355,0
chr10_87933187_G_A_hg38,ENST00000371953.8,P60484:G143D,0.3883008501452278,0
chr20_32807788_C_T_hg38,ENST00000328111.6,Q9UBC3:T816I,0.9990037653501435,0
chr9_21974802_A_T_hg38,ENST00000304494.9,P42771:M9K,0.12655760397175114,0
chr7_55163734_G_A_hg38,ENST00000275493.7,P00533:E545K,0.11049777720975837,0
chr12_132672833_G_A_hg38,ENST00000320574.9,Q07864:R494W,0.9801158406251042,0
chr1_114708605_C_A_hg38,ENST00000369535.5,P01111:R167L,0.80326686955324,0
chr1_9726940_A_C_hg38,ENST00000377346.9,O00329:E1010A,0.30669615727473265,0
chr11_64368190_A_T_hg38,ENST00000334205.9,O75676:D377V,0.18610364343184652,0
chr2_197423929_A_G_hg38,ENST00000335508.10,O75533:L25P,0.41739795973969174,0
chr20_58910774_A_G_hg38,ENST00000371100.8,Q5JWF2:N1020S,0.1559749384304855,0
chr17_31159084_T_G_hg38,ENST00000358273.8,P21359:C93W,0.9989456934524548,0
chr1_77964740_T_C_hg38,ENST00000370768.6,Q96AE4:K248R,0.088421206632215,0
chr6_151944179_G_A_hg38,ENST00000206249.7,P03372:R256Q,0.9425325078766746,0
chr20_42082003_C_T_hg38,ENST00000373187.5,O14522:R1384H,0.7080203173150823,0
chr15_98891451_A_G_hg38,ENST00000650285.1,P08069:Y256C,0.534357250146784,0
chr17_58363352_C_A_hg38,ENST00000577716.5,Q68DV7:A169S,0.5142843651922451,0
chr22_21772941_T_C_hg38,ENST00000398822.7,P28482:K300E,0.29400614332889946,0
chr22_23816923_G_A_hg38,ENST00000644036.1,Q12824:R261H,0.9863763741809555,0
chr17_40354318_C_T_hg38,ENST00000394089.6,P10276:T275M,0.43950027578285494,0
chr22_41176521_T_C_hg38,ENST00000263253.9,Q09472:V1685A,0.8727894707330953,0
chr17_40352008_A_C_hg38,ENST00000394089.6,P10276:K190Q,0.1254601946938834,0
chr14_95116469_T_C_hg38,ENST00000527414.5,Q9UPY3:Y579C,0.9679556807508062,0
chr13_72772257_C_T_hg38,ENST00000377767.9,Q9Y2L1:D469N,0.38108165598428106,0
chr9_136505686_C_T_hg38,ENST00000651671.1,P46531:E1404K,0.09611292023335612,0
chr7_140777029_G_C_hg38,ENST00000646891.1,P15056:A526G,0.5175282344360302,0
chr7_152148836_A_C_hg38,ENST00000355193.6,Q8NEZ4:I4364S,0.8269804753491526,0
chr4_54277930_G_A_hg38,ENST00000257290.10,P16234:M642I,0.9370900382530511,0
chr4_186618829_A_C_hg38,ENST00000441802.7,Q14517:L2586R,0.9358188018320603,0
chr16_89286122_G_A_hg38,ENST00000642600.1,Q6UB99:P270L,0.9834147064748493,0
chr18_63128707_G_C_hg38,ENST00000398117.1,P10415:S213C,0.31828797717122626,0
chr5_132588768_T_C_hg38,ENST00000378823.8,Q92878:L378P,0.9329834664353689,0
chr1_2558346_A_G_hg38,ENST00000355716.4,Q92956:Y61C,0.8390316730089011,0
chr12_56099657_T_C_hg38,ENST00000267101.7,P21860:I950T,0.895987540088048,0
chr19_5221064_T_C_hg38,ENST00000587303.5,Q13332:K1131E,0.336159372829044,0
chr11_108335868_T_G_hg38,ENST00000452508.6,Q13315:D2725E,0.999204916811371,0
chr16_56841772_T_C_hg38,ENST00000308159.10,Q8N1F7:L763P,0.7114182289490439,0
chr2_211431063_C_T_hg38,ENST00000342788.9,Q15303:R842Q,0.9781666822937126,0
chr4_1801843_C_T_hg38,ENST00000440486.7,P22607:P250S,0.6477765068125045,0
chr13_72763497_G_A_hg38,ENST00000377767.9,Q9Y2L1:P694L,0.9597873540279447,0
chr19_10155014_G_A_hg38,ENST00000340748.8,P26358:A496V,0.11430058871971413,0
chr9_136505523_G_A_hg38,ENST00000651671.1,P46531:A1458V,0.10007703529112878,0
chr4_54278511_C_T_hg38,ENST00000257290.10,P16234:R718W,0.6679130882667189,0
chr17_12107908_C_T_hg38,ENST00000353533.10,P45985:A211V,0.46920276918952164,0
chr11_108345882_C_T_hg38,ENST00000452508.6,Q13315:T2853M,0.46727909292244296,0
chr1_26780592_C_T_hg38,ENST00000324856.13,O14497:R2232W,0.8895993534559224,0
chr9_8331587_A_T_hg38,ENST00000540109.5,P23468:H1843Q,0.8413356046089525,0
chr17_31227539_A_T_hg38,ENST00000358273.8,P21359:H781L,0.18825565908148337,0
chr2_25240439_G_A_hg38,ENST00000321117.9,Q9Y6K1:R729W,0.9929943865471644,0
chr9_99142659_C_T_hg38,ENST00000374994.9,P36897:A310V,0.3477900549833313,0
chr8_68060680_G_A_hg38,ENST00000288368.5,Q70Z35:E414K,0.9111089058762644,0
chr9_136505484_G_T_hg38,ENST00000651671.1,P46531:A1471E,0.17431519269197684,0
chrX_40052350_G_A_hg38,ENST00000378444.9,Q6W2J9:S1676F,0.9768348483775979,0
chr17_31259051_A_G_hg38,ENST00000358273.8,P21359:N1451S,0.7604109105802681,0
chr7_129206527_G_A_hg38,ENST00000249373.8,Q99835:G402S,0.3011788135499687,0
chr2_224535540_T_C_hg38,ENST00000264414.9,Q13618:I122M,0.9975325197971079,0
chr19_5273523_G_A_hg38,ENST00000587303.5,Q13332:R100W,0.9720949511421607,0
chr9_136497459_C_A_hg38,ENST00000651671.1,P46531:D2094Y,0.6246519374683935,0
chr15_98899545_C_T_hg38,ENST00000650285.1,P08069:R391C,0.9589800445796619,0
chr3_138664024_T_A_hg38,ENST00000477593.5,P42338:D893V,0.1433324984629475,0
chr8_73946776_T_C_hg38,ENST00000523815.5,Q15369:I65V,0.967101290476726,0
chrX_47186164_G_C_hg38,ENST00000377604.8,P98175:A844P,0.10950803187241986,0
chr12_49042307_G_A_hg38,ENST00000301067.11,O14686:P1964L,0.4394994986872056,0
chr8_73946682_G_C_hg38,ENST00000523815.5,Q15369:A96G,0.40619873002800094,0
chr8_68217633_C_T_hg38,ENST00000288368.5,Q70Z35:T1541M,0.41031180407135653,0
chr2_39023158_C_T_hg38,ENST00000402219.6,Q07889:E424K,0.9307259487542511,0
chr13_72773692_A_G_hg38,ENST00000377767.9,Q9Y2L1:Y411H,0.8716920784568699,0
chr3_12584925_C_G_hg38,ENST00000251849.8,P04049:K575N,0.8131491741229007,0
chr3_30672121_G_T_hg38,ENST00000295754.9,P37173:R313L,0.9742362685986116,0
chr19_5211656_C_A_hg38,ENST00000587303.5,Q13332:C1723F,0.9635909448284813,0
chr19_10987890_G_A_hg38,ENST00000429416.8,P51532:D362N,0.8177903511827356,0
chr2_208243558_A_C_hg38,ENST00000415913.5,O75874:I189M,0.6537196647613661,0
chr5_233543_G_T_hg38,ENST00000264932.11,P31040:S321I,0.4950579415333441,0
chr19_45352589_C_T_hg38,ENST00000391945.9,P18074:D655N,0.9921455019388332,0
chr17_42333713_G_C_hg38,ENST00000588969.5,P40763:L337V,0.7922080155704514,0
chr12_56093779_T_A_hg38,ENST00000267101.7,P21860:V499E,0.13541329933403684,0
chr20_42110424_C_A_hg38,ENST00000373187.5,O14522:V1055F,0.9701264514901854,0
chr7_81743426_A_C_hg38,ENST00000222390.11,P14210:D264E,0.7588786543694797,0
chr9_21974739_G_A_hg38,ENST00000304494.9,P42771:A30V,0.13339816944040533,0
chr12_132664444_C_T_hg38,ENST00000320574.9,Q07864:M829I,0.8862194567812065,0
chr17_31229356_G_A_hg38,ENST00000358273.8,P21359:R914Q,0.3312431265665653,0
chr6_93410754_T_C_hg38,ENST00000369303.9,Q15375:I193M,0.47432955975957053,0
chr11_108345884_C_T_hg38,ENST00000452508.6,Q13315:R2854C,0.536039947629636,0
chrX_71134390_A_G_hg38,ENST00000374080.8,Q93074:T1551A,0.10968781182011389,0
chr17_7674233_C_A_hg38,ENST00000445888.6,P04637:G244C,0.9977935674276206,0
chr10_43114515_G_A_hg38,ENST00000355710.8,P07949:A639T,0.08871531064654477,0
chr9_8486146_A_G_hg38,ENST00000540109.5,P23468:Y891H,0.9543353429458571,0
chr7_116740067_G_T_hg38,ENST00000397752.7,P08581:V504F,0.3082817541438622,0
chr16_2173285_G_A_hg38,ENST00000326181.11,Q6Q0C0:E300K,0.6367812759218314,0
chr12_45904949_T_A_hg38,ENST00000334344.11,Q68CP9:H1793Q,0.8968699648790774,0
chr3_134951440_G_C_hg38,ENST00000398015.8,P54762:E65Q,0.1218506752973917,0
chr2_15945931_A_G_hg38,ENST00000281043.4,P04198:E410G,0.8773429628308288,0
chr4_152347001_C_G_hg38,ENST00000603841.1,Q969H0:G219R,0.8515212456418761,0
chr16_2557943_G_A_hg38,ENST00000342085.9,O15530:G89R,0.9997637315496687,0
chr10_43105143_C_G_hg38,ENST00000355710.8,P07949:P273A,0.07137156403051695,0
chr1_241513635_T_A_hg38,ENST00000366560.3,P07954:I116F,0.3998584472322234,0
chr2_25240438_C_A_hg38,ENST00000321117.9,Q9Y6K1:R729L,0.9885557086018385,0
chr5_177267670_A_G_hg38,ENST00000439151.6,Q96L73:K1752R,0.2632127691852009,0
chr19_45363768_C_T_hg38,ENST00000391945.9,P18074:V365M,0.5299711975101389,0
chr22_21769314_C_G_hg38,ENST00000398822.7,P28482:A325P,0.9158695459144244,0
chr11_108331919_T_G_hg38,ENST00000452508.6,Q13315:L2557W,0.8962363942040896,0
chr2_203870847_C_T_hg38,ENST00000648405.2,P16410:T124M,0.08201341388924623,0
chr10_43114598_G_T_hg38,ENST00000355710.8,P07949:K666N,0.5335208715688808,0
chr17_42333710_C_T_hg38,ENST00000588969.5,P40763:V338I,0.2739828372082388,0
chr1_26779440_G_T_hg38,ENST00000324856.13,O14497:G1848W,0.9809705178599841,0
chr12_132664391_C_T_hg38,ENST00000320574.9,Q07864:R847Q,0.9075730888769612,0
chr2_39023055_T_C_hg38,ENST00000402219.6,Q07889:E458G,0.9205820878862743,0
chr11_119277782_C_G_hg38,ENST00000264033.5,P22681:Q345E,0.18488473642420494,0
chr10_121551382_G_A_hg38,ENST00000358487.9,P21802:R178C,0.8805925024051469,0
chr12_114682947_G_T_hg38,ENST00000257566.7,O15119:A85E,0.4820588050446029,0
chr22_28695159_A_C_hg38,ENST00000650281.1,O96017:I448S,0.5502350065126522,0
chr4_54274552_T_C_hg38,ENST00000257290.10,P16234:V527A,0.45713670931536604,0
chr10_43111375_T_A_hg38,ENST00000355710.8,P07949:C478S,0.7834257697705008,0
chr4_186603514_A_G_hg38,ENST00000441802.7,Q14517:L3671P,0.6914765558519244,0
chr12_49034911_T_C_hg38,ENST00000301067.11,O14686:D3419G,0.9487400627997905,0
chr17_39715862_C_T_hg38,ENST00000269571.9,P04626:T479M,0.14214545149819155,0
chr4_54729401_G_A_hg38,ENST00000288135.5,P10721:R686H,0.4874537202918229,0
chr4_54698478_G_A_hg38,ENST00000288135.5,P10721:A178T,0.0744974996617691,0
chr10_43114651_C_T_hg38,ENST00000355710.8,P07949:P684L,0.24856602290656143,0
chr8_68097189_C_A_hg38,ENST00000288368.5,Q70Z35:S847R,0.7787141429644957,0
chr2_201285061_G_A_hg38,ENST00000432109.6,Q14790:G350R,0.6261824244308258,0
chr7_55154116_T_C_hg38,ENST00000275493.7,P00533:Y285H,0.9619463367093853,0
chr2_208248401_T_C_hg38,ENST00000415913.5,O75874:I128V,0.11931463783799161,0
chr4_54707208_C_G_hg38,ENST00000288135.5,P10721:Q346E,0.08637927141010705,0
chr16_2172500_G_A_hg38,ENST00000326181.11,Q6Q0C0:R232Q,0.10806189611196172,0
chr13_72761671_C_T_hg38,ENST00000377767.9,Q9Y2L1:R829H,0.9527491350954312,0
chr2_203872733_C_A_hg38,ENST00000648405.2,P16410:T198K,0.639618770511846,0
chr19_45357365_A_C_hg38,ENST00000391945.9,P18074:S462A,0.6424352689404736,0
chr19_10499535_C_T_hg38,ENST00000393623.6,Q14145:V167I,0.24476747231686174,0
chr7_129189461_G_C_hg38,ENST00000249373.8,Q99835:G104R,0.13476045555639649,0
chr19_42294226_C_T_hg38,ENST00000575354.6,Q96RK0:R1417C,0.745510638664561,0
chr8_73956010_T_C_hg38,ENST00000523815.5,Q15369:M17V,0.14411241891253734,0
chr12_132668446_A_T_hg38,ENST00000320574.9,Q07864:F695I,0.45218297758703074,0
chr9_8500985_G_T_hg38,ENST00000540109.5,P23468:P633T,0.8741797495121552,0
chr10_113141269_C_T_hg38,ENST00000355995.8,Q9NQB0:P213L,0.8001068924286455,0
chr1_119967597_G_C_hg38,ENST00000256646.7,Q04721:A430G,0.11704652272481487,0
chr8_38421806_C_T_hg38,ENST00000447712.6,P11362:V358I,0.16476025379593395,0
chr9_99128946_C_G_hg38,ENST00000374994.9,P36897:D63E,0.11076553737350181,0
chr16_2597210_G_A_hg38,ENST00000342085.9,O15530:E497K,0.9399449810874712,0
chr1_2557810_G_A_hg38,ENST00000355716.4,Q92956:E52K,0.23284250517826338,0
chr19_5220088_G_A_hg38,ENST00000587303.5,Q13332:R1206W,0.5034781534562159,0
chr13_40560777_C_G_hg38,ENST00000379561.6,Q12778:M238I,0.8230748247931491,0
chr6_31980668_C_T_hg38,ENST00000375333.2,P49842:L310F,0.4552466374423572,0
chr7_81705520_C_T_hg38,ENST00000222390.11,P14210:G627D,0.5112404786172238,0
chr19_5274279_C_T_hg38,ENST00000587303.5,Q13332:V53M,0.48997203701710174,0
chr7_116740984_G_A_hg38,ENST00000397752.7,P08581:G554R,0.10392618449604399,0
chr13_72771853_C_A_hg38,ENST00000377767.9,Q9Y2L1:G516V,0.7206351435350873,0
chr20_42791209_G_C_hg38,ENST00000373187.5,O14522:P158A,0.995356140726291,0
chr19_45352312_C_A_hg38,ENST00000391945.9,P18074:W696L,0.9983915267014308,0
chr17_58709898_C_T_hg38,ENST00000337432.9,O43502:R249C,0.5733476302256674,0
chrX_40074609_T_C_hg38,ENST00000378444.9,Q6W2J9:Y246C,0.8766327138362592,0
chr19_1220615_G_A_hg38,ENST00000326873.11,Q15831:R211Q,0.08829819684962606,0
chr1_28272290_G_A_hg38,ENST00000253063.4,P58004:A121T,0.5948723616652282,0
chr8_70052183_C_G_hg38,ENST00000276594.3,Q9GZV8:R537P,0.9947596283863843,0
chr5_256367_A_C_hg38,ENST00000264932.11,P31040:T648P,0.24710226050942238,0
chr3_30672249_C_T_hg38,ENST00000295754.9,P37173:R356W,0.15182754964820697,0
chr14_104775741_C_T_hg38,ENST00000554848.5,P31749:E116K,0.09734958530303917,0
chr5_58455608_T_C_hg38,ENST00000274289.8,Q9NYY3:Q519R,0.9725556876157462,0
chr15_38322292_C_A_hg38,ENST00000299084.9,Q7Z699:P87T,0.9803230592026267,0
chr19_45364115_T_C_hg38,ENST00000391945.9,P18074:K274E,0.7236959351993509,0
chr2_208242064_T_A_hg38,ENST00000415913.5,O75874:K260N,0.9929514284821029,0
chr9_136522973_G_A_hg38,ENST00000651671.1,P46531:R207C,0.40288786038340924,0
chr19_45363800_G_T_hg38,ENST00000391945.9,P18074:P354Q,0.9002510532621437,0
chr15_98922345_G_A_hg38,ENST00000650285.1,P08069:R800H,0.7447377745494809,0
chr9_136513030_G_A_hg38,ENST00000651671.1,P46531:P820S,0.8020468491686651,0
chr9_136500710_G_A_hg38,ENST00000651671.1,P46531:R1926C,0.4588127753447858,0
chr1_9723187_G_A_hg38,ENST00000377346.9,O00329:R830H,0.053256537735881945,0
chr1_11127710_C_T_hg38,ENST00000361445.9,P42345:V2044M,0.4969543488704825,0
chr12_114680973_G_A_hg38,ENST00000257566.7,O15119:P188L,0.9978657434191183,0
chr11_14358773_T_C_hg38,ENST00000256196.9,P62070:Q33R,0.9179175571894523,0
chr15_98899536_G_A_hg38,ENST00000650285.1,P08069:V388M,0.6812904331906277,0
chr13_28018483_T_C_hg38,ENST00000241453.11,P36888:Y842C,0.9364370317909205,0
chr5_228257_C_T_hg38,ENST00000264932.11,P31040:R232C,0.09690433251548343,0
chr11_119271784_C_G_hg38,ENST00000264033.5,P22681:L165V,0.3203362553814553,0
chr12_132676098_T_A_hg38,ENST00000320574.9,Q07864:D339V,0.6518780693605011,0
chr5_177092722_C_T_hg38,ENST00000292408.9,P22455:T332I,0.6314473431262527,0
chr22_41176362_C_T_hg38,ENST00000263253.9,Q09472:T1632M,0.8762306571180939,0
chr16_68828240_C_T_hg38,ENST00000261769.10,P12830:P744L,0.16885515589842623,0
chrX_71130188_C_T_hg38,ENST00000374080.8,Q93074:R1341W,0.7702791531739483,0
chr19_45370191_T_C_hg38,ENST00000391945.9,P18074:Y16C,0.18171012897631014,0
chr4_54727927_C_A_hg38,ENST00000288135.5,P10721:P627T,0.39298455802019494,0
chr10_43112887_C_A_hg38,ENST00000355710.8,P07949:S561R,0.8670573823419918,0
chrX_47179466_C_T_hg38,ENST00000377604.8,P98175:S291L,0.0791152199348407,0
chr6_152061046_A_G_hg38,ENST00000206249.7,P03372:T431A,0.11149793947482635,0
chr5_112837641_A_G_hg38,ENST00000508376.6,P25054:T683A,0.7876341842651209,0
chr14_37591456_G_A_hg38,ENST00000250448.3,P55317:S443L,0.21250619174265098,0
chr3_41225488_C_T_hg38,ENST00000441708.2,P35222:T217I,0.6489109929253379,0
chr7_2939909_C_A_hg38,ENST00000396946.8,Q9BXL7:R235L,0.5571731346597383,0
chr12_11839304_G_A_hg38,ENST00000396373.8,P41212:G110S,0.9974580775466457,0
chr14_95112231_C_T_hg38,ENST00000527414.5,Q9UPY3:C686Y,0.27691056169164524,0
chr5_58454675_T_C_hg38,ENST00000274289.8,Q9NYY3:R656G,0.1679270052274618,0
chr17_42323335_C_G_hg38,ENST00000588969.5,P40763:G558A,0.16705084001422968,0
chr12_132661618_A_G_hg38,ENST00000320574.9,Q07864:S925P,0.21439760099527252,0
chr7_55146620_G_A_hg38,ENST00000275493.7,P00533:A147T,0.1243693710601803,0
chr19_3119248_A_G_hg38,ENST00000078429.9,P29992:T260A,0.20512587345775124,0
chr1_11139612_C_T_hg38,ENST00000361445.9,P42345:R1640Q,0.2910665141279728,0
chr4_186596933_G_A_hg38,ENST00000441802.7,Q14517:R4203C,0.2680663738580093,0
chr7_55198792_T_C_hg38,ENST00000275493.7,P00533:I926T,0.45039911049037074,0
chr4_186709284_C_T_hg38,ENST00000441802.7,Q14517:G182R,0.932234508705301,0
chr8_68027303_A_G_hg38,ENST00000288368.5,Q70Z35:K175E,0.9993839348964769,0
chr7_152220708_C_T_hg38,ENST00000355193.6,Q8NEZ4:G1176D,0.9906290387839737,0
chr12_132673169_C_T_hg38,ENST00000320574.9,Q07864:D490N,0.8760676099786235,0
chr10_121487992_T_C_hg38,ENST00000358487.9,P21802:N662S,0.3089121946754632,0
chr4_186596887_T_C_hg38,ENST00000441802.7,Q14517:D4218G,0.0889044266243733,0
chr16_56748396_G_T_hg38,ENST00000308159.10,Q8N1F7:R50L,0.3223505380918466,0
chr7_116763182_C_T_hg38,ENST00000397752.7,P08581:L833F,0.12443154795386488,0
chr10_43102533_C_T_hg38,ENST00000355710.8,P07949:R177W,0.19573530177664697,0
chr9_136513127_G_C_hg38,ENST00000651671.1,P46531:N787K,0.6475251141005886,0
chr20_32791695_A_C_hg38,ENST00000328111.6,Q9UBC3:Y303S,0.4519970040790407,0
chr8_38419547_G_T_hg38,ENST00000447712.6,P11362:R424S,0.8956127177302906,0
chr8_68072497_A_C_hg38,ENST00000288368.5,Q70Z35:D499A,0.9748101054954614,0
chr1_119941721_C_A_hg38,ENST00000256646.7,Q04721:G929V,0.22685330266106227,0
chr19_5231478_A_G_hg38,ENST00000587303.5,Q13332:S663P,0.16774419859680614,0
chr17_80707998_A_G_hg38,ENST00000306801.8,Q8N122:K169R,0.09765678797204108,0
chr10_8069549_A_G_hg38,ENST00000346208.4,P23771:N333S,0.06370221194814178,0
chr17_80960201_G_A_hg38,ENST00000306801.8,Q8N122:E1201K,0.8730009455689864,0
chr13_72763594_T_C_hg38,ENST00000377767.9,Q9Y2L1:M662V,0.42708979372938105,0
chr2_61533891_C_A_hg38,ENST00000406957.5,O14980:A3S,0.08008566349470934,0
chr19_41243672_G_A_hg38,ENST00000301178.9,P30530:R501H,0.2562806516879967,0
chr1_9719987_C_T_hg38,ENST00000377346.9,O00329:R437C,0.05890403966625025,0
chr4_1804464_A_G_hg38,ENST00000440486.7,P22607:K404E,0.186379683738513,0
chr4_186613265_C_T_hg38,ENST00000441802.7,Q14517:G3103R,0.3996291791084954,0
chr11_108292735_A_C_hg38,ENST00000452508.6,Q13315:H1518P,0.12350607976696876,0
chr2_29232352_C_T_hg38,ENST00000389048.8,Q9UM73:E862K,0.7182586064885393,0
chr12_112472989_G_T_hg38,ENST00000351677.6,Q06124:G268C,0.9998215053724412,0
chr8_68090623_A_T_hg38,ENST00000288368.5,Q70Z35:I720F,0.7469494983711371,0
chr5_177135990_C_G_hg38,ENST00000439151.6,Q96L73:P296R,0.7165169025925658,0
chr6_401429_C_T_hg38,ENST00000380956.9,Q15306:R251W,0.44186140070017466,0
chr5_68293473_A_G_hg38,ENST00000521657.5,P27986:K430R,0.08386029210164613,0
chr17_39726572_T_G_hg38,ENST00000269571.9,P04626:I961M,0.8582074528170882,0
chr17_7673836_C_T_hg38,ENST00000445888.6,P04637:G262S,0.6984451470148303,0
chr12_132661575_G_A_hg38,ENST00000320574.9,Q07864:A939V,0.9816245701780592,0
chr1_11212364_C_T_hg38,ENST00000361445.9,P42345:R1170H,0.5105037930038828,0
chr1_9722323_G_A_hg38,ENST00000377346.9,O00329:G772S,0.06543129638968291,0
chr8_38418315_C_T_hg38,ENST00000447712.6,P11362:R448Q,0.33953827347527227,0
chr3_138683766_C_T_hg38,ENST00000477593.5,P42338:M779I,0.9687452339495296,0
chr6_157207049_G_A_hg38,ENST00000350026.10,Q8NFD5:G1957S,0.6046128280140135,0
chr5_177092477_G_A_hg38,ENST00000292408.9,P22455:G295E,0.33710480397043097,0
chr3_38140534_G_A_hg38,ENST00000650905.1,Q99836:V204I,0.08782994901865321,0
chr4_1801405_A_C_hg38,ENST00000440486.7,P22607:K162Q,0.20882461124137064,0
chr8_68087771_G_A_hg38,ENST00000288368.5,Q70Z35:R692Q,0.6833966026253468,0
chr16_68829759_C_G_hg38,ENST00000261769.10,P12830:P801A,0.7644157563848697,0
chr3_12584596_T_G_hg38,ENST00000251849.8,P04049:E622A,0.9753329889941114,0
chr10_43114681_G_A_hg38,ENST00000355710.8,P07949:R694Q,0.0965945384277649,0
chr9_136514679_C_T_hg38,ENST00000651671.1,P46531:D680N,0.07597307971218914,0
chr15_38351014_G_T_hg38,ENST00000299084.9,Q7Z699:V229F,0.13008203530650855,0
chr4_55098218_C_G_hg38,ENST00000263923.5,P35968:E810Q,0.13325149487551322,0
chr4_186706650_C_T_hg38,ENST00000441802.7,Q14517:D1060N,0.7433180547747736,0
chr12_57751218_C_T_hg38,ENST00000257904.11,P11802:E115K,0.1318126533492835,0
chr19_42294851_G_A_hg38,ENST00000575354.6,Q96RK0:R1496H,0.5728746136561356,0
chr6_93410708_T_C_hg38,ENST00000369303.9,Q15375:I209V,0.07056531388444973,0
chr9_134434191_C_G_hg38,ENST00000481739.2,P19793:P409A,0.2304945699443101,0
chr17_39725363_C_T_hg38,ENST00000269571.9,P04626:R896C,0.16113081037037733,0
chr1_26775697_A_C_hg38,ENST00000324856.13,O14497:N1705T,0.10727761683585564,0
chr17_12107869_A_G_hg38,ENST00000353533.10,P45985:D198G,0.15231609371123941,0
chr12_49053221_A_G_hg38,ENST00000301067.11,O14686:S314P,0.5629300307945349,0
chr9_8633319_C_A_hg38,ENST00000540109.5,P23468:R117L,0.941626615922674,0
chr3_134951747_C_T_hg38,ENST00000398015.8,P54762:P167L,0.6529165090889217,0
chr2_29222380_T_C_hg38,ENST00000389048.8,Q9UM73:D1160G,0.9931887483700287,0
chr19_10996348_G_A_hg38,ENST00000429416.8,P51532:A577T,0.16879504062826556,0
chr3_135248473_C_T_hg38,ENST00000398015.8,P54762:P885L,0.8066435468514178,0
chr19_19149305_G_A_hg38,ENST00000444486.7,Q02080:T60M,0.548591958519091,0
chrX_40053902_C_G_hg38,ENST00000378444.9,Q6W2J9:V1654L,0.6565175657184221,0
chr4_54290472_G_A_hg38,ENST00000257290.10,P16234:A1014T,0.0887469457777891,0
chr7_152148866_C_T_hg38,ENST00000355193.6,Q8NEZ4:G4354E,0.7161809161172178,0
chr7_55155928_G_A_hg38,ENST00000275493.7,P00533:E330K,0.12253102044707008,0
chr5_177090530_C_A_hg38,ENST00000292408.9,P22455:R78S,0.5837657065748828,0
chr2_29328374_C_T_hg38,ENST00000389048.8,Q9UM73:G464R,0.16805856006516084,0
chr4_55090027_C_T_hg38,ENST00000263923.5,P35968:V1041M,0.404280252632988,0
chrX_124063951_A_T_hg38,ENST00000371144.7,Q8N3U4:E642V,0.8512954573157981,0
chr7_151477403_T_C_hg38,ENST00000262187.10,Q15382:I69V,0.2562180079738426,0
chr19_45364058_G_A_hg38,ENST00000391945.9,P18074:R293W,0.2995891344445447,0
chr17_58732496_G_C_hg38,ENST00000337432.9,O43502:L326F,0.5571423239362137,0
chr6_93411076_C_T_hg38,ENST00000369303.9,Q15375:R86Q,0.13322661518022663,0
chr17_80791467_G_T_hg38,ENST00000306801.8,Q8N122:C283F,0.15192412940473002,0
chr16_68829772_A_G_hg38,ENST00000261769.10,P12830:D805G,0.31116752580456014,0
chr1_26771240_T_C_hg38,ENST00000324856.13,O14497:I1107T,0.439569789135892,0
chr9_99142622_A_G_hg38,ENST00000374994.9,P36897:T298A,0.1308335353548447,0
chr5_132642249_A_G_hg38,ENST00000378823.8,Q92878:E1275G,0.5670526154889006,0
chr19_10489732_G_A_hg38,ENST00000393623.6,Q14145:R483C,0.9889977707207492,0
chr3_170267980_C_G_hg38,ENST00000295797.5,P41743:Q144E,0.8303743526292987,0
chr1_119919368_T_C_hg38,ENST00000256646.7,Q04721:M1909V,0.27961044107726346,0
chr22_28695184_T_G_hg38,ENST00000650281.1,O96017:I440L,0.9400646672452991,0
chr6_157203984_C_G_hg38,ENST00000350026.10,Q8NFD5:F1658L,0.9979095682744467,0
chr16_3740399_C_T_hg38,ENST00000262367.9,Q92793:R1378Q,0.7352894273346976,0
chr1_155904364_C_T_hg38,ENST00000368323.8,Q92963:D126N,0.13352133189273302,0
chr7_151467166_T_C_hg38,ENST00000262187.10,Q15382:M170V,0.0780085645929131,0
chr6_93356930_G_A_hg38,ENST00000369303.9,Q15375:R371W,0.3499246511900826,0
chr5_112839083_C_G_hg38,ENST00000508376.6,P25054:S1163R,0.7854840177503627,0
chr12_49054097_C_T_hg38,ENST00000301067.11,O14686:R185H,0.09007949192782602,0
chr9_8331681_C_T_hg38,ENST00000540109.5,P23468:G1812E,0.8925416089127604,0
chr5_177092709_G_A_hg38,ENST00000292408.9,P22455:A328T,0.1390083382872493,0
chr11_108315911_G_A_hg38,ENST00000452508.6,Q13315:R2032K,0.5191409795861353,0
chr1_26763271_C_G_hg38,ENST00000324856.13,O14497:N906K,0.9377936618642854,0
chr9_99146603_A_T_hg38,ENST00000374994.9,P36897:I417F,0.10215623802661467,0
chr7_116755442_G_C_hg38,ENST00000397752.7,P08581:D597H,0.18836665953433857,0
chr4_1801507_C_T_hg38,ENST00000440486.7,P22607:R196C,0.22798703653155164,0
chr19_5274224_T_C_hg38,ENST00000587303.5,Q13332:K71R,0.2581359005503092,0
chr11_72230808_T_C_hg38,ENST00000298229.7,O15357:F404L,0.9983924252117183,0
chr9_8484181_C_A_hg38,ENST00000540109.5,P23468:K1117N,0.8047178364253876,0
chr11_108284337_G_T_hg38,ENST00000452508.6,Q13315:C1286F,0.7416250509749961,0
chr7_2918501_C_T_hg38,ENST00000396946.8,Q9BXL7:R866Q,0.1570347647390697,0
chr2_211657781_C_T_hg38,ENST00000342788.9,Q15303:G640D,0.11296186198448045,0
chr4_186603589_C_T_hg38,ENST00000441802.7,Q14517:R3646H,0.091390409675925,0
chr8_54459828_C_G_hg38,ENST00000297316.5,Q9H6I2:R360G,0.4468333424196859,0
chrX_47565335_C_A_hg38,ENST00000377045.9,P10398:T181N,0.09645563460651446,0
chr6_397244_G_A_hg38,ENST00000380956.9,Q15306:C210Y,0.20877730148049142,0
chr8_68080489_T_G_hg38,ENST00000288368.5,Q70Z35:F563L,0.9956855475963482,0
chr1_9720829_G_A_hg38,ENST00000377346.9,O00329:E537K,0.0785183199792642,0
chr17_39715332_G_A_hg38,ENST00000269571.9,P04626:V399M,0.19311876310573287,0
chr15_44715560_G_A_hg38,ENST00000648006.2,P61769:V69M,0.37147880654119037,0
chr7_81769966_C_A_hg38,ENST00000222390.11,P14210:W2C,0.29538364587644406,0
chr17_42323276_C_T_hg38,ENST00000588969.5,P40763:A578T,0.16619259833601635,0
chr20_42106892_A_G_hg38,ENST00000373187.5,O14522:I1095T,0.8861058727346312,0
chr12_132668691_T_C_hg38,ENST00000320574.9,Q07864:N657S,0.26188663920110544,0
chr13_72766029_C_T_hg38,ENST00000377767.9,Q9Y2L1:R638Q,0.4269504670576553,0
chr12_49043968_G_A_hg38,ENST00000301067.11,O14686:A1740V,0.082833708966294,0
chr2_157780357_G_A_hg38,ENST00000410057.6,Q04771:T104M,0.35955390896870265,0
chrX_45069751_T_C_hg38,ENST00000377967.8,O15550:L699P,0.15836499367985585,0
chr13_48373440_T_G_hg38,ENST00000267163.5,P06400:I388S,0.39697975949757575,0
chr8_68053145_A_G_hg38,ENST00000288368.5,Q70Z35:H331R,0.866846645361323,0
chr7_151490968_G_T_hg38,ENST00000262187.10,Q15382:D33E,0.6884750938010603,0
chr14_104775738_C_T_hg38,ENST00000554848.5,P31749:E117K,0.07285660232382161,0
chr7_116699284_C_A_hg38,ENST00000397752.7,P08581:T67N,0.11944803113283228,0
chr4_55098251_T_C_hg38,ENST00000263923.5,P35968:T799A,0.08001550012514358,0
chr11_108365503_G_T_hg38,ENST00000452508.6,Q13315:V3056L,0.36984109420337763,0
chr7_81726009_C_T_hg38,ENST00000222390.11,P14210:R350Q,0.08625159905044517,0
chr5_132591917_A_G_hg38,ENST00000378823.8,Q92878:H559R,0.45524431909284124,0
chr2_224506105_C_T_hg38,ENST00000264414.9,Q13618:D353N,0.6118030380152459,0
chr4_186707948_T_C_hg38,ENST00000441802.7,Q14517:K627R,0.07600321920321906,0
chr3_135249358_C_T_hg38,ENST00000398015.8,P54762:R905C,0.1627455259052893,0
chr7_129210479_C_G_hg38,ENST00000249373.8,Q99835:T528S,0.5783143085558357,0
chr4_55125241_C_G_hg38,ENST00000263923.5,P35968:R18P,0.1391019429991254,0
chr4_1805930_C_T_hg38,ENST00000440486.7,P22607:A609V,0.6546511840870347,0
chr19_11041403_A_G_hg38,ENST00000429416.8,P51532:T1423A,0.06477326283801725,0
chr9_136502003_G_A_hg38,ENST00000651671.1,P46531:R1824W,0.11875993044055792,0
chr4_54261251_T_C_hg38,ENST00000257290.10,P16234:V69A,0.19870691034377042,0
chr12_45848868_G_T_hg38,ENST00000334344.11,Q68CP9:C538F,0.1737171481238565,0
chr12_132672638_G_A_hg38,ENST00000320574.9,Q07864:R559W,0.7137734417132893,0
chr12_49032677_A_G_hg38,ENST00000301067.11,O14686:S4010P,0.11029871568607186,0
chr10_121496621_G_A_hg38,ENST00000358487.9,P21802:R592C,0.12569071389069733,0
chr4_1806093_G_A_hg38,ENST00000440486.7,P22607:E627K,0.20150187470174805,0
chr19_45354789_C_T_hg38,ENST00000391945.9,P18074:V536M,0.9720310351219232,0
chr9_136510728_C_T_hg38,ENST00000651671.1,P46531:G889S,0.2555512528606135,0
chr2_197423968_T_G_hg38,ENST00000335508.10,O75533:E12A,0.4695171851646362,0
chr3_134951687_C_T_hg38,ENST00000398015.8,P54762:S147F,0.9922561303676729,0
chr7_81729724_T_G_hg38,ENST00000222390.11,P14210:Q307H,0.11232302568744339,0
chr12_114682915_C_T_hg38,ENST00000257566.7,O15119:E96K,0.7587747167862063,0
chr4_54267394_G_C_hg38,ENST00000257290.10,P16234:E289Q,0.10760565530300295,0
chr17_39727923_C_A_hg38,ENST00000269571.9,P04626:A1216D,0.7039958554377703,0
chr9_8341859_T_C_hg38,ENST00000540109.5,P23468:Y1594C,0.9409271191259581,0
chr10_87961090_C_A_hg38,ENST00000371953.8,P60484:A333D,0.9848130182301181,0
chr17_80754059_C_T_hg38,ENST00000306801.8,Q8N122:P235L,0.2241118914999435,0
chr1_11210846_G_A_hg38,ENST00000361445.9,P42345:R1208C,0.8174313406015598,0
chr19_45352598_G_A_hg38,ENST00000391945.9,P18074:L652F,0.9846010283170739,0
chr9_134417286_G_A_hg38,ENST00000481739.2,P19793:E247K,0.3634958024412023,0
chr3_179224755_G_C_hg38,ENST00000263967.4,P42336:E784Q,0.2283315924983224,0
chr8_68069054_A_C_hg38,ENST00000288368.5,Q70Z35:K454T,0.7787650705313974,0
chr12_132680003_T_G_hg38,ENST00000320574.9,Q07864:Q125P,0.09689653890833438,0
chr9_99146550_C_G_hg38,ENST00000374994.9,P36897:A399G,0.31166928299552726,0
chr7_55191741_G_A_hg38,ENST00000275493.7,P00533:R831H,0.1171396159344293,0
chr4_1901199_G_A_hg38,ENST00000382895.7,O96028:G182D,0.17591273941577132,0
chr4_1806855_A_G_hg38,ENST00000440486.7,P22607:H732R,0.46071648669096427,0
chr1_2559966_G_C_hg38,ENST00000355716.4,Q92956:V150L,0.1887383886178409,0
chr16_68828174_T_C_hg38,ENST00000261769.10,P12830:I722T,0.559654930586714,0
chr9_136501850_G_T_hg38,ENST00000651671.1,P46531:Q1846K,0.40390242259469866,0
chr2_29197587_G_T_hg38,ENST00000389048.8,Q9UM73:T1343N,0.7202198769500572,0
chr13_72780931_G_A_hg38,ENST00000377767.9,Q9Y2L1:R101C,0.24156530788584005,0
chr5_112828860_T_C_hg38,ENST00000508376.6,P25054:I544T,0.34958160565433966,0
chr7_50400205_A_G_hg38,ENST00000331340.8,Q13422:K380E,0.40212626926937406,0
chr20_42098528_C_A_hg38,ENST00000373187.5,O14522:V1247L,0.1820270263036094,0
chr7_129205782_C_T_hg38,ENST00000249373.8,Q99835:T307I,0.6477312751521742,0
chr7_55019296_G_C_hg38,ENST00000275493.7,P00533:A7P,0.12479833291763726,0
chr4_186619589_A_G_hg38,ENST00000441802.7,Q14517:F2333L,0.9554206429242886,0
chr2_211657817_G_A_hg38,ENST00000342788.9,Q15303:P628L,0.2823649599200941,0
chr4_152347063_C_G_hg38,ENST00000603841.1,Q969H0:G198A,0.0896620775722161,0
chr10_43106521_C_T_hg38,ENST00000355710.8,P07949:T338I,0.3019813740790194,0
chr1_120069359_C_A_hg38,ENST00000256646.7,Q04721:W16C,0.11606062495163527,0
chr11_72233445_G_A_hg38,ENST00000298229.7,O15357:R682Q,0.9405559753781743,0
chrX_40052143_T_G_hg38,ENST00000378444.9,Q6W2J9:H1745P,0.115584765350689,0
chr7_55200352_G_A_hg38,ENST00000275493.7,P00533:R962H,0.19982141787883878,0
chr19_42292788_T_G_hg38,ENST00000575354.6,Q96RK0:I1133S,0.8302108361932007,0
chr1_58782667_T_C_hg38,ENST00000371222.4,P05412:Q135R,0.2712363969588496,0
chr10_87960933_C_G_hg38,ENST00000371953.8,P60484:P281A,0.26642395466827895,0
chr4_186603383_T_A_hg38,ENST00000441802.7,Q14517:I3715F,0.2567494192576481,0
chr12_132668936_A_T_hg38,ENST00000320574.9,Q07864:C600S,0.2143816162303813,0
chr19_5215580_G_A_hg38,ENST00000587303.5,Q13332:P1371L,0.3630704443663665,0
chr10_8058319_C_T_hg38,ENST00000346208.4,P23771:R86C,0.4226807986173923,0
chr12_132676652_T_C_hg38,ENST00000320574.9,Q07864:D268G,0.8570849285544048,0
chr7_152176706_G_A_hg38,ENST00000355193.6,Q8NEZ4:P2916L,0.664200418341559,0
chr8_68060734_G_A_hg38,ENST00000288368.5,Q70Z35:V432M,0.2293997127134763,0
chr19_4095424_A_C_hg38,ENST00000262948.9,P36507:V337G,0.23153274617561023,0
chr3_30671760_C_T_hg38,ENST00000295754.9,P37173:R193W,0.15314533881542997,0
chr19_41239227_T_C_hg38,ENST00000301178.9,P30530:S400P,0.05470231821688405,0
chr7_5973428_C_T_hg38,ENST00000265849.12,P54278:A854T,0.1529614940893093,0
chr17_80893835_A_G_hg38,ENST00000306801.8,Q8N122:S791G,0.18671060672835618,0
chr2_157780352_G_C_hg38,ENST00000410057.6,Q04771:Q106E,0.06723170568755002,0
chr6_157203869_C_T_hg38,ENST00000350026.10,Q8NFD5:T1620I,0.8075367425227347,0
chr16_56834221_C_T_hg38,ENST00000308159.10,Q8N1F7:P544L,0.7162040775193347,0
chr2_61495610_G_A_hg38,ENST00000406957.5,O14980:L298F,0.8249690656532278,0
chr10_121564549_T_G_hg38,ENST00000358487.9,P21802:D136A,0.3368448865359451,0
chr8_68077449_A_C_hg38,ENST00000288368.5,Q70Z35:D541A,0.45787168483929586,0
chr4_1976563_A_T_hg38,ENST00000382895.7,O96028:Q1237L,0.07183671137538315,0
chr4_186707793_C_T_hg38,ENST00000441802.7,Q14517:V679I,0.11673456648675008,0
chr19_5208324_G_A_hg38,ENST00000587303.5,Q13332:S1852L,0.7320654102020463,0
chr11_72237638_G_A_hg38,ENST00000298229.7,O15357:E1132K,0.5945950353557525,0
chr10_121551402_G_A_hg38,ENST00000358487.9,P21802:A171V,0.9789523344074376,0
chr12_56095732_G_A_hg38,ENST00000267101.7,P21860:G661S,0.08547677835935197,0
chr7_152148149_T_C_hg38,ENST00000355193.6,Q8NEZ4:N4593S,0.08588765160639789,0
chr13_48360037_G_T_hg38,ENST00000267163.5,P06400:D210Y,0.6775414747718255,0
chr14_95107695_C_T_hg38,ENST00000527414.5,Q9UPY3:R906H,0.11749035958392141,0
chr12_112472969_T_G_hg38,ENST00000351677.6,Q06124:L261R,0.8582588323092238,0
chr13_48379613_G_T_hg38,ENST00000267163.5,P06400:R451L,0.7285823908573064,0
chr20_42448293_C_T_hg38,ENST00000373187.5,O14522:G496E,0.35589621621514606,0
chr1_85270705_G_A_hg38,ENST00000648566.1,O95999:R87W,0.46570613596940497,0
chr3_30672150_C_G_hg38,ENST00000295754.9,P37173:L323V,0.5008217348835275,0
chr6_37170604_C_T_hg38,ENST00000373509.6,P11309:A10V,0.35620883935648806,0
chr10_43106481_G_A_hg38,ENST00000355710.8,P07949:A325T,0.08233792203488266,0
chr1_9720618_A_G_hg38,ENST00000377346.9,O00329:E493G,0.11035175341769717,0
chr11_72232675_C_T_hg38,ENST00000298229.7,O15357:R588W,0.45221297702533847,0
chr3_189864340_G_C_hg38,ENST00000264731.8,Q9H3D4:V230L,0.9693415549405888,0
chr1_119997299_G_C_hg38,ENST00000256646.7,Q04721:S150C,0.7537777754922174,0
chr6_31972690_C_T_hg38,ENST00000375333.2,P49842:P167L,0.6545345066085242,0
chr1_11139401_C_T_hg38,ENST00000361445.9,P42345:G1678E,0.36758050526887315,0
chr4_186617939_A_G_hg38,ENST00000441802.7,Q14517:Y2883H,0.23618433908886186,0
chr17_80961405_C_T_hg38,ENST00000306801.8,Q8N122:T1206M,0.4259782998961992,0
chr13_109784279_G_T_hg38,ENST00000375856.5,Q9Y4H2:S592Y,0.5901633839976487,0
chr6_93272303_C_T_hg38,ENST00000369303.9,Q15375:E482K,0.7916090783835378,0
chr9_136505028_C_T_hg38,ENST00000651671.1,P46531:E1555K,0.33566599736689273,0
chr1_119941638_G_T_hg38,ENST00000256646.7,Q04721:P957T,0.8922941317621129,0
chr12_132673244_C_T_hg38,ENST00000320574.9,Q07864:A465T,0.9426041467669484,0
chr19_18155908_G_A_hg38,ENST00000617130.4,O00459:R10H,0.43432619963437813,0
chr17_39520072_A_C_hg38,ENST00000447079.5,Q9NYV4:K1027T,0.2201220805187087,0
chr8_38419579_G_C_hg38,ENST00000447712.6,P11362:A413G,0.43394738704888464,0
chr15_98922211_G_T_hg38,ENST00000650285.1,P08069:R755S,0.22312871698846473,0
chr10_8055812_A_T_hg38,ENST00000346208.4,P23771:I53F,0.20698162617050297,0
chr17_31998778_C_G_hg38,ENST00000322652.10,Q15022:D665E,0.9941278650943095,0
chr14_95129560_G_T_hg38,ENST00000527414.5,Q9UPY3:P216T,0.925422064619424,0
chr13_28035666_C_T_hg38,ENST00000241453.11,P36888:E476K,0.08835036918920099,0
chr7_81769968_A_C_hg38,ENST00000222390.11,P14210:W2G,0.07287904195104349,0
chr4_186603490_T_C_hg38,ENST00000441802.7,Q14517:Q3679R,0.12254376885777894,0
chr7_152235911_C_T_hg38,ENST00000355193.6,Q8NEZ4:G892E,0.9735205102072396,0
chr7_129211110_G_A_hg38,ENST00000249373.8,Q99835:V600M,0.6558095083629989,0
chr20_9565922_G_C_hg38,ENST00000378429.3,Q9P286:Q485E,0.947903825474671,0
chr1_11216156_G_A_hg38,ENST00000361445.9,P42345:L1037F,0.8909162495115672,0
chr13_72762132_C_A_hg38,ENST00000377767.9,Q9Y2L1:L711F,0.11388735188841166,0
chr4_55125242_G_A_hg38,ENST00000263923.5,P35968:R18W,0.13515077932354252,0
chr4_54288897_G_A_hg38,ENST00000257290.10,P16234:V925I,0.08005002234824916,0
chr12_114674197_A_T_hg38,ENST00000257566.7,O15119:F580I,0.7386033748929823,0
chr16_2168113_C_T_hg38,ENST00000326181.11,Q6Q0C0:T59I,0.1472810563428167,0
chr7_81762775_T_G_hg38,ENST00000222390.11,P14210:K62N,0.7194279723567599,0
chr7_116740008_A_G_hg38,ENST00000397752.7,P08581:H484R,0.07123650083399492,0
chr5_56875276_C_T_hg38,ENST00000399503.4,Q13233:A644V,0.37145470776256695,0
chr2_25236952_T_C_hg38,ENST00000321117.9,Q9Y6K1:H821R,0.6902546548982734,0
chr4_55088965_G_C_hg38,ENST00000263923.5,P35968:T1138S,0.40296787982028026,0
chr1_28272448_C_G_hg38,ENST00000253063.4,P58004:I173M,0.2516688226300703,0
chr10_8058535_C_T_hg38,ENST00000346208.4,P23771:P158S,0.973176142223631,0
chr7_55181314_G_A_hg38,ENST00000275493.7,P00533:V769M,0.571738245657885,0
chr4_186620798_C_G_hg38,ENST00000441802.7,Q14517:D1930H,0.2456299788899106,0
chr3_12618693_G_A_hg38,ENST00000251849.8,P04049:T10M,0.17225595195137738,0
chr1_11139543_C_T_hg38,ENST00000361445.9,P42345:S1663N,0.17912241983223331,0
chr13_48465235_C_T_hg38,ENST00000267163.5,P06400:P786S,0.32119475344954057,0
chr4_54725906_G_A_hg38,ENST00000288135.5,P10721:G466R,0.08212113757647183,0
chr2_46384565_A_G_hg38,ENST00000263734.5,Q99814:T840A,0.6760677981856148,0
chr15_90084296_G_T_hg38,ENST00000330062.7,P48735:S443R,0.17409062592181107,0
chr19_41252396_C_T_hg38,ENST00000301178.9,P30530:A586V,0.9759488097613424,0
chr12_56096597_C_T_hg38,ENST00000267101.7,P21860:S717L,0.09515029856447986,0
chr12_49032856_T_C_hg38,ENST00000301067.11,O14686:Q3950R,0.2865543803648416,0
chr20_42677911_T_A_hg38,ENST00000373187.5,O14522:T370S,0.36977155778339726,0
chr4_1904252_A_G_hg38,ENST00000382895.7,O96028:R212G,0.08122189956028494,0
chr7_116699364_G_C_hg38,ENST00000397752.7,P08581:D94H,0.1044363929424151,0
chr15_98913159_C_T_hg38,ENST00000650285.1,P08069:H569Y,0.09770447707846021,0
chr2_39022938_C_T_hg38,ENST00000402219.6,Q07889:R497Q,0.9394635735770793,0
chr13_109782702_C_T_hg38,ENST00000375856.5,Q9Y4H2:E1118K,0.6540512984276999,0
chr3_52561925_G_C_hg38,ENST00000296302.11,Q86U86:S1377C,0.09489668720924144,0
chr2_25744305_C_T_hg38,ENST00000435504.9,Q76L83:A678T,0.22694545767883365,0
chr3_134951911_C_T_hg38,ENST00000398015.8,P54762:R222W,0.2812825160146291,0
chr4_186636808_T_C_hg38,ENST00000441802.7,Q14517:Y1250C,0.3535460516513584,0
chr12_57750756_G_A_hg38,ENST00000257904.11,P11802:L178F,0.9649729405367512,0
chr2_29223366_G_A_hg38,ENST00000389048.8,Q9UM73:P1112L,0.45260111407330383,0
chr13_40665825_G_A_hg38,ENST00000379561.6,Q12778:P130S,0.07193581636023794,0
chrX_124063924_C_G_hg38,ENST00000371144.7,Q8N3U4:S633C,0.6500555434598184,0
chr1_120069363_A_G_hg38,ENST00000256646.7,Q04721:L15P,0.13818693496519016,0
chr3_52679579_C_T_hg38,ENST00000296302.11,Q86U86:D45N,0.9732158916234571,0
chr12_50089896_G_A_hg38,ENST00000394963.9,Q96GM5:A262T,0.12970668669052163,0
chr15_98913150_A_G_hg38,ENST00000650285.1,P08069:I566V,0.10702487655170656,0
chr5_251391_C_G_hg38,ENST00000264932.11,P31040:L573V,0.16042332658344677,0
chr10_43105083_G_A_hg38,ENST00000355710.8,P07949:V253M,0.08904593120537543,0
chr8_68080569_T_C_hg38,ENST00000288368.5,Q70Z35:I590T,0.7755114006368825,0
chr16_56833310_C_T_hg38,ENST00000308159.10,Q8N1F7:R481C,0.8303784707682402,0
chr12_925490_T_C_hg38,ENST00000430095.6,P43351:D168G,0.8965920914614207,0
chr3_30672237_A_G_hg38,ENST00000295754.9,P37173:S352G,0.04810429418401978,0
chr20_47627063_A_G_hg38,ENST00000371998.8,Q9Y6Q9:N140S,0.9680658100457241,0
chr14_95103968_A_G_hg38,ENST00000527414.5,Q9UPY3:L1143P,0.06111903840219469,0
chr3_135248472_C_G_hg38,ENST00000398015.8,P54762:P885A,0.34552944039261235,0
chr7_55165394_G_A_hg38,ENST00000275493.7,P00533:A613T,0.06745304593284193,0
chr17_80945748_C_T_hg38,ENST00000306801.8,Q8N122:P1036L,0.46305267303138553,0
chr12_132624976_C_T_hg38,ENST00000320574.9,Q07864:G2226R,0.14681072697726777,0
chr11_69648015_C_T_hg38,ENST00000227507.2,P24385:P199L,0.42984052501893627,0
chr19_45352552_G_A_hg38,ENST00000391945.9,P18074:A667V,0.18405296627671155,0
chr20_42084781_G_A_hg38,ENST00000373187.5,O14522:T1346M,0.10421742073929653,0
chr15_98957332_G_A_hg38,ENST00000650285.1,P08069:G1332R,0.4391551418873414,0
chr17_39709429_T_C_hg38,ENST00000269571.9,P04626:I184T,0.09732566418735399,0
chr17_39725169_A_G_hg38,ENST00000269571.9,P04626:I872V,0.1061158603027813,0
chr12_49032568_C_T_hg38,ENST00000301067.11,O14686:G4046E,0.13016815974043047,0
chr10_113165931_C_A_hg38,ENST00000355995.8,Q9NQB0:Q607K,0.13849932169762513,0
chr9_136505739_G_A_hg38,ENST00000651671.1,P46531:P1386L,0.08970982418132613,0
chr9_136506550_C_T_hg38,ENST00000651671.1,P46531:G1331R,0.6957137124470485,0
chr5_56875102_G_T_hg38,ENST00000399503.4,Q13233:R586L,0.7484514200512614,0
chr20_42677987_G_T_hg38,ENST00000373187.5,O14522:N344K,0.5981888509731295,0
chr8_68146302_G_A_hg38,ENST00000288368.5,Q70Z35:R1394Q,0.21573038378389223,0
chr22_41140216_C_T_hg38,ENST00000263253.9,Q09472:R613W,0.9374237047269071,0
chr17_40351976_C_T_hg38,ENST00000394089.6,P10276:T179M,0.06821648680694054,0
chr3_187733594_C_T_hg38,ENST00000232014.8,P41182:V34I,0.22966805610095375,0
chr20_9539588_G_T_hg38,ENST00000378429.3,Q9P286:D678E,0.14314171921073543,0
chr15_67190517_G_A_hg38,ENST00000327367.9,P84022:R420H,0.14320423145685898,0
chr4_1804402_T_G_hg38,ENST00000440486.7,P22607:F383C,0.15030056332012157,0
chr2_39054646_A_C_hg38,ENST00000402219.6,Q07889:F230V,0.4283845230968323,0
chr20_47651050_A_C_hg38,ENST00000371998.8,Q9Y6Q9:Q1240H,0.29901041839079834,0
chr12_49033564_C_T_hg38,ENST00000301067.11,O14686:R3714K,0.44639070045668866,0
chr12_112502226_C_T_hg38,ENST00000351677.6,Q06124:P561L,0.16068600461405733,0
chr4_55114214_G_A_hg38,ENST00000263923.5,P35968:S237F,0.3028266807116455,0
chr4_54295208_A_G_hg38,ENST00000257290.10,P16234:D1069G,0.37526464951872274,0
chr12_132664027_C_T_hg38,ENST00000320574.9,Q07864:A895T,0.3573487886058311,0
chr10_43104954_G_A_hg38,ENST00000355710.8,P07949:E210K,0.08627867201635155,0
chr18_47868421_A_T_hg38,ENST00000402690.6,Q15796:I186N,0.20347134671187403,0
chr5_177090513_G_T_hg38,ENST00000292408.9,P22455:R72L,0.18094953541621298,0
chr7_55165327_C_A_hg38,ENST00000275493.7,P00533:H590Q,0.4020203349911766,0
chr4_55081989_A_C_hg38,ENST00000263923.5,P35968:L1272W,0.20259196525831702,0
chr2_157760940_C_T_hg38,ENST00000410057.6,Q04771:V402I,0.2692895086054205,0
chr2_211630572_C_A_hg38,ENST00000342788.9,Q15303:V657L,0.3096402782974369,0
chr6_157167170_G_C_hg38,ENST00000350026.10,Q8NFD5:V991L,0.2212439958213664,0
chr10_113165716_C_T_hg38,ENST00000355995.8,Q9NQB0:S535L,0.2700567645414426,0
chr1_2559928_C_T_hg38,ENST00000355716.4,Q92956:A137V,0.12206483889329346,0
chr3_47084277_G_A_hg38,ENST00000409792.3,Q9BYW2:P1835S,0.13329549268666016,0
chr5_112815555_T_A_hg38,ENST00000508376.6,P25054:S299T,0.07786443091647109,0
chr17_80925397_G_A_hg38,ENST00000306801.8,Q8N122:G946R,0.23665108752477704,0
chr13_109783593_C_T_hg38,ENST00000375856.5,Q9Y4H2:D821N,0.2600243331548874,0
chr12_49048729_T_G_hg38,ENST00000301067.11,O14686:E1354A,0.2860599249207984,0
chr17_39715889_A_G_hg38,ENST00000269571.9,P04626:N488S,0.1091308368391723,0
chr2_211422031_G_C_hg38,ENST00000342788.9,Q15303:D980E,0.9890639642653543,0
chr19_41220788_G_C_hg38,ENST00000301178.9,P30530:D80H,0.3743996546947958,0
chr7_152177741_C_T_hg38,ENST00000355193.6,Q8NEZ4:R2571Q,0.09725513470966812,0
chr1_119919536_C_G_hg38,ENST00000256646.7,Q04721:D1853H,0.6713314001829648,0
chr2_25744302_C_T_hg38,ENST00000435504.9,Q76L83:A679T,0.22584755800153164,0
chr4_55106807_T_A_hg38,ENST00000263923.5,P35968:Q472H,0.07706238588415706,0
chr2_29318316_G_C_hg38,ENST00000389048.8,Q9UM73:S545R,0.20194690078389216,0
chr1_11128474_T_C_hg38,ENST00000361445.9,P42345:I1964V,0.1438047504534684,0
chr4_55106752_A_G_hg38,ENST00000263923.5,P35968:F491L,0.4731254923559276,0
chrX_40074496_C_T_hg38,ENST00000378444.9,Q6W2J9:D284N,0.6411616085693381,0
chr16_89291021_T_C_hg38,ENST00000642600.1,Q6UB99:N130S,0.16128851950196918,0
chr12_114672251_T_C_hg38,ENST00000257566.7,O15119:M608V,0.3203820308629025,0
chr12_132672228_G_A_hg38,ENST00000320574.9,Q07864:T594I,0.0855031616164973,0
chr7_55181419_G_A_hg38,ENST00000275493.7,P00533:E804K,0.24191818287079117,0
chr15_98922424_G_A_hg38,ENST00000650285.1,P08069:M826I,0.8198819354441446,0
chr4_186617788_T_A_hg38,ENST00000441802.7,Q14517:Q2933L,0.06602684836410513,0
chr11_101127464_T_G_hg38,ENST00000325455.10,P06401:Q536P,0.06416895733315517,0
chr10_121515164_C_T_hg38,ENST00000358487.9,P21802:A414T,0.15015797814752194,0
chr2_211722393_G_A_hg38,ENST00000342788.9,Q15303:H295Y,0.2742480375107447,0
chr9_77922252_T_C_hg38,ENST00000286548.9,P50148:K77R,0.07412046306533815,0
chr5_223531_A_T_hg38,ENST00000264932.11,P31040:D38V,0.15300656832296525,0
chr6_37171416_A_C_hg38,ENST00000373509.6,P11309:N178H,0.06516542594867551,0
chr7_140783128_G_C_hg38,ENST00000646891.1,P15056:P403A,0.3025980556705303,0
chr4_1806629_A_G_hg38,ENST00000440486.7,P22607:K705R,0.15118242411051094,0
chr11_119278676_A_T_hg38,ENST00000264033.5,P22681:D465V,0.35066411448123735,0
chr12_11869857_G_T_hg38,ENST00000396373.8,P41212:R299S,0.7070782270484045,0
chr19_10491668_G_A_hg38,ENST00000393623.6,Q14145:P412S,0.5478614096475651,0
chr2_212124859_C_T_hg38,ENST00000342788.9,Q15303:E43K,0.6337832314867896,0
chr2_211431075_C_T_hg38,ENST00000342788.9,Q15303:R838Q,0.21599093551780707,0
chr1_11230973_C_G_hg38,ENST00000361445.9,P42345:D911H,0.6942193376319329,0
chr2_39022723_G_C_hg38,ENST00000402219.6,Q07889:L569V,0.16170068924815015,0
chr13_72774049_G_T_hg38,ENST00000377767.9,Q9Y2L1:A333D,0.11905667622111157,0
chr7_152169234_G_A_hg38,ENST00000355193.6,Q8NEZ4:H3157Y,0.1514466388501143,0
chr1_119925426_C_A_hg38,ENST00000256646.7,Q04721:A1464S,0.0896118336495588,0
chr11_108325414_T_A_hg38,ENST00000452508.6,Q13315:L2226Q,0.4874182057435364,0
chr10_43100609_C_T_hg38,ENST00000355710.8,P07949:T75M,0.09795604700719367,0
chr6_152098821_G_A_hg38,ENST00000206249.7,P03372:R548H,0.10577070087398972,0
chr7_152176440_C_G_hg38,ENST00000355193.6,Q8NEZ4:G3005R,0.3216322837320779,0
chr4_186597041_G_C_hg38,ENST00000441802.7,Q14517:P4167A,0.06805904667191762,0
chr19_11003149_A_G_hg38,ENST00000429416.8,P51532:M645V,0.3692986456798895,0
chr13_72771829_G_A_hg38,ENST00000377767.9,Q9Y2L1:A524V,0.13491552783048022,0
chr17_80949451_G_A_hg38,ENST00000306801.8,Q8N122:A1092T,0.4970621581698061,0
chr4_1930707_C_G_hg38,ENST00000382895.7,O96028:Q498E,0.17499682332993913,0
chr4_55098800_G_C_hg38,ENST00000263923.5,P35968:A757G,0.15235931777498374,0
chr22_21788301_T_G_hg38,ENST00000398822.7,P28482:N271T,0.06928216961542753,0
chr3_170270488_A_G_hg38,ENST00000295797.5,P41743:N173S,0.0656197548029858,0
chr19_19147817_C_A_hg38,ENST00000444486.7,Q02080:G92C,0.7719385121595556,0
chr9_8460498_T_A_hg38,ENST00000540109.5,P23468:E1263V,0.8047899370885605,0
chr17_58362560_G_C_hg38,ENST00000577716.5,Q68DV7:P224R,0.12583619017683886,0
chr12_933012_G_A_hg38,ENST00000430095.6,P43351:P16L,0.0829216100622226,0
chr1_11209409_C_T_hg38,ENST00000361445.9,P42345:R1235Q,0.30805784162451744,0
chr17_31338126_G_A_hg38,ENST00000358273.8,P21359:R2269H,0.17124249268386343,0
chr2_29296976_G_C_hg38,ENST00000389048.8,Q9UM73:Q577E,0.0686536550470452,0
chr8_68217680_C_T_hg38,ENST00000288368.5,Q70Z35:R1557C,0.6151348690042128,0
chr3_189738739_C_T_hg38,ENST00000264731.8,Q9H3D4:R97C,0.3002367667550221,0
chr12_57470538_G_T_hg38,ENST00000228682.7,P08151:G600C,0.13552504129277312,0
chr1_9715736_A_G_hg38,ENST00000377346.9,O00329:I113V,0.08286349887526658,0
chr5_112815561_C_T_hg38,ENST00000508376.6,P25054:P301S,0.16415425430545041,0
chr5_112839954_A_G_hg38,ENST00000508376.6,P25054:K1454E,0.16396177225292233,0
chr2_15942254_A_T_hg38,ENST00000281043.4,P04198:S64C,0.2876630790032214,0
chr3_179221098_G_A_hg38,ENST00000263967.4,P42336:E710K,0.8383795495952436,0
chr2_29531921_T_A_hg38,ENST00000389048.8,Q9UM73:K383M,0.21898023174334397,0
chr2_29225557_T_C_hg38,ENST00000389048.8,Q9UM73:T1026A,0.06007370350847911,0
chr12_49042604_C_T_hg38,ENST00000301067.11,O14686:D1942N,0.21140472321286916,0
chr4_1799352_G_A_hg38,ENST00000440486.7,P22607:G70R,0.151502473214439,0
chr9_136497522_T_C_hg38,ENST00000651671.1,P46531:S2073G,0.5615139862096729,0
chr5_112819128_G_A_hg38,ENST00000508376.6,P25054:D366N,0.7973549043090198,0
chr16_2557962_C_T_hg38,ENST00000342085.9,O15530:T95M,0.4154186216990099,0
chr9_8499673_T_C_hg38,ENST00000540109.5,P23468:K766E,0.6569624113687291,0
chr5_177090489_G_C_hg38,ENST00000292408.9,P22455:G64A,0.09873122934689874,0
chr9_136513128_T_C_hg38,ENST00000651671.1,P46531:N787S,0.07729201335797403,0
chr13_109783397_C_T_hg38,ENST00000375856.5,Q9Y4H2:R886Q,0.15659608141627607,0
chr12_132673614_G_C_hg38,ENST00000320574.9,Q07864:D440E,0.7107791647186061,0
chr1_11247923_A_G_hg38,ENST00000361445.9,P42345:S338P,0.06504472834018235,0
chr3_52644755_T_C_hg38,ENST00000296302.11,Q86U86:K283R,0.09153682355279555,0
chr9_21970944_C_G_hg38,ENST00000304494.9,P42771:G139R,0.17010788782608663,0
chr4_186620606_C_T_hg38,ENST00000441802.7,Q14517:E1994K,0.06009825432043633,0
chr20_42199358_C_G_hg38,ENST00000373187.5,O14522:Q791H,0.1320414860746841,0
chr1_119916666_C_T_hg38,ENST00000256646.7,Q04721:R2019Q,0.5711197933978315,0
chr11_108243957_G_T_hg38,ENST00000452508.6,Q13315:L167F,0.346664576679365,0
chr8_38413746_C_T_hg38,ENST00000447712.6,P11362:R784Q,0.1067737245090059,0
chr11_119273920_A_G_hg38,ENST00000264033.5,P22681:I215V,0.2400438705059305,0
chr5_56881809_A_T_hg38,ENST00000399503.4,Q13233:Q870L,0.11318436618487931,0
chr16_56839523_C_G_hg38,ENST00000308159.10,Q8N1F7:I713M,0.11103499696491652,0
chr12_57464777_C_T_hg38,ENST00000228682.7,P08151:R100C,0.7530274385426159,0
chr15_98911371_A_G_hg38,ENST00000650285.1,P08069:I507V,0.08929628228626557,0
chr2_208248572_C_T_hg38,ENST00000415913.5,O75874:V71I,0.06630220207371268,0
chr2_211722408_C_T_hg38,ENST00000342788.9,Q15303:V290I,0.24437230007703373,0
chr22_41173722_A_G_hg38,ENST00000263253.9,Q09472:M1573V,0.19568985460476762,0
chr5_58459007_G_T_hg38,ENST00000274289.8,Q9NYY3:A119D,0.980264393578931,0
chr4_186708788_A_G_hg38,ENST00000441802.7,Q14517:F347S,0.6227070047181,0
chr16_56834232_C_T_hg38,ENST00000308159.10,Q8N1F7:L548F,0.8577081702193905,0
chr3_12599749_C_A_hg38,ENST00000251849.8,P04049:M350I,0.18067282090100348,0
chr6_157206240_A_G_hg38,ENST00000350026.10,Q8NFD5:E1687G,0.9109855906265109,0
chr16_3728539_C_T_hg38,ENST00000262367.9,Q92793:A2170T,0.081259027335243,0
chr3_47121823_T_A_hg38,ENST00000409792.3,Q9BYW2:D938V,0.09091320443110186,0
chr4_54290515_T_C_hg38,ENST00000257290.10,P16234:V1028A,0.09391286864474417,0
chr11_108289609_A_G_hg38,ENST00000452508.6,Q13315:Y1415C,0.21065966207487813,0
chr12_112477676_C_G_hg38,ENST00000351677.6,Q06124:H293Q,0.0789541475878412,0
chr3_38140779_G_A_hg38,ENST00000650905.1,Q99836:V223I,0.09029578477900833,0
chr19_41220722_C_T_hg38,ENST00000301178.9,P30530:L58F,0.3594336690340435,0
chr17_31229233_G_C_hg38,ENST00000358273.8,P21359:R873P,0.7258545836789523,0
chr20_32795474_C_T_hg38,ENST00000328111.6,Q9UBC3:R398C,0.609897889990014,0
chr15_98939206_T_G_hg38,ENST00000650285.1,P08069:N1101K,0.14491479424461998,0
chr4_186636890_G_T_hg38,ENST00000441802.7,Q14517:P1223T,0.08855789623792132,0
chr8_127740448_G_T_hg38,ENST00000652288.1,P01106:R270S,0.6037275550327358,0
chr11_119285498_C_A_hg38,ENST00000264033.5,P22681:P625T,0.14822994217469024,0
chr22_41141106_A_G_hg38,ENST00000263253.9,Q09472:E646G,0.8711102537250592,0
chr3_138945698_C_T_hg38,ENST00000648323.1,P58012:G342D,0.5849597023593778,0
chr13_40560316_T_G_hg38,ENST00000379561.6,Q12778:Q392P,0.06824400636278154,0
chr2_15946086_C_G_hg38,ENST00000281043.4,P04198:R462G,0.4837415266270093,0
chr4_186621326_G_A_hg38,ENST00000441802.7,Q14517:H1754Y,0.0894124052924051,0
chr4_55118764_A_T_hg38,ENST00000263923.5,P35968:N66K,0.13466746830146534,0
chr3_135132842_C_T_hg38,ENST00000398015.8,P54762:R364W,0.14967019366797055,0
chr11_119299546_G_A_hg38,ENST00000264033.5,P22681:R829Q,0.9209099254925203,0
chr5_254484_A_T_hg38,ENST00000264932.11,P31040:Y629F,0.0721204889173794,0
chr1_119953620_G_A_hg38,ENST00000256646.7,Q04721:S763L,0.19781056425413507,0
chr16_68819329_A_G_hg38,ENST00000261769.10,P12830:T539A,0.16242339806306177,0
chr3_179210516_A_G_hg38,ENST00000263967.4,P42336:N497S,0.08320918300012121,0
chr1_28272380_C_T_hg38,ENST00000253063.4,P58004:R151W,0.1424810905323721,0
chr11_108310314_A_G_hg38,ENST00000452508.6,Q13315:R1973G,0.11606852646816293,0
chr19_10489350_T_G_hg38,ENST00000393623.6,Q14145:N517T,0.2370366644301911,0
chr2_46378729_G_A_hg38,ENST00000263734.5,Q99814:A506T,0.07799396761619314,0
chr19_1223025_C_G_hg38,ENST00000326873.11,Q15831:P321A,0.06373126922854946,0
chr2_46375734_G_A_hg38,ENST00000263734.5,Q99814:A311T,0.7419447824378681,0
chr6_93414741_G_C_hg38,ENST00000369303.9,Q15375:Q42E,0.19034842805428814,0
chr19_10491796_A_G_hg38,ENST00000393623.6,Q14145:V369A,0.13854944026727187,0
chr8_38428391_A_T_hg38,ENST00000447712.6,P11362:S135T,0.15972290642394357,0
chr7_152315297_G_A_hg38,ENST00000355193.6,Q8NEZ4:S144F,0.38005237060420166,0
chr8_70066436_C_T_hg38,ENST00000276594.3,Q9GZV8:V328I,0.18325902278758954,0
chr19_5223049_C_T_hg38,ENST00000587303.5,Q13332:E915K,0.23779715812086874,0
chr3_52658308_G_A_hg38,ENST00000296302.11,Q86U86:P179L,0.08438096146649428,0
chr22_28696915_C_G_hg38,ENST00000650281.1,O96017:D361H,0.1894402134724791,0
chr9_8500952_C_T_hg38,ENST00000540109.5,P23468:E644K,0.09039108973198848,0
chr5_236440_G_A_hg38,ENST00000264932.11,P31040:V425M,0.10920870094333619,0
chr5_68281003_C_G_hg38,ENST00000521657.5,P27986:P305A,0.39594232769338983,0
chr12_49048714_G_A_hg38,ENST00000301067.11,O14686:T1359I,0.6512407557865647,0
chr19_41238043_C_T_hg38,ENST00000301178.9,P30530:R295W,0.08058737702036678,0
chr22_41172657_C_A_hg38,ENST00000263253.9,Q09472:S1537R,0.970760143157065,0
chr13_109782224_T_C_hg38,ENST00000375856.5,Q9Y4H2:Q1277R,0.11546543612086195,0
chr5_177257134_A_G_hg38,ENST00000439151.6,Q96L73:N1650S,0.04006973401333989,0
chr12_132677388_C_T_hg38,ENST00000320574.9,Q07864:R259H,0.1596397815265531,0
chr4_186708945_C_T_hg38,ENST00000441802.7,Q14517:V295M,0.2754120603969767,0
chr4_186617192_G_T_hg38,ENST00000441802.7,Q14517:P2963H,0.149502482347875,0
chr5_112842374_C_G_hg38,ENST00000508376.6,P25054:S2260R,0.6645058704257608,0
chr20_32798473_G_A_hg38,ENST00000328111.6,Q9UBC3:E502K,0.8908654560854617,0
chr1_28274073_T_C_hg38,ENST00000253063.4,P58004:M312T,0.1536254847651119,0
chr11_64371292_C_T_hg38,ENST00000334205.9,O75676:R711W,0.24936162832054498,0
chr11_108293332_A_G_hg38,ENST00000452508.6,Q13315:Y1544C,0.29941913215549776,0
chr10_113165689_C_T_hg38,ENST00000355995.8,Q9NQB0:S526L,0.07425505890599159,0
chr2_211712117_T_C_hg38,ENST00000342788.9,Q15303:I353V,0.15919874321767838,0
chr3_135249409_G_A_hg38,ENST00000398015.8,P54762:A922T,0.1315033445294917,0
chr1_26773648_C_G_hg38,ENST00000324856.13,O14497:S1312C,0.1419545237520321,0
chr1_2558376_C_T_hg38,ENST00000355716.4,Q92956:T71M,0.19874785531848427,0
chr2_25275517_C_T_hg38,ENST00000321117.9,Q9Y6K1:E159K,0.19572472195507995,0
chr17_80964274_G_A_hg38,ENST00000306801.8,Q8N122:V1318M,0.49976885021102535,0
chr1_26696527_G_C_hg38,ENST00000324856.13,O14497:A42P,0.1464917854139486,0
chr12_49033525_C_T_hg38,ENST00000301067.11,O14686:R3727H,0.40046659795716955,0
chrX_40073590_T_G_hg38,ENST00000378444.9,Q6W2J9:S586R,0.6753402022805788,0
chr7_152199323_G_A_hg38,ENST00000355193.6,Q8NEZ4:P1410L,0.10571886493572245,0
chr5_112840359_C_T_hg38,ENST00000508376.6,P25054:R1589C,0.16545886956670852,0
chr14_95107994_T_C_hg38,ENST00000527414.5,Q9UPY3:I846V,0.07523556494253124,0
chr2_211657809_G_A_hg38,ENST00000342788.9,Q15303:H631Y,0.09136353782705822,0
chrX_40063614_C_T_hg38,ENST00000378444.9,Q6W2J9:E1281K,0.30627434109408364,0
chr12_45860936_C_A_hg38,ENST00000334344.11,Q68CP9:Q1637K,0.2477754808492575,0
chr19_41238005_C_T_hg38,ENST00000301178.9,P30530:P282L,0.07453361271067481,0
chr22_28734546_G_A_hg38,ENST00000650281.1,O96017:T59I,0.883992944059487,0
chr4_54267677_A_C_hg38,ENST00000257290.10,P16234:N353H,0.14044155470013492,0
chr8_127738294_A_G_hg38,ENST00000652288.1,P01106:N11S,0.0928394393278469,0
chr5_112838070_T_G_hg38,ENST00000508376.6,P25054:L826V,0.09055706884359138,0
chr16_2173483_G_A_hg38,ENST00000326181.11,Q6Q0C0:V339I,0.07600260322999998,0
chr12_132659347_T_A_hg38,ENST00000320574.9,Q07864:S1075C,0.3088764698756539,0
chr1_119965543_T_C_hg38,ENST00000256646.7,Q04721:I531V,0.11517545963575965,0
chr7_116699124_C_T_hg38,ENST00000397752.7,P08581:L14F,0.053147555184801215,0
chrX_67546285_C_G_hg38,ENST00000374690.9,P10275:P380R,0.12356430300538473,0
chr7_152180074_G_T_hg38,ENST00000355193.6,Q8NEZ4:A2401E,0.7964840753102936,0
chr11_72235693_A_C_hg38,ENST00000298229.7,O15357:K893T,0.41529339268643833,0
chr13_109784520_C_G_hg38,ENST00000375856.5,Q9Y4H2:A512P,0.0965752940116817,0
chr15_98649636_C_G_hg38,ENST00000650285.1,P08069:L19V,0.06175077947130757,0
chr13_28023385_C_T_hg38,ENST00000241453.11,P36888:V795I,0.17255168706352883,0
chr20_42352148_G_C_hg38,ENST00000373187.5,O14522:I566M,0.2761506316215366,0
chr12_45892096_A_T_hg38,ENST00000334344.11,Q68CP9:K1716M,0.4509827538291761,0
chr4_186618854_C_T_hg38,ENST00000441802.7,Q14517:A2578T,0.12666401104691807,0
chr12_132680662_C_T_hg38,ENST00000320574.9,Q07864:R77H,0.10130290659735877,0
chr17_80923498_C_T_hg38,ENST00000306801.8,Q8N122:P878L,0.36056502223715936,0
chr7_81762824_G_A_hg38,ENST00000222390.11,P14210:A46V,0.1249639935646072,0
chr15_98891417_G_A_hg38,ENST00000650285.1,P08069:D245N,0.06459326410159519,0
chr7_50400064_A_G_hg38,ENST00000331340.8,Q13422:T333A,0.14177863875750704,0
chr5_56856656_C_G_hg38,ENST00000399503.4,Q13233:P180R,0.7916742847112095,0
chr4_1901196_A_G_hg38,ENST00000382895.7,O96028:Q181R,0.07895710747710567,0
chr5_56881734_G_A_hg38,ENST00000399503.4,Q13233:S845N,0.13536015671565765,0
chr6_157206879_A_G_hg38,ENST00000350026.10,Q8NFD5:H1900R,0.2919999061173149,0
chr15_98957400_G_C_hg38,ENST00000650285.1,P08069:K1354N,0.7077669057546537,0
chr8_68030510_G_A_hg38,ENST00000288368.5,Q70Z35:R186Q,0.9278638490513825,0
chr1_119963685_C_T_hg38,ENST00000256646.7,Q04721:A602T,0.08904488269270443,0
chr7_116700216_G_A_hg38,ENST00000397752.7,P08581:V378I,0.09277111445203685,0
chr4_186604501_G_C_hg38,ENST00000441802.7,Q14517:P3475R,0.5878283301519056,0
chr17_58709901_C_T_hg38,ENST00000337432.9,O43502:H250Y,0.14396382380039077,0
chr2_15942314_G_A_hg38,ENST00000281043.4,P04198:E84K,0.5020575263413642,0
chr5_112841839_A_G_hg38,ENST00000508376.6,P25054:D2082G,0.130649680348566,0
chr5_35860987_T_C_hg38,ENST00000303115.8,P16871:I73T,0.8560081822735999,0
chr5_38950123_C_T_hg38,ENST00000357387.8,Q6R327:G1242D,0.1628003798503073,0
chr11_72232917_C_A_hg38,ENST00000298229.7,O15357:L632I,0.29382943884464224,0
chr13_109782071_T_C_hg38,ENST00000375856.5,Q9Y4H2:H1328R,0.17082520042264615,0
chrX_45070239_T_C_hg38,ENST00000377967.8,O15550:S862P,0.1153663105390719,0
chr19_18156079_G_A_hg38,ENST00000617130.4,O00459:R67Q,0.15918369716029687,0
chr20_32786559_C_T_hg38,ENST00000328111.6,Q9UBC3:R122C,0.26112502802266213,0
chr11_119273923_A_G_hg38,ENST00000264033.5,P22681:S216G,0.18885738649396397,0
chr3_47121142_C_T_hg38,ENST00000409792.3,Q9BYW2:S1165N,0.47141618237880617,0
chr9_134401727_G_A_hg38,ENST00000481739.2,P19793:G42S,0.07217850398494338,0
chr5_56881214_G_C_hg38,ENST00000399503.4,Q13233:E771Q,0.4599461503311348,0
chr1_9717039_T_A_hg38,ENST00000377346.9,O00329:D287E,0.09145268014153739,0
chr7_55165355_A_G_hg38,ENST00000275493.7,P00533:M600V,0.09215584088589547,0
chr21_34792574_T_C_hg38,ENST00000344691.8,Q01196:Q308R,0.25836075790356633,0
chr7_50400619_A_G_hg38,ENST00000331340.8,Q13422:M518V,0.14011944154244776,0
chr15_98916755_G_T_hg38,ENST00000650285.1,P08069:G694W,0.2774738778418942,0
chr5_38954853_C_T_hg38,ENST00000357387.8,Q6R327:R873H,0.21598446666455887,0
chr22_41178868_A_G_hg38,ENST00000263253.9,Q09472:H2386R,0.1860931665899368,0
chr4_186636788_G_A_hg38,ENST00000441802.7,Q14517:R1257W,0.2478871307354528,0
chr7_116699194_T_C_hg38,ENST00000397752.7,P08581:V37A,0.13063506951627898,0
chr5_132591315_A_G_hg38,ENST00000378823.8,Q92878:D515G,0.5011425475122763,0
chr7_152220657_G_T_hg38,ENST00000355193.6,Q8NEZ4:T1193K,0.4992556177870098,0
chr5_38967364_G_T_hg38,ENST00000357387.8,Q6R327:T375N,0.09577883059952542,0
chr1_11241585_C_G_hg38,ENST00000361445.9,P42345:E503D,0.08486923335999062,0
chr9_8501001_C_G_hg38,ENST00000540109.5,P23468:L627F,0.16746804193544398,0
chr4_186597719_C_T_hg38,ENST00000441802.7,Q14517:A4111T,0.30466811516653086,0
chr2_29920019_C_T_hg38,ENST00000389048.8,Q9UM73:R214H,0.11587182233320231,0
chr2_211386921_T_C_hg38,ENST00000342788.9,Q15303:E1138G,0.1205936368049266,0
chr16_56834161_G_A_hg38,ENST00000308159.10,Q8N1F7:R524Q,0.17455854547869784,0
chr5_132595028_A_T_hg38,ENST00000378823.8,Q92878:K651N,0.6531409814633127,0
chr11_101127458_T_C_hg38,ENST00000325455.10,P06401:Y538C,0.17754423712816353,0
chr8_38457439_C_T_hg38,ENST00000447712.6,P11362:S3N,0.11570391836800219,0
chr6_31356379_C_T_hg38,ENST00000412585.7,P01889:G136E,0.7186701013051836,0
chr19_5223012_G_T_hg38,ENST00000587303.5,Q13332:T927K,0.2693700449505158,0
chr1_11241656_C_T_hg38,ENST00000361445.9,P42345:A480T,0.33872939566907995,0
chr17_39727965_G_T_hg38,ENST00000269571.9,P04626:R1230L,0.0876766285029166,0
chr12_49027001_G_A_hg38,ENST00000301067.11,O14686:R4989W,0.5437510909849441,0
chr12_45892042_C_G_hg38,ENST00000334344.11,Q68CP9:A1698G,0.3824797648509014,0
chr17_39524721_G_A_hg38,ENST00000447079.5,Q9NYV4:R1048Q,0.9671946455534994,0
chrX_67545786_G_C_hg38,ENST00000374690.9,P10275:A214P,0.1185207078748109,0
chr7_140834788_A_T_hg38,ENST00000646891.1,P15056:F109I,0.0880639168953351,0
chr17_39716333_G_A_hg38,ENST00000269571.9,P04626:A516T,0.08111742760971963,0
chr3_135249377_C_T_hg38,ENST00000398015.8,P54762:T911M,0.10269623889864249,0
chr5_38950418_T_G_hg38,ENST00000357387.8,Q6R327:S1144R,0.15391293493249208,0
chr9_136507316_C_T_hg38,ENST00000651671.1,P46531:R1211Q,0.10292033806612406,0
chr12_45850525_T_C_hg38,ENST00000334344.11,Q68CP9:M801T,0.3018251263184505,0
chr5_38952403_G_C_hg38,ENST00000357387.8,Q6R327:L974V,0.11184808474353572,0
chr2_29383737_C_G_hg38,ENST00000389048.8,Q9UM73:S426T,0.0961540027385645,0
chr12_56086566_G_A_hg38,ENST00000267101.7,P21860:D153N,0.09933645680211396,0
chr17_39710092_G_A_hg38,ENST00000269571.9,P04626:R217H,0.07656773818648058,0
chr8_68022127_G_A_hg38,ENST00000288368.5,Q70Z35:R143Q,0.5426349373668746,0
chr4_54270708_A_T_hg38,ENST00000257290.10,P16234:E399D,0.08805417618067607,0
chr5_112842150_A_C_hg38,ENST00000508376.6,P25054:K2186Q,0.23036130934705532,0
chr19_45357323_C_T_hg38,ENST00000391945.9,P18074:V476I,0.10960694491906382,0
chr3_189738642_G_C_hg38,ENST00000264731.8,Q9H3D4:Q64H,0.21595956321576332,0
chr1_26729793_C_T_hg38,ENST00000324856.13,O14497:P427L,0.3352775206771429,0
chr11_108229179_T_A_hg38,ENST00000452508.6,Q13315:F63I,0.2048731609052327,0
chr17_31350234_G_A_hg38,ENST00000358273.8,P21359:R2458K,0.35352152111112073,0
chr9_136513036_G_C_hg38,ENST00000651671.1,P46531:L818V,0.07756844387102625,0
chr16_3728613_A_G_hg38,ENST00000262367.9,Q92793:M2145T,0.3510188752653282,0
chr4_1807213_A_G_hg38,ENST00000440486.7,P22607:H791R,0.15115144115986393,0
chr16_11254932_C_G_hg38,ENST00000644787.1,O15524:V183L,0.38125157287952227,0
chr1_11240375_T_G_hg38,ENST00000361445.9,P42345:T572P,0.07355217848895113,0
chr8_70069207_G_C_hg38,ENST00000276594.3,Q9GZV8:S218R,0.3174753767909629,0
chr17_7674927_G_A_hg38,ENST00000445888.6,P04637:R202C,0.1160279424239911,0
chr11_108282761_A_G_hg38,ENST00000452508.6,Q13315:M1210V,0.17108458083991765,0
chr3_30644880_C_G_hg38,ENST00000295754.9,P37173:I76M,0.28112212991494584,0
chr10_43111410_C_A_hg38,ENST00000355710.8,P07949:D489E,0.33877537773233274,0
chr4_186606110_G_A_hg38,ENST00000441802.7,Q14517:A3437V,0.12599310414820103,0
chr12_11752481_G_A_hg38,ENST00000396373.8,P41212:S22N,0.2581622168486157,0
chr13_28057385_G_T_hg38,ENST00000241453.11,P36888:A149D,0.1026057978751393,0
chr19_45352781_C_T_hg38,ENST00000391945.9,P18074:V623I,0.08231682870029251,0
chr2_39022804_T_A_hg38,ENST00000402219.6,Q07889:I542L,0.20393289538033596,0
chr9_136506781_C_T_hg38,ENST00000651671.1,P46531:R1279H,0.08241546976449002,0
chr3_189886438_C_T_hg38,ENST00000264731.8,Q9H3D4:P465L,0.12465226927215627,0
chr1_28279208_C_A_hg38,ENST00000253063.4,P58004:N441K,0.3068621317965473,0
chr16_3731416_C_T_hg38,ENST00000262367.9,Q92793:V1650I,0.06663273393453298,0
chr12_120994322_C_A_hg38,ENST00000257555.10,P20823:P291Q,0.08618122655609324,0
chr20_47624057_G_A_hg38,ENST00000371998.8,Q9Y6Q9:R77K,0.16879234188731773,0
chr19_42288891_C_T_hg38,ENST00000575354.6,Q96RK0:S312F,0.5857773908705262,0
chrX_47180433_A_G_hg38,ENST00000377604.8,P98175:N392S,0.049844743710745675,0
chrX_124066253_G_C_hg38,ENST00000371144.7,Q8N3U4:M725I,0.7849030233248032,0
chr17_58692693_T_G_hg38,ENST00000337432.9,O43502:F17C,0.36344882556088814,0
chr15_98708072_A_G_hg38,ENST00000650285.1,P08069:N202S,0.06855193318762279,0
chr5_112842772_G_A_hg38,ENST00000508376.6,P25054:R2393K,0.16792641931327185,0
chr9_8518376_T_G_hg38,ENST00000540109.5,P23468:I339L,0.5768831420999271,0
chr2_211420603_A_T_hg38,ENST00000342788.9,Q15303:D991E,0.26131525750366824,0
chr2_29193292_G_A_hg38,ENST00000389048.8,Q9UM73:P1599S,0.06711666600952361,0
chr20_9580857_G_C_hg38,ENST00000378429.3,Q9P286:S93W,0.8713522799537188,0
chr4_186639774_G_A_hg38,ENST00000441802.7,Q14517:T1197I,0.1669526845932719,0
chr4_55095605_C_T_hg38,ENST00000263923.5,P35968:S930N,0.10224747560689683,0
chr12_49034836_A_G_hg38,ENST00000301067.11,O14686:I3444T,0.7553176873811598,0
chr8_127740753_G_T_hg38,ENST00000652288.1,P01106:R372L,0.1390341981919733,0
chrX_40074818_C_G_hg38,ENST00000378444.9,Q6W2J9:Q176H,0.2946702265702208,0
chr1_241519697_G_C_hg38,ENST00000366560.3,P07954:A9G,0.06845294880317088,0
chr3_47121112_T_A_hg38,ENST00000409792.3,Q9BYW2:D1175V,0.24064027777312696,0
chr7_5987531_T_C_hg38,ENST00000265849.12,P54278:K412E,0.09081664476679929,0
chr4_186636787_C_A_hg38,ENST00000441802.7,Q14517:R1257L,0.44101520462008253,0
chr8_68192405_C_T_hg38,ENST00000288368.5,Q70Z35:T1495I,0.2126698443293715,0
chr17_39727760_C_T_hg38,ENST00000269571.9,P04626:P1162S,0.07449333543916434,0
chr12_120999581_C_A_hg38,ENST00000257555.10,P20823:S574R,0.22226302076065732,0
chr12_114672296_C_A_hg38,ENST00000257566.7,O15119:A593S,0.10114289422297766,0
chr3_47121758_G_T_hg38,ENST00000409792.3,Q9BYW2:Q960K,0.07497599553164518,0
chr4_186620387_C_A_hg38,ENST00000441802.7,Q14517:V2067L,0.35349698255030937,0
chr8_54459625_C_A_hg38,ENST00000297316.5,Q9H6I2:A292D,0.29833554523880945,0
chr3_138684686_G_A_hg38,ENST00000477593.5,P42338:R752W,0.1647722611000687,0
chr9_8484282_C_T_hg38,ENST00000540109.5,P23468:V1084M,0.6220917755626055,0
chr4_186709044_A_T_hg38,ENST00000441802.7,Q14517:L262M,0.10326947464984708,0
chr12_45836741_A_G_hg38,ENST00000334344.11,Q68CP9:E258G,0.10509011993097919,0
chr5_35871118_G_A_hg38,ENST00000303115.8,P16871:V148M,0.4914473933620959,0
chr3_47123941_T_A_hg38,ENST00000409792.3,Q9BYW2:D232V,0.23067743911900418,0
chr12_50086327_C_T_hg38,ENST00000394963.9,Q96GM5:A115V,0.09909772802051306,0
chr11_17720312_C_G_hg38,ENST00000250003.4,P15172:A177G,0.08394572896024534,0
chr7_152177627_C_T_hg38,ENST00000355193.6,Q8NEZ4:R2609Q,0.08921790677341962,0
chr5_132587638_G_A_hg38,ENST00000378823.8,Q92878:R278Q,0.24129427396028177,0
chr14_95124399_C_A_hg38,ENST00000527414.5,Q9UPY3:E391D,0.4825590138935859,0
chr7_2917342_C_A_hg38,ENST00000396946.8,Q9BXL7:R884L,0.32606223086304553,0
chr5_112842982_A_C_hg38,ENST00000508376.6,P25054:E2463A,0.6930653729635652,0
chr10_113165857_C_T_hg38,ENST00000355995.8,Q9NQB0:P582L,0.08760918080061685,0
chr22_41131489_A_G_hg38,ENST00000263253.9,Q09472:S462G,0.3595075258338969,0
chr19_42290798_G_A_hg38,ENST00000575354.6,Q96RK0:R677Q,0.15342557252317748,0
chr19_5215406_C_T_hg38,ENST00000587303.5,Q13332:D1401N,0.6066848081010189,0
chr7_81769918_A_T_hg38,ENST00000222390.11,P14210:H18Q,0.10313121240194825,0
chr19_18166238_G_C_hg38,ENST00000617130.4,O00459:E499Q,0.48296991735137734,0
chr13_72781672_T_C_hg38,ENST00000377767.9,Q9Y2L1:D54G,0.09083445038337261,0
chr11_72238073_G_T_hg38,ENST00000298229.7,O15357:G1195V,0.09516258080398898,0
chr20_47652447_A_G_hg38,ENST00000371998.8,Q9Y6Q9:S1330G,0.14242660375407087,0
chr12_49037256_A_G_hg38,ENST00000301067.11,O14686:L3367S,0.15771568985726017,0
chrX_40074056_C_A_hg38,ENST00000378444.9,Q6W2J9:Q430H,0.4068584386665947,0
chr1_26729822_C_T_hg38,ENST00000324856.13,O14497:R437W,0.6149053221823966,0
chr12_132625674_T_G_hg38,ENST00000320574.9,Q07864:K2210Q,0.13343117624708112,0
chr20_42110471_A_T_hg38,ENST00000373187.5,O14522:I1039N,0.6543912220186394,0
chr16_89280877_T_C_hg38,ENST00000642600.1,Q6UB99:K1889E,0.20879316373434448,0
chr8_67952534_C_G_hg38,ENST00000288368.5,Q70Z35:S47W,0.692632231341309,0
chr7_152182020_G_A_hg38,ENST00000355193.6,Q8NEZ4:S1947F,0.25328324506449457,0
chr12_57471520_G_T_hg38,ENST00000228682.7,P08151:S927I,0.11120800038098781,0
chr4_186618926_G_C_hg38,ENST00000441802.7,Q14517:L2554V,0.28018173783707057,0
chr12_49046300_C_T_hg38,ENST00000301067.11,O14686:V1515I,0.09909303654901196,0
chr6_93356950_G_C_hg38,ENST00000369303.9,Q15375:T364S,0.08781264465287661,0
chr12_114674667_C_T_hg38,ENST00000257566.7,O15119:R423Q,0.08603954243279711,0
chr17_31340586_A_G_hg38,ENST00000358273.8,P21359:T2335A,0.14548553830607097,0
chr3_138655414_G_A_hg38,ENST00000477593.5,P42338:T1063I,0.30160893136152017,0
chr6_157200739_C_A_hg38,ENST00000350026.10,Q8NFD5:P1369H,0.6623470171409995,0
chr1_26766242_G_C_hg38,ENST00000324856.13,O14497:M918I,0.3038466797706029,0
chr12_56088865_A_G_hg38,ENST00000267101.7,P21860:N369S,0.09228834399405929,0
chr5_58457332_T_C_hg38,ENST00000274289.8,Q9NYY3:K286R,0.358756575565597,0
chr20_47642373_C_G_hg38,ENST00000371998.8,Q9Y6Q9:L1081V,0.2200503151049094,0
chr19_5212445_G_A_hg38,ENST00000587303.5,Q13332:A1554V,0.9223622330576743,0
chr17_31988368_A_G_hg38,ENST00000322652.10,Q15022:T358A,0.19816864373720444,0
chr4_186619411_T_C_hg38,ENST00000441802.7,Q14517:Q2392R,0.09596888115525766,0
chr11_72228463_G_C_hg38,ENST00000298229.7,O15357:R121P,0.08999029535846838,0
chr16_68738328_C_T_hg38,ENST00000261769.10,P12830:P27L,0.08846440750528872,0
chr7_2932574_T_C_hg38,ENST00000396946.8,Q9BXL7:K511E,0.44243142288601284,0
chr9_8633346_C_T_hg38,ENST00000540109.5,P23468:S108N,0.21925493143814356,0
chr3_52662165_C_T_hg38,ENST00000296302.11,Q86U86:G166R,0.2859873887269056,0
chr5_35874520_G_A_hg38,ENST00000303115.8,P16871:A260T,0.10127446743432651,0
chr17_80949488_A_G_hg38,ENST00000306801.8,Q8N122:K1104R,0.07252792603001404,0
chr15_40389878_A_G_hg38,ENST00000249776.12,Q9Y448:K212E,0.2829746343579787,0
chr12_45852566_T_G_hg38,ENST00000334344.11,Q68CP9:H1481Q,0.20270843120050366,0
chr11_108271271_G_A_hg38,ENST00000452508.6,Q13315:R981H,0.22049856247240437,0
chr1_120069403_G_A_hg38,ENST00000256646.7,Q04721:P2S,0.12819495680784554,0
chr22_28699893_C_T_hg38,ENST00000650281.1,O96017:R318H,0.14110400821920452,0
chr4_54737280_T_G_hg38,ENST00000288135.5,P10721:H934Q,0.13649968326226802,0
chr15_98911365_A_G_hg38,ENST00000650285.1,P08069:I505V,0.1657638082932822,0
chr9_8492955_G_C_hg38,ENST00000540109.5,P23468:P792A,0.1283064063688884,0
chrX_47567309_C_T_hg38,ENST00000377045.9,P10398:T318M,0.1350906484705923,0
chr8_38416003_T_C_hg38,ENST00000447712.6,P11362:Q574R,0.08693869040243841,0
chr11_108250702_C_A_hg38,ENST00000452508.6,Q13315:L413I,0.27601821589802783,0
chr5_112843976_C_A_hg38,ENST00000508376.6,P25054:S2794R,0.9261428002648145,0
chr4_186639760_T_G_hg38,ENST00000441802.7,Q14517:K1202Q,0.18162686890878896,0
chr4_1904246_A_G_hg38,ENST00000382895.7,O96028:T210A,0.06079910037990448,0
chr16_2586869_A_T_hg38,ENST00000342085.9,O15530:E440V,0.22584639437570792,0
chr16_67611217_A_G_hg38,ENST00000645699.1,P49711:T129A,0.11444318449738355,0
chr3_134795683_A_G_hg38,ENST00000398015.8,P54762:M18V,0.040395678242047046,0
chr12_56099988_G_A_hg38,ENST00000267101.7,P21860:A1030T,0.06867075513773034,0
chr5_177091086_C_A_hg38,ENST00000292408.9,P22455:N195K,0.17437325038091775,0
chr5_35873532_C_T_hg38,ENST00000303115.8,P16871:P197L,0.21235889103254343,0
chr4_186611513_G_C_hg38,ENST00000441802.7,Q14517:D3242E,0.4020271602348241,0
chr16_56805540_A_G_hg38,ENST00000308159.10,Q8N1F7:M133V,0.12930221220798796,0
chr16_68823539_G_A_hg38,ENST00000261769.10,P12830:G693S,0.06759023378788029,0
chr8_68157424_A_G_hg38,ENST00000288368.5,Q70Z35:N1445S,0.08794390188304879,0
chr19_45368682_G_A_hg38,ENST00000391945.9,P18074:P103L,0.08518238450010042,0
chr13_48707107_A_G_hg38,ENST00000282018.4,Q9NS75:Y97C,0.8499865600836166,0
chr3_47056949_A_G_hg38,ENST00000409792.3,Q9BYW2:S2279P,0.07520964100224004,0
chr3_10141854_C_T_hg38,ENST00000256474.2,P40337:R3W,0.14787414737397175,0
chr9_8504381_T_A_hg38,ENST00000540109.5,P23468:T568S,0.09234810714776494,0
chr14_37591854_A_C_hg38,ENST00000250448.3,P55317:H310Q,0.09630899042217964,0
chr11_72234563_G_A_hg38,ENST00000298229.7,O15357:S788N,0.6453534936562929,0
chr4_186708105_C_T_hg38,ENST00000441802.7,Q14517:E575K,0.07969907357605394,0
chr2_29222566_T_A_hg38,ENST00000389048.8,Q9UM73:Q1134L,0.12768433830306955,0
chr4_186600047_T_C_hg38,ENST00000441802.7,Q14517:Q3985R,0.11096659632091418,0
chr11_72228760_G_A_hg38,ENST00000298229.7,O15357:R144H,0.6153425746823072,0
chr5_112842318_A_G_hg38,ENST00000508376.6,P25054:S2242G,0.37324523630712453,0
chr5_177090765_G_A_hg38,ENST00000292408.9,P22455:D126N,0.07504777751678385,0
chr13_40666103_G_A_hg38,ENST00000379561.6,Q12778:S37L,0.16409814178970997,0
chr4_186620101_G_A_hg38,ENST00000441802.7,Q14517:P2162L,0.20896534147998563,0
chr9_8733791_G_A_hg38,ENST00000540109.5,P23468:T18M,0.11225230630385795,0
chr13_109782398_G_C_hg38,ENST00000375856.5,Q9Y4H2:P1219R,0.11665471109495171,0
chr6_31980671_A_G_hg38,ENST00000375333.2,P49842:S311G,0.04575584519325364,0
chr5_112840360_G_A_hg38,ENST00000508376.6,P25054:R1589H,0.12132083400887156,0
chr4_186603310_G_A_hg38,ENST00000441802.7,Q14517:A3739V,0.09548064977339614,0
chr11_108304687_T_G_hg38,ENST00000452508.6,Q13315:F1837V,0.21273656688070958,0
chr11_108330415_G_A_hg38,ENST00000452508.6,Q13315:M2503I,0.36478862214818164,0
chr15_90102329_C_G_hg38,ENST00000330062.7,P48735:W21S,0.05560884355793985,0
chr12_49041451_G_T_hg38,ENST00000301067.11,O14686:P2107T,0.44669839682684415,0
chr9_8501058_C_G_hg38,ENST00000540109.5,P23468:K608N,0.6739563403969497,0
chr7_152163603_C_A_hg38,ENST00000355193.6,Q8NEZ4:S3325I,0.19724588061932075,0
chr5_56872678_A_G_hg38,ENST00000399503.4,Q13233:I487M,0.30050328721856323,0
chr9_136523857_C_T_hg38,ENST00000651671.1,P46531:S88N,0.09498591686313773,0
chr6_26056389_G_A_hg38,ENST00000343677.3,P16403:P14S,0.07316156979269231,0
chr1_28273446_A_T_hg38,ENST00000253063.4,P58004:Q280L,0.153406171083523,0
chr7_152181444_C_A_hg38,ENST00000355193.6,Q8NEZ4:R2139L,0.32771719496641827,0
chr12_45893469_A_G_hg38,ENST00000334344.11,Q68CP9:I1733V,0.15991287576687052,0
chr13_109784112_C_T_hg38,ENST00000375856.5,Q9Y4H2:G648R,0.3452051461914174,0
chr11_119285360_C_T_hg38,ENST00000264033.5,P22681:P579S,0.10757956239769001,0
chr9_136523851_G_A_hg38,ENST00000651671.1,P46531:A90V,0.07904456787965564,0
chr16_2168161_A_C_hg38,ENST00000326181.11,Q6Q0C0:D75A,0.15132875594181996,0
chr9_8486206_G_C_hg38,ENST00000540109.5,P23468:L871V,0.08050688462262544,0
chr16_68822138_G_A_hg38,ENST00000261769.10,P12830:A617T,0.0901466908942412,0
chr6_152098890_C_T_hg38,ENST00000206249.7,P03372:A571V,0.07768421530637669,0
chr6_157084890_C_T_hg38,ENST00000350026.10,Q8NFD5:P743S,0.9124033827222051,0
chr3_52548232_C_T_hg38,ENST00000296302.11,Q86U86:R1634Q,0.10141810141067444,0
chr21_34834487_G_A_hg38,ENST00000344691.8,Q01196:P216L,0.09463802468269242,0
chr9_8521483_C_T_hg38,ENST00000540109.5,P23468:S252N,0.18568714084216084,0
chr3_170222743_A_G_hg38,ENST00000295797.5,P41743:Q25R,0.15520674309384339,0
chr12_49032071_G_A_hg38,ENST00000301067.11,O14686:R4212W,0.7535048909869598,0
chr5_35876337_A_G_hg38,ENST00000303115.8,P16871:T411A,0.0733579396493628,0
chr3_52564225_C_T_hg38,ENST00000296302.11,Q86U86:A1234T,0.10698030922602647,0
chr8_38417358_C_T_hg38,ENST00000447712.6,P11362:M537I,0.3187580579577047,0
chr4_186628653_G_C_hg38,ENST00000441802.7,Q14517:I1478M,0.170502164939581,0
chr12_49045956_G_A_hg38,ENST00000301067.11,O14686:P1569S,0.07568954581037733,0
chrX_67546356_G_T_hg38,ENST00000374690.9,P10275:A404S,0.0765584334112446,0
chr2_29193832_C_T_hg38,ENST00000389048.8,Q9UM73:E1419K,0.09122260349750588,0
chr5_112842067_C_G_hg38,ENST00000508376.6,P25054:P2158R,0.23005592935996028,0
chr7_152180763_T_C_hg38,ENST00000355193.6,Q8NEZ4:D2366G,0.18974530283502933,0
chr2_25749734_C_T_hg38,ENST00000435504.9,Q76L83:G608R,0.2456881227448024,0
chr13_28052567_G_A_hg38,ENST00000241453.11,P36888:L198F,0.05538028262707809,0
chr19_10499528_C_T_hg38,ENST00000393623.6,Q14145:R169H,0.10231272080251344,0
chr22_41117549_A_G_hg38,ENST00000263253.9,Q09472:M153V,0.08475090553149331,0
chr12_114682995_A_G_hg38,ENST00000257566.7,O15119:V69A,0.24989962693668974,0
chr4_186618327_A_C_hg38,ENST00000441802.7,Q14517:I2753M,0.17417963833764888,0
chr3_52609868_T_C_hg38,ENST00000296302.11,Q86U86:N671S,0.23065862401797196,0
chr9_136497114_A_G_hg38,ENST00000651671.1,P46531:Y2209H,0.5798303519105317,0
chr7_74752131_G_C_hg38,ENST00000573035.5,P78347:G840R,0.9142971364909597,0
chr12_56101819_C_T_hg38,ENST00000267101.7,P21860:R1265W,0.15291371990663266,0
chr4_186597715_A_G_hg38,ENST00000441802.7,Q14517:V4112A,0.31401917542446095,0
chr1_28271743_G_A_hg38,ENST00000253063.4,P58004:V76I,0.09970230152676315,0
chr13_28014492_G_A_hg38,ENST00000241453.11,P36888:T940I,0.1538174782736573,0
chr19_5222217_G_A_hg38,ENST00000587303.5,Q13332:S1036L,0.09950953216115423,0
chr12_49049214_C_T_hg38,ENST00000301067.11,O14686:R1304H,0.7830329303875458,0
chr4_186636701_C_G_hg38,ENST00000441802.7,Q14517:E1286Q,0.23669524791626323,0
chr9_136501814_T_G_hg38,ENST00000651671.1,P46531:M1858L,0.10260278698717099,0
chr16_3751726_G_A_hg38,ENST00000262367.9,Q92793:T1260M,0.3187735295600174,0
chr11_64361643_C_G_hg38,ENST00000334205.9,O75676:A218G,0.2197618778736809,0
chr3_170273338_C_G_hg38,ENST00000295797.5,P41743:T215R,0.12250067207464636,0
chr19_41259744_C_T_hg38,ENST00000301178.9,P30530:P842L,0.05921195107164152,0
chr19_5212491_T_G_hg38,ENST00000587303.5,Q13332:N1539H,0.25278938254879807,0
chrX_71123660_A_G_hg38,ENST00000374080.8,Q93074:S562G,0.0688899731491762,0
chr4_186618787_T_G_hg38,ENST00000441802.7,Q14517:K2600T,0.09749648192219856,0
chr22_41177308_C_T_hg38,ENST00000263253.9,Q09472:P1866L,0.5335174918180243,0
chr19_18163014_A_G_hg38,ENST00000617130.4,O00459:H386R,0.08579217227664784,0
chr3_135132843_G_A_hg38,ENST00000398015.8,P54762:R364Q,0.0821317514306536,0
chr18_63318572_G_C_hg38,ENST00000398117.1,P10415:A32G,0.09112203950585292,0
chr17_7673752_G_A_hg38,ENST00000445888.6,P04637:R290C,0.07923450496480527,0
chr7_116699985_A_G_hg38,ENST00000397752.7,P08581:T301A,0.1523877037862198,0
chr20_47649054_C_T_hg38,ENST00000371998.8,Q9Y6Q9:T1199I,0.12635376703919565,0
chr13_109782359_G_A_hg38,ENST00000375856.5,Q9Y4H2:P1232L,0.12012563981415937,0
chr5_132595807_T_A_hg38,ENST00000378823.8,Q92878:M735K,0.2432128796556414,0
chr13_40666037_G_A_hg38,ENST00000379561.6,Q12778:P59L,0.14452097717280443,0
chrX_45063756_G_A_hg38,ENST00000377967.8,O15550:R621H,0.07534850346757543,0
chr11_108289083_G_A_hg38,ENST00000452508.6,Q13315:E1406K,0.24276412780276005,0
chr19_1223040_C_A_hg38,ENST00000326873.11,Q15831:P326T,0.06636463322278233,0
chr6_26056392_G_A_hg38,ENST00000343677.3,P16403:P13S,0.07566994390822109,0
chr19_41239301_G_T_hg38,ENST00000301178.9,P30530:E424D,0.1404804113460306,0
chr12_132641819_C_T_hg38,ENST00000320574.9,Q07864:V1736I,0.11924487332718346,0
chr5_112841209_T_G_hg38,ENST00000508376.6,P25054:V1872G,0.34938395423137036,0
chr13_109785073_G_C_hg38,ENST00000375856.5,Q9Y4H2:H327Q,0.30669179730391555,0
chr12_49051551_G_A_hg38,ENST00000301067.11,O14686:P711L,0.13196849973120645,0
chr13_28004141_A_G_hg38,ENST00000241453.11,P36888:C965R,0.05056656273856792,0
chr5_38952307_C_T_hg38,ENST00000357387.8,Q6R327:D1006N,0.18374860680059815,0
chr9_8486203_C_G_hg38,ENST00000540109.5,P23468:E872Q,0.3011643122722295,0
chr17_58709907_C_G_hg38,ENST00000337432.9,O43502:L252V,0.11747585689666414,0
chrX_40073424_G_A_hg38,ENST00000378444.9,Q6W2J9:S641F,0.6612787375187513,0
chr17_31334976_A_G_hg38,ENST00000358273.8,P21359:N1984S,0.07332795030672878,0
chr7_2926753_G_T_hg38,ENST00000396946.8,Q9BXL7:A598D,0.14282235409995594,0
chr3_138737823_G_C_hg38,ENST00000477593.5,P42338:Q229E,0.11362856891683897,0
chrX_124071294_T_C_hg38,ENST00000371144.7,Q8N3U4:I835T,0.13240037763170243,0
chr11_108292756_T_C_hg38,ENST00000452508.6,Q13315:I1525T,0.23889489819030296,0
chr7_152181513_A_G_hg38,ENST00000355193.6,Q8NEZ4:F2116S,0.4387920766497331,0
chr12_45851439_G_A_hg38,ENST00000334344.11,Q68CP9:A1106T,0.060184325772099284,0
chr3_187729214_C_G_hg38,ENST00000232014.8,P41182:Q397H,0.19944269776492018,0
chr12_49041474_C_T_hg38,ENST00000301067.11,O14686:R2099Q,0.3588464800018523,0
chr7_152187352_C_G_hg38,ENST00000355193.6,Q8NEZ4:E1640Q,0.48533061819162127,0
chr11_108268461_T_C_hg38,ENST00000452508.6,Q13315:F897S,0.24491312711154106,0
chr5_112840893_G_T_hg38,ENST00000508376.6,P25054:G1767C,0.10890506295697443,0
chr2_211665365_G_C_hg38,ENST00000342788.9,Q15303:P610R,0.057018363471117064,0
chr5_112843062_G_A_hg38,ENST00000508376.6,P25054:D2490N,0.2011455017824856,0
chr20_47633508_A_G_hg38,ENST00000371998.8,Q9Y6Q9:N279S,0.06610073366282151,0
chr12_56100024_C_T_hg38,ENST00000267101.7,P21860:R1042C,0.11826999103271527,0
chr17_58358662_G_A_hg38,ENST00000577716.5,Q68DV7:P372S,0.07961191563333593,0
chr13_72760545_G_A_hg38,ENST00000377767.9,Q9Y2L1:S926F,0.12031037331184902,0
chr2_29193887_T_G_hg38,ENST00000389048.8,Q9UM73:E1400D,0.3127379286444475,0
chr2_25744043_G_A_hg38,ENST00000435504.9,Q76L83:P765L,0.08028232098391717,0
chr3_138945744_G_A_hg38,ENST00000648323.1,P58012:P327S,0.09816092109887194,0
chr20_32787255_C_T_hg38,ENST00000328111.6,Q9UBC3:S153L,0.06861347515596963,0
chr1_26697133_G_A_hg38,ENST00000324856.13,O14497:A244T,0.09465207403749476,0
chr6_93410555_T_C_hg38,ENST00000369303.9,Q15375:I260V,0.13783938465396434,0
chr4_186636754_C_T_hg38,ENST00000441802.7,Q14517:R1268Q,0.121589851033759,0
chr4_186620089_G_A_hg38,ENST00000441802.7,Q14517:A2166V,0.17100506290881562,0
chr7_116699229_G_A_hg38,ENST00000397752.7,P08581:E49K,0.07415325173496375,0
chr5_112840732_T_C_hg38,ENST00000508376.6,P25054:L1713S,0.10593706244360207,0
chr11_108365330_T_C_hg38,ENST00000452508.6,Q13315:I2998T,0.04498237239608415,0
chr19_5222982_G_A_hg38,ENST00000587303.5,Q13332:A937V,0.1364603520714509,0
chr16_2165882_A_G_hg38,ENST00000326181.11,Q6Q0C0:R29G,0.2945496423148975,0
chr5_177095719_G_A_hg38,ENST00000292408.9,P22455:R606Q,0.05981040271766611,0
chr9_21970920_C_A_hg38,ENST00000304494.9,P42771:A147S,0.09980242586466798,0
chr1_2559936_G_A_hg38,ENST00000355716.4,Q92956:A140T,0.08707091878929987,0
chr7_2923214_G_A_hg38,ENST00000396946.8,Q9BXL7:A687V,0.09180487740637326,0
chr3_41238068_G_A_hg38,ENST00000441708.2,P35222:R710H,0.11142691637196712,0
chrX_45076738_T_C_hg38,ENST00000377967.8,O15550:L915S,0.6854877147172364,0
chr4_186707074_T_G_hg38,ENST00000441802.7,Q14517:E918D,0.10209291860299193,0
chr12_12718135_G_A_hg38,ENST00000228872.9,P46527:C99Y,0.1277039942841809,0
chr11_101127599_G_A_hg38,ENST00000325455.10,P06401:P491L,0.14591173665246815,0
chr9_136517316_C_T_hg38,ENST00000651671.1,P46531:R504H,0.052751445123236596,0
chr14_37591874_T_C_hg38,ENST00000250448.3,P55317:S304G,0.05171922544494321,0
chr11_119297440_T_C_hg38,ENST00000264033.5,P22681:I737T,0.46618711098332083,0
chr12_132632784_C_A_hg38,ENST00000320574.9,Q07864:A2006S,0.17512500953199361,0
chr20_32791673_G_A_hg38,ENST00000328111.6,Q9UBC3:V296I,0.13057193208610454,0
chr4_186604438_A_G_hg38,ENST00000441802.7,Q14517:V3496A,0.10104411296084351,0
chr3_10149954_A_C_hg38,ENST00000256474.2,P40337:M211L,0.08816575061682405,0
chr3_187729407_C_T_hg38,ENST00000232014.8,P41182:S333N,0.2886744623980119,0
chr3_52662224_C_T_hg38,ENST00000296302.11,Q86U86:R146Q,0.13056951700701389,0
chr6_156778839_C_T_hg38,ENST00000350026.10,Q8NFD5:P304S,0.07750973995059766,0
chr1_26697251_G_C_hg38,ENST00000324856.13,O14497:G283A,0.07652051514480039,0
chr6_41935977_G_A_hg38,ENST00000372991.8,P30281:T281I,0.4081575064070112,0
chr11_17721434_C_T_hg38,ENST00000250003.4,P15172:P297S,0.06711814497036099,0
chr12_114671929_T_A_hg38,ENST00000257566.7,O15119:E715V,0.3059637344569383,0
chr10_121564537_G_A_hg38,ENST00000358487.9,P21802:A140V,0.09378386484795247,0
chr5_132579974_G_A_hg38,ENST00000378823.8,Q92878:E222K,0.1653786410070521,0
chr9_136497065_T_C_hg38,ENST00000651671.1,P46531:Q2225R,0.1151125698919422,0
chr14_65076522_G_A_hg38,ENST00000358664.9,P61244:P146L,0.07693552949062335,0
chr12_49051713_G_A_hg38,ENST00000301067.11,O14686:P657L,0.24087066989698835,0
chr16_67611230_A_G_hg38,ENST00000645699.1,P49711:E133G,0.1882300814760475,0
chr17_39531220_G_C_hg38,ENST00000447079.5,Q9NYV4:W1459C,0.6999757646921109,0
chr8_68146289_C_G_hg38,ENST00000288368.5,Q70Z35:Q1390E,0.11458655183858948,0
chr4_1807171_C_T_hg38,ENST00000440486.7,P22607:T777I,0.2010520329972249,0
chr22_28725091_T_C_hg38,ENST00000650281.1,O96017:I160V,0.13047550255815585,0
chr1_119940622_G_A_hg38,ENST00000256646.7,Q04721:T1039M,0.09984106647104858,0
chr4_55107795_G_C_hg38,ENST00000263923.5,P35968:P452A,0.06680341024269797,0
chr7_5986899_C_T_hg38,ENST00000265849.12,P54278:M622I,0.3869479150339387,0
chr21_34834458_G_C_hg38,ENST00000344691.8,Q01196:L226V,0.07161326224712249,0
chr5_112801310_C_T_hg38,ENST00000508376.6,P25054:S254L,0.06561599031679557,0
chr16_3729065_C_G_hg38,ENST00000262367.9,Q92793:Q1994H,0.18413409453605736,0
chr3_71015651_A_G_hg38,ENST00000647725.1,Q9H334:L291S,0.07154282465915511,0
chr5_132589759_A_T_hg38,ENST00000378823.8,Q92878:K458N,0.31255404914515766,0
chr3_52609926_A_C_hg38,ENST00000296302.11,Q86U86:S652A,0.09274168988643247,0
chr22_21867405_C_G_hg38,ENST00000398822.7,P28482:E12D,0.5216689907750468,0
chr2_25248202_G_C_hg38,ENST00000321117.9,Q9Y6K1:N230K,0.11147618751722693,0
chr4_186603768_C_T_hg38,ENST00000441802.7,Q14517:M3586I,0.2517922789165733,0
chr3_47120341_T_C_hg38,ENST00000409792.3,Q9BYW2:E1432G,0.09341174257948157,0
chr3_47084282_G_C_hg38,ENST00000409792.3,Q9BYW2:A1833G,0.13451208593750094,0
chr3_187729096_C_T_hg38,ENST00000232014.8,P41182:D437N,0.1608842514131077,0
chr5_112843651_T_C_hg38,ENST00000508376.6,P25054:V2686A,0.12810751782509394,0
chr19_19147081_G_A_hg38,ENST00000444486.7,Q02080:R166C,0.20731908208051447,0
chr3_52548226_C_T_hg38,ENST00000296302.11,Q86U86:R1636H,0.12079260791795876,0
chr6_157174080_A_G_hg38,ENST00000350026.10,Q8NFD5:K1020R,0.11234512915834177,0
chr12_49033736_G_C_hg38,ENST00000301067.11,O14686:L3657V,0.07999432559530224,0
chr11_108252869_A_C_hg38,ENST00000452508.6,Q13315:N619H,0.26656394678186823,0
chr5_177135925_A_G_hg38,ENST00000439151.6,Q96L73:I274M,0.18333246668392716,0
chr8_127738954_C_T_hg38,ENST00000652288.1,P01106:P231L,0.07132819517785369,0
chr19_5229565_G_A_hg38,ENST00000587303.5,Q13332:H759Y,0.4482829474530518,0
chr20_32787365_C_T_hg38,ENST00000328111.6,Q9UBC3:R190C,0.07326544564281345,0
chr22_41178219_A_G_hg38,ENST00000263253.9,Q09472:M2170V,0.08066789718786971,0
chr13_109782960_G_A_hg38,ENST00000375856.5,Q9Y4H2:P1032S,0.06086307061046384,0
chr16_89280430_T_C_hg38,ENST00000642600.1,Q6UB99:K2038E,0.1478262066974381,0
chr7_152162172_T_C_hg38,ENST00000355193.6,Q8NEZ4:D3802G,0.11018294181079247,0
chr6_151944282_C_A_hg38,ENST00000206249.7,P03372:N290K,0.21678550628185422,0
chr13_109782852_C_T_hg38,ENST00000375856.5,Q9Y4H2:D1068N,0.10694631759293112,0
chr12_49049882_C_T_hg38,ENST00000301067.11,O14686:G1236S,0.1571823102891392,0
chr20_58855027_T_A_hg38,ENST00000371100.8,Q5JWF2:C588S,0.3896239997285312,0
chr12_114674209_C_T_hg38,ENST00000257566.7,O15119:A576T,0.10236458366376844,0
chr19_41259846_C_A_hg38,ENST00000301178.9,P30530:P876H,0.081136320570977,0
chr6_157167134_A_G_hg38,ENST00000350026.10,Q8NFD5:T979A,0.08325567500691962,0
chr7_152250862_C_A_hg38,ENST00000355193.6,Q8NEZ4:V576F,0.19752369201885386,0
chr13_72765997_T_C_hg38,ENST00000377767.9,Q9Y2L1:I649V,0.08116352281056625,0
chr7_116769754_A_G_hg38,ENST00000397752.7,P08581:N898S,0.05484894341843899,0
chr1_11259388_C_T_hg38,ENST00000361445.9,P42345:A8T,0.08288315952947004,0
chr16_89280603_A_G_hg38,ENST00000642600.1,Q6UB99:L1980P,0.23747485426165116,0
chr19_41220678_A_C_hg38,ENST00000301178.9,P30530:N43T,0.3908875245917022,0
chr1_119997039_G_A_hg38,ENST00000256646.7,Q04721:R237W,0.14515301760456678,0
chr13_28034392_A_G_hg38,ENST00000241453.11,P36888:I538T,0.11409531798037949,0
chr17_58358617_G_A_hg38,ENST00000577716.5,Q68DV7:H387Y,0.08903993361363635,0
chrX_45063686_A_G_hg38,ENST00000377967.8,O15550:I598V,0.058320229561799594,0
chr11_108304684_G_A_hg38,ENST00000452508.6,Q13315:D1836N,0.08799404504633951,0
chr7_50400154_C_T_hg38,ENST00000331340.8,Q13422:H363Y,0.11822989523728412,0
chr22_41178459_G_A_hg38,ENST00000263253.9,Q09472:G2250R,0.6891617155942859,0
chr12_49043384_C_T_hg38,ENST00000301067.11,O14686:E1838K,0.1346763180529814,0
chr9_136497006_C_T_hg38,ENST00000651671.1,P46531:G2245R,0.23011641831546717,0
chr16_2171324_G_A_hg38,ENST00000326181.11,Q6Q0C0:V137I,0.11594595167480903,0
chr2_177231294_G_A_hg38,ENST00000397062.8,Q16236:R437W,0.09204170383721497,0
chr5_56859791_A_G_hg38,ENST00000399503.4,Q13233:Q237R,0.08462597728925743,0
chr11_119285483_C_T_hg38,ENST00000264033.5,P22681:L620F,0.4433144101429408,0
chr2_46356171_G_A_hg38,ENST00000263734.5,Q99814:E80K,0.08572964728349546,0
chr4_186619976_C_T_hg38,ENST00000441802.7,Q14517:V2204M,0.3742051609933426,0
chr1_26763012_A_G_hg38,ENST00000324856.13,O14497:N820S,0.08556502216485583,0
chr20_9539497_T_C_hg38,ENST00000378429.3,Q9P286:I709V,0.1662457652507944,0
chr2_25742376_T_G_hg38,ENST00000435504.9,Q76L83:T1321P,0.09464209886925355,0
chr19_42289223_A_G_hg38,ENST00000575354.6,Q96RK0:T393A,0.06026684781212105,0
chr6_157201101_G_A_hg38,ENST00000350026.10,Q8NFD5:D1490N,0.4016086895983894,0
chr6_31356206_T_C_hg38,ENST00000412585.7,P01889:R194G,0.2515758276116485,0
chr11_108252022_T_C_hg38,ENST00000452508.6,Q13315:I598T,0.3696723638773859,0
chr20_47635468_C_T_hg38,ENST00000371998.8,Q9Y6Q9:A420V,0.09896618766435067,0
chr11_108331526_G_A_hg38,ENST00000452508.6,Q13315:G2533E,0.13162705036544778,0
chr19_19147772_C_G_hg38,ENST00000444486.7,Q02080:E107Q,0.09792100616669103,0
chr7_152181787_A_T_hg38,ENST00000355193.6,Q8NEZ4:S2025T,0.07451094864489081,0
chr9_8492900_G_C_hg38,ENST00000540109.5,P23468:A810G,0.5992611066867956,0
chrX_67546377_C_G_hg38,ENST00000374690.9,P10275:L411V,0.07773834575721089,0
chr3_179221061_G_A_hg38,ENST00000263967.4,P42336:M697I,0.20593347528331257,0
chr12_49043640_T_C_hg38,ENST00000301067.11,O14686:Q1821R,0.0775363874866298,0
chr19_42290714_C_T_hg38,ENST00000575354.6,Q96RK0:S649F,0.15247972851952665,0
chr7_152435633_T_C_hg38,ENST00000355193.6,Q8NEZ4:R52G,0.8121797998579465,0
chr2_25742429_T_C_hg38,ENST00000435504.9,Q76L83:H1303R,0.07809327416710184,0
chr1_26779389_C_G_hg38,ENST00000324856.13,O14497:L1831V,0.3939318526212466,0
chr11_108293404_A_G_hg38,ENST00000452508.6,Q13315:H1568R,0.07662048574591906,0
chr13_109783146_G_A_hg38,ENST00000375856.5,Q9Y4H2:R970W,0.14522183695584173,0
chr11_101127837_C_T_hg38,ENST00000325455.10,P06401:A412T,0.093937920973351,0
chr3_138945860_G_T_hg38,ENST00000648323.1,P58012:P288Q,0.09585392087564422,0
chrX_40073965_T_C_hg38,ENST00000378444.9,Q6W2J9:M461V,0.12330779880759517,0
chr19_42295061_C_T_hg38,ENST00000575354.6,Q96RK0:S1566F,0.18187806622136407,0
chr11_101127830_A_G_hg38,ENST00000325455.10,P06401:F414S,0.209487999387604,0
chr7_152187412_G_C_hg38,ENST00000355193.6,Q8NEZ4:P1620A,0.06526645274341458,0
chr7_152162938_A_G_hg38,ENST00000355193.6,Q8NEZ4:S3547P,0.10874316389572455,0
chr12_56100003_G_T_hg38,ENST00000267101.7,P21860:V1035F,0.07935605102416567,0
chr5_177209957_G_A_hg38,ENST00000439151.6,Q96L73:A520T,0.06499138864198001,0
chr16_67610861_T_C_hg38,ENST00000645699.1,P49711:V10A,0.10724367836156558,0
chr12_45851442_G_A_hg38,ENST00000334344.11,Q68CP9:A1107T,0.06808503302273305,0
chr5_112767263_C_T_hg38,ENST00000508376.6,P25054:R99W,0.13535416852273036,0
chr7_152176859_C_G_hg38,ENST00000355193.6,Q8NEZ4:G2865A,0.1015713732368637,0
chr6_157174070_G_A_hg38,ENST00000350026.10,Q8NFD5:A1017T,0.0717902259084719,0
chr20_58853599_G_C_hg38,ENST00000371100.8,Q5JWF2:G112R,0.1346278701098489,0
chr19_5238948_G_A_hg38,ENST00000587303.5,Q13332:P607L,0.12464660254562436,0
chr22_28734576_G_C_hg38,ENST00000650281.1,O96017:S49C,0.09249461714163354,0
chr9_36923399_A_G_hg38,ENST00000358127.9,Q02548:I289T,0.09384562498111909,0
chr3_135132986_G_A_hg38,ENST00000398015.8,P54762:V412I,0.20546845756361726,0
chr7_152159048_C_T_hg38,ENST00000355193.6,Q8NEZ4:G3829S,0.08467406439081689,0
chr22_41137696_A_G_hg38,ENST00000263253.9,Q09472:M556V,0.07007991348640275,0
chr6_26056362_T_C_hg38,ENST00000343677.3,P16403:K23E,0.602283511250789,0
chr11_101128489_C_G_hg38,ENST00000325455.10,P06401:Q194H,0.15608062820841015,0
chr15_98916084_G_A_hg38,ENST00000650285.1,P08069:R650Q,0.05303085783616751,0
chr11_108289644_G_A_hg38,ENST00000452508.6,Q13315:A1427T,0.07427495328472647,0
chr19_1226594_G_T_hg38,ENST00000326873.11,Q15831:A417S,0.07781054029288144,0
chr12_50090313_A_G_hg38,ENST00000394963.9,Q96GM5:I316V,0.24056934384294648,0
chr19_45364933_C_G_hg38,ENST00000391945.9,P18074:E167Q,0.07681395223903886,0
chr7_152181193_C_T_hg38,ENST00000355193.6,Q8NEZ4:A2223T,0.0912395524934209,0
chr11_119297452_C_T_hg38,ENST00000264033.5,P22681:A741V,0.06930158570772263,0
chr16_3850692_T_G_hg38,ENST00000262367.9,Q92793:K135Q,0.09910159193574802,0
chr7_152330661_C_T_hg38,ENST00000355193.6,Q8NEZ4:R110Q,0.07192339694786037,0
chr13_109784927_G_T_hg38,ENST00000375856.5,Q9Y4H2:A376E,0.18905307408565916,0
chr11_101127770_G_C_hg38,ENST00000325455.10,P06401:P434R,0.10968787193014204,0
chr19_41238054_C_G_hg38,ENST00000301178.9,P30530:S298R,0.11935974438534726,0
chr5_177135669_C_T_hg38,ENST00000439151.6,Q96L73:T189I,0.21814702888454018,0
chrX_40073002_C_T_hg38,ENST00000378444.9,Q6W2J9:D782N,0.1056511689223651,0
chr16_89280675_T_C_hg38,ENST00000642600.1,Q6UB99:Q1956R,0.09724151721818883,0
chrX_67546290_C_T_hg38,ENST00000374690.9,P10275:H382Y,0.10362273182045922,0
chr22_28734588_G_A_hg38,ENST00000650281.1,O96017:T45M,0.0985464952339766,0
chr1_58782961_C_T_hg38,ENST00000371222.4,P05412:S37N,0.10230093077299805,0
chr9_8507341_T_G_hg38,ENST00000540109.5,P23468:N546T,0.11747359946722982,0
chr8_54459624_G_T_hg38,ENST00000297316.5,Q9H6I2:A292S,0.07190263044027845,0
chr19_42294946_C_T_hg38,ENST00000575354.6,Q96RK0:P1528S,0.07680855901840473,0
chr17_31937457_G_A_hg38,ENST00000322652.10,Q15022:V71M,0.23409203524173097,0
chrX_47566688_G_A_hg38,ENST00000377045.9,P10398:A203T,0.0652277035543187,0
chr2_46382048_C_A_hg38,ENST00000263734.5,Q99814:P749H,0.08557216229879538,0
chrX_40064561_C_T_hg38,ENST00000378444.9,Q6W2J9:E1093K,0.10703277421526587,0
chr2_46375830_G_A_hg38,ENST00000263734.5,Q99814:V343I,0.11099118031783291,0
chr2_177231344_G_A_hg38,ENST00000397062.8,Q16236:A420V,0.06594134770552362,0
chr12_49037266_G_T_hg38,ENST00000301067.11,O14686:Q3364K,0.19113236200279746,0
chr1_8013865_C_T_hg38,ENST00000377482.10,Q9UJM3:R245K,0.10797786569428212,0
chr19_5215516_C_A_hg38,ENST00000587303.5,Q13332:K1392N,0.7223712327676207,0
chr19_42293279_A_G_hg38,ENST00000575354.6,Q96RK0:M1265V,0.053887839946370586,0
chrX_47566658_G_C_hg38,ENST00000377045.9,P10398:D193H,0.08914553449065868,0
chr11_108330234_G_A_hg38,ENST00000452508.6,Q13315:R2443Q,0.2185211713282636,0
chr12_57471391_A_G_hg38,ENST00000228682.7,P08151:D884G,0.131878889459437,0
chr2_38997004_C_T_hg38,ENST00000402219.6,Q07889:S1000N,0.07478788255538048,0
chr11_64361863_A_G_hg38,ENST00000334205.9,O75676:K256R,0.06871521020482002,0
chr5_38960513_T_A_hg38,ENST00000357387.8,Q6R327:Y579F,0.10687868967346797,0
chr10_87965321_C_A_hg38,ENST00000371953.8,P60484:P354Q,0.11243256753301924,0
chr12_49028946_G_A_hg38,ENST00000301067.11,O14686:T4755I,0.13924830499971755,0
chr7_152230224_T_C_hg38,ENST00000355193.6,Q8NEZ4:N956S,0.0917972918735997,0
chr22_41178000_C_G_hg38,ENST00000263253.9,Q09472:P2097A,0.05522263287770415,0
chr13_109783602_C_T_hg38,ENST00000375856.5,Q9Y4H2:G818R,0.25103222383213314,0
chr21_34792223_A_C_hg38,ENST00000344691.8,Q01196:V425G,0.0829009349618027,0
chr5_177135643_A_G_hg38,ENST00000439151.6,Q96L73:I180M,0.11472808279398998,0
chr11_532668_C_T_hg38,ENST00000451590.5,P01112:G180S,0.07382876882153994,0
chr16_67637741_A_G_hg38,ENST00000645699.1,P49711:I685V,0.13806482188698882,0
chr12_49037989_C_T_hg38,ENST00000301067.11,O14686:E3123K,0.28200517587012497,0
chr12_49051794_G_C_hg38,ENST00000301067.11,O14686:P630R,0.3177667059282075,0
chr9_136507395_C_T_hg38,ENST00000651671.1,P46531:D1185N,0.06464508770672946,0
chr22_41177592_C_T_hg38,ENST00000263253.9,Q09472:P1961S,0.06276704616205739,0
chr12_57463746_C_T_hg38,ENST00000228682.7,P08151:L19F,0.15282603284335727,0
chr4_55087730_A_G_hg38,ENST00000263923.5,P35968:I1180T,0.1691582265562643,0
chr4_54738429_A_G_hg38,ENST00000288135.5,P10721:I935V,0.06730738305295769,0
chrX_40073544_G_A_hg38,ENST00000378444.9,Q6W2J9:P601L,0.11879166422365917,0
chr2_111124011_T_G_hg38,ENST00000393256.8,O43521:L89R,0.504113723881558,0
chr14_95096694_G_A_hg38,ENST00000527414.5,Q9UPY3:A1409V,0.10758863370539387,0
chr16_3736041_T_C_hg38,ENST00000262367.9,Q92793:T1575A,0.07917157447210882,0
chr8_68120957_C_T_hg38,ENST00000288368.5,Q70Z35:P1211L,0.22935776921351209,0
chr11_101128532_G_T_hg38,ENST00000325455.10,P06401:A180D,0.21180953150604043,0
chr6_31356227_C_G_hg38,ENST00000412585.7,P01889:E187Q,0.14636599997953748,0
chr7_152152859_C_G_hg38,ENST00000355193.6,Q8NEZ4:M4124I,0.1741311968341545,0
chr1_119915854_C_T_hg38,ENST00000256646.7,Q04721:E2290K,0.15924318782495483,0
chr5_38942317_G_A_hg38,ENST00000357387.8,Q6R327:S1705F,0.11362620541830687,0
chr22_41117408_A_G_hg38,ENST00000263253.9,Q09472:S106G,0.06603225755727513,0
chr7_116771618_T_C_hg38,ENST00000397752.7,P08581:F951L,0.09872677924805753,0
chr6_156778141_C_G_hg38,ENST00000350026.10,Q8NFD5:T71S,0.08258353577033159,0
chr2_46377960_C_G_hg38,ENST00000263734.5,Q99814:A439G,0.07799247375281175,0
chr14_104770770_C_A_hg38,ENST00000554848.5,P31749:M446I,0.19722147354569153,0
chr12_49027066_G_A_hg38,ENST00000301067.11,O14686:P4967L,0.09151087886984954,0
chr20_58855049_G_A_hg38,ENST00000371100.8,Q5JWF2:R595Q,0.12015780264751362,0
chr4_186628558_G_A_hg38,ENST00000441802.7,Q14517:A1510V,0.09380069777132288,0
chr2_25313930_G_A_hg38,ENST00000321117.9,Q9Y6K1:R19W,0.16654298696224826,0
chr3_138946637_C_T_hg38,ENST00000648323.1,P58012:G29E,0.09478732280613068,0
chr3_47121712_C_T_hg38,ENST00000409792.3,Q9BYW2:G975E,0.07347091275432745,0
chr3_47124080_G_T_hg38,ENST00000409792.3,Q9BYW2:P186T,0.11635212165131134,0
chr2_25282458_C_T_hg38,ENST00000321117.9,Q9Y6K1:G144E,0.07187495036790027,0
chr12_49029467_T_A_hg38,ENST00000301067.11,O14686:E4670V,0.31299570876974464,0
chr12_132625697_G_A_hg38,ENST00000320574.9,Q07864:T2202M,0.07346168990955285,0
chr14_95103573_T_C_hg38,ENST00000527414.5,Q9UPY3:M1275V,0.07402552068732167,0
chr6_157174038_C_T_hg38,ENST00000350026.10,Q8NFD5:P1006L,0.14917713347339595,0
chr4_1918462_G_A_hg38,ENST00000382895.7,O96028:D417N,0.06864149721837842,0
chr20_58854162_C_A_hg38,ENST00000371100.8,Q5JWF2:S299R,0.36282920283898706,0
chr13_109783521_G_A_hg38,ENST00000375856.5,Q9Y4H2:P845S,0.06502170645247027,0
chr19_5222970_G_A_hg38,ENST00000587303.5,Q13332:A941V,0.10219650892955338,0
chr17_31225182_A_G_hg38,ENST00000358273.8,P21359:M645V,0.055943830379746574,0
chrX_47169494_C_T_hg38,ENST00000377604.8,P98175:A66V,0.11595999847259722,0
chr20_32793556_C_T_hg38,ENST00000328111.6,Q9UBC3:R363C,0.21523136092811504,0
chr12_114671852_C_G_hg38,ENST00000257566.7,O15119:A741P,0.11718207345696552,0
chr5_112767264_G_A_hg38,ENST00000508376.6,P25054:R99Q,0.08385145087672756,0
chr2_46382057_C_T_hg38,ENST00000263734.5,Q99814:P752L,0.07274510168088519,0
chr4_54738499_A_G_hg38,ENST00000288135.5,P10721:N958S,0.11010157409313803,0
chr17_80922763_T_G_hg38,ENST00000306801.8,Q8N122:S854A,0.06554518182313913,0
chr12_132624918_G_C_hg38,ENST00000320574.9,Q07864:T2245S,0.09332580208713451,0
chr12_49030934_C_T_hg38,ENST00000301067.11,O14686:G4544R,0.53737934245961,0
chr19_19147102_C_T_hg38,ENST00000444486.7,Q02080:E159K,0.26451991558325644,0
chr17_58358148_T_C_hg38,ENST00000577716.5,Q68DV7:Q543R,0.06798447730929552,0
chr19_41259704_G_A_hg38,ENST00000301178.9,P30530:G829S,0.06283797540303522,0
chr6_157084762_G_A_hg38,ENST00000350026.10,Q8NFD5:S700N,0.47610143694476803,0
chr20_58853365_C_T_hg38,ENST00000371100.8,Q5JWF2:P34S,0.10754174052270381,0
chr17_39700269_C_T_hg38,ENST00000269571.9,P04626:L11F,0.06538426284624081,0
chr13_109783675_C_G_hg38,ENST00000375856.5,Q9Y4H2:E793D,0.06164446276621144,0
chr16_3850383_C_G_hg38,ENST00000262367.9,Q92793:V238L,0.24196048145008095,0
chr1_119997210_C_T_hg38,ENST00000256646.7,Q04721:E180K,0.14556117731898136,0
chr4_186618217_A_G_hg38,ENST00000441802.7,Q14517:V2790A,0.12009626097548441,0
chr16_3728953_T_C_hg38,ENST00000262367.9,Q92793:M2032V,0.06421818205697788,0
chr6_157206704_A_G_hg38,ENST00000350026.10,Q8NFD5:R1842G,0.18438245305085188,0
chr8_54459728_C_G_hg38,ENST00000297316.5,Q9H6I2:H326Q,0.07345923904321465,0
chr2_177234190_G_A_hg38,ENST00000397062.8,Q16236:R43W,0.1655836028189351,0
chr3_138946638_C_G_hg38,ENST00000648323.1,P58012:G29R,0.17362471245599534,0
chr16_3739696_A_C_hg38,ENST00000262367.9,Q92793:S1388A,0.09435894173666087,0
chr2_111150052_A_T_hg38,ENST00000393256.8,O43521:R135W,0.18593550954390886,0
chr20_58854859_A_T_hg38,ENST00000371100.8,Q5JWF2:S532C,0.5211762742708331,0
chr3_187728516_T_C_hg38,ENST00000232014.8,P41182:S462G,0.10895749020318005,0
chr19_10985282_T_C_hg38,ENST00000429416.8,P51532:S78P,0.11679563006554163,0
chr16_56831955_C_T_hg38,ENST00000308159.10,Q8N1F7:T400I,0.1882077804060631,0
chr7_5987327_C_G_hg38,ENST00000265849.12,P54278:G480R,0.08822936404477597,0
chr7_5999233_T_C_hg38,ENST00000265849.12,P54278:I194V,0.10139699434671154,0
chr12_12718164_G_A_hg38,ENST00000228872.9,P46527:V109I,0.07065410831552858,0
chr16_68813448_G_A_hg38,ENST00000261769.10,P12830:V425I,0.07798824958089298,0
chr6_157181101_C_A_hg38,ENST00000350026.10,Q8NFD5:L1077M,0.4224355853616095,0
chr3_47122803_C_A_hg38,ENST00000409792.3,Q9BYW2:K611N,0.2460260624458667,0
chr5_56881641_A_G_hg38,ENST00000399503.4,Q13233:K814R,0.2639149895217108,0
chr20_9580606_G_C_hg38,ENST00000378429.3,Q9P286:H177D,0.08281064317088277,0
chr2_29920245_T_C_hg38,ENST00000389048.8,Q9UM73:K139E,0.6312295554165234,0
chr7_5987032_C_T_hg38,ENST00000265849.12,P54278:R578H,0.07467769425008478,0
chr5_38950195_T_C_hg38,ENST00000357387.8,Q6R327:Q1218R,0.2399716640589208,0
chr4_186620383_T_C_hg38,ENST00000441802.7,Q14517:K2068R,0.0799041830287917,0
chr7_148828778_C_G_hg38,ENST00000460911.5,Q15910:R196T,0.0779794616507443,0
chr4_186633730_T_C_hg38,ENST00000441802.7,Q14517:N1426S,0.07946706725156172,0
chr3_52586571_T_C_hg38,ENST00000296302.11,Q86U86:S1081G,0.17382017991243304,0
chr4_1799416_C_T_hg38,ENST00000440486.7,P22607:P91L,0.07539402711157696,0
chrX_45059369_A_G_hg38,ENST00000377967.8,O15550:N366S,0.07360695686345553,0
chr12_49039502_C_T_hg38,ENST00000301067.11,O14686:G2721D,0.2906929949439656,0
chr20_9580782_C_T_hg38,ENST00000378429.3,Q9P286:G118D,0.09562772984928683,0
chr17_7669656_G_T_hg38,ENST00000445888.6,P04637:R379S,0.17258221765276624,0
chr5_56882085_C_T_hg38,ENST00000399503.4,Q13233:P962L,0.09091076260664548,0
chr13_48480010_C_A_hg38,ENST00000267163.5,P06400:T909K,0.3575218974457737,0
chr8_38429819_G_A_hg38,ENST00000447712.6,P11362:A74V,0.07316392803311005,0
chr20_58854545_C_A_hg38,ENST00000371100.8,Q5JWF2:A427D,0.13532297950399563,0
chr2_46382433_A_C_hg38,ENST00000263734.5,Q99814:T766P,0.05971194002114291,0
chr12_49050631_G_C_hg38,ENST00000301067.11,O14686:P986R,0.5895212614964287,0
chr12_49032079_G_A_hg38,ENST00000301067.11,O14686:P4209L,0.9171648234112432,0
chr18_63318486_C_T_hg38,ENST00000398117.1,P10415:A61T,0.07061071308936627,0
chr12_56101856_C_T_hg38,ENST00000267101.7,P21860:A1277V,0.103195949127641,0
chr13_109783883_C_G_hg38,ENST00000375856.5,Q9Y4H2:G724A,0.07412818569920811,0
chr11_101128092_C_G_hg38,ENST00000325455.10,P06401:E327Q,0.12328350123133229,0
chr4_186621275_T_C_hg38,ENST00000441802.7,Q14517:T1771A,0.06878877471734854,0
chr19_42291445_C_T_hg38,ENST00000575354.6,Q96RK0:P893S,0.12705394025265937,0
chr12_49051390_C_T_hg38,ENST00000301067.11,O14686:A765T,0.08394633246062413,0
chr19_5223117_G_A_hg38,ENST00000587303.5,Q13332:A892V,0.13305171093126647,0
chr22_41178618_C_T_hg38,ENST00000263253.9,Q09472:L2303F,0.19645720848531553,0
chr12_49050133_G_A_hg38,ENST00000301067.11,O14686:P1152L,0.1801205804840975,0
chr20_42352281_T_C_hg38,ENST00000373187.5,O14522:N522S,0.055070210108393865,0
chr2_29920044_C_T_hg38,ENST00000389048.8,Q9UM73:A206T,0.08229522312468517,0
chr3_47123809_T_C_hg38,ENST00000409792.3,Q9BYW2:D276G,0.09721820054015803,0
chr5_177211685_C_T_hg38,ENST00000439151.6,Q96L73:H1096Y,0.08898647067983474,0
chrX_40063901_T_G_hg38,ENST00000378444.9,Q6W2J9:D1185A,0.36179985000472864,0
chr2_15942336_C_A_hg38,ENST00000281043.4,P04198:P91Q,0.1276366167722904,0
chr17_39727301_G_A_hg38,ENST00000269571.9,P04626:G1056S,0.07999092817978844,0
chr7_5987345_C_A_hg38,ENST00000265849.12,P54278:A474S,0.0762989358538033,0
chr7_152205174_G_A_hg38,ENST00000355193.6,Q8NEZ4:T1298I,0.16580830620799866,0
chr4_186600236_T_A_hg38,ENST00000441802.7,Q14517:Y3922F,0.13191521196485578,0
chr16_89280541_G_T_hg38,ENST00000642600.1,Q6UB99:H2001N,0.1353918168080097,0
chr16_89285418_G_A_hg38,ENST00000642600.1,Q6UB99:T375M,0.10270983134844529,0
chr11_108301712_A_C_hg38,ENST00000452508.6,Q13315:S1748R,0.11797405076882696,0
chr13_109782266_C_T_hg38,ENST00000375856.5,Q9Y4H2:G1263E,0.15479357834057517,0
chr12_45839409_C_G_hg38,ENST00000334344.11,Q68CP9:P471A,0.06609693403682314,0
chr19_18161114_G_A_hg38,ENST00000617130.4,O00459:S176N,0.15790841394584232,0
chr12_56102029_C_T_hg38,ENST00000267101.7,P21860:P1335S,0.1005510170092153,0
chr7_152251988_C_T_hg38,ENST00000355193.6,Q8NEZ4:M524I,0.23022580514088645,0
chr19_10489360_C_T_hg38,ENST00000393623.6,Q14145:V514I,0.1247377292974955,0
chr20_42115240_G_A_hg38,ENST00000373187.5,O14522:P1020S,0.3675333142569398,0
chr7_152435780_A_C_hg38,ENST00000355193.6,Q8NEZ4:S3A,0.18256893988316478,0
chr22_28734532_C_T_hg38,ENST00000650281.1,O96017:E64K,0.8434057063216284,0
chr12_57471820_C_T_hg38,ENST00000228682.7,P08151:P1027L,0.11847621525156792,0
chr12_132649877_C_T_hg38,ENST00000320574.9,Q07864:E1199K,0.06904525129550688,0
chr16_3773776_G_A_hg38,ENST00000262367.9,Q92793:P813L,0.07450552103511976,0
chr5_35876202_T_C_hg38,ENST00000303115.8,P16871:S366P,0.04660986586926793,0
chr6_156778653_G_A_hg38,ENST00000350026.10,Q8NFD5:G242S,0.07603189674657039,0
chr13_48380176_A_G_hg38,ENST00000267163.5,P06400:N478S,0.16378031185773465,0
chr16_3770880_G_A_hg38,ENST00000262367.9,Q92793:P857L,0.07733858830214987,0
chr5_68280935_A_C_hg38,ENST00000521657.5,P27986:N282T,0.0806228828582997,0
chr2_177232448_T_C_hg38,ENST00000397062.8,Q16236:M180V,0.07782938542431089,0
chr2_201272910_G_A_hg38,ENST00000432109.6,Q14790:S188N,0.08370767203909446,0
chr8_54459586_C_T_hg38,ENST00000297316.5,Q9H6I2:A279V,0.07850243906711382,0
chr19_1226496_G_A_hg38,ENST00000326873.11,Q15831:R384Q,0.06651986196077317,0
chr12_45852862_A_T_hg38,ENST00000334344.11,Q68CP9:H1580L,0.07716457771037749,0
chr12_49051785_G_A_hg38,ENST00000301067.11,O14686:S633L,0.25139137571539677,0
chr1_9716004_C_G_hg38,ENST00000377346.9,O00329:Q176E,0.07120565832720847,0
chr11_119299705_A_G_hg38,ENST00000264033.5,P22681:Q882R,0.09576828617960224,0
chr16_3728029_T_C_hg38,ENST00000262367.9,Q92793:S2340G,0.07390009309935501,0
chr12_45852699_A_G_hg38,ENST00000334344.11,Q68CP9:T1526A,0.0672458927963531,0
chr16_2163997_C_T_hg38,ENST00000326181.11,Q6Q0C0:T26I,0.11475616337212302,0
chr3_134952040_G_A_hg38,ENST00000398015.8,P54762:V265M,0.07353780895673263,0
chr11_108272833_G_T_hg38,ENST00000452508.6,Q13315:A1089S,0.207666799677685,0
chr4_186707220_T_C_hg38,ENST00000441802.7,Q14517:I870V,0.06895008217437795,0
chr2_25742433_T_G_hg38,ENST00000435504.9,Q76L83:T1302P,0.08475915089604552,0
chr7_55205583_T_C_hg38,ENST00000275493.7,P00533:V1200A,0.07738044012148855,0
chr19_10987825_C_T_hg38,ENST00000429416.8,P51532:A340V,0.08164951836425308,0
chr6_31356259_T_G_hg38,ENST00000412585.7,P01889:E176A,0.11064316766249066,0
chr12_49040143_C_A_hg38,ENST00000301067.11,O14686:G2543W,0.4402305350810328,0
chr4_186633740_A_C_hg38,ENST00000441802.7,Q14517:S1423A,0.08655647701454751,0
chr12_132632479_C_T_hg38,ENST00000320574.9,Q07864:A2056T,0.07968962989101083,0
chr5_112842137_A_G_hg38,ENST00000508376.6,P25054:I2181M,0.05630711176418971,0
chr2_197418526_G_T_hg38,ENST00000335508.10,O75533:H160N,0.09274170607103921,0
chr16_3850824_C_A_hg38,ENST00000262367.9,Q92793:A91S,0.059860381691035164,0
chr12_49050374_C_T_hg38,ENST00000301067.11,O14686:E1072K,0.08164087069816242,0
chr11_108271273_C_T_hg38,ENST00000452508.6,Q13315:R982C,0.21862066405527478,0
chr4_186636219_T_C_hg38,ENST00000441802.7,Q14517:N1330S,0.12128269559146053,0
chr13_48345123_A_G_hg38,ENST00000267163.5,P06400:T142A,0.0731510785584192,0
chr20_47635396_G_A_hg38,ENST00000371998.8,Q9Y6Q9:S396N,0.07731182192585952,0
chr17_80961452_C_G_hg38,ENST00000306801.8,Q8N122:R1222G,0.07728725878654294,0
chr9_136502461_G_A_hg38,ENST00000651671.1,P46531:A1732V,0.07937302304073707,0
chr5_177248222_G_T_hg38,ENST00000439151.6,Q96L73:E1513D,0.07712845443781334,0
chr7_152183041_G_A_hg38,ENST00000355193.6,Q8NEZ4:S1733L,0.10495598259887055,0
chr2_201274899_G_C_hg38,ENST00000432109.6,Q14790:L202F,0.07049316683863954,0
chr2_25282552_C_T_hg38,ENST00000321117.9,Q9Y6K1:G113R,0.10004005220493695,0
chr8_54459301_C_G_hg38,ENST00000297316.5,Q9H6I2:P184R,0.13208963929022827,0
chr3_138733399_C_T_hg38,ENST00000477593.5,P42338:V338I,0.06703624310856243,0
chr13_48456287_C_T_hg38,ENST00000267163.5,P06400:T633I,0.08686844227654103,0
chr12_45849764_C_G_hg38,ENST00000334344.11,Q68CP9:P634A,0.051541085914223204,0
chr2_46382539_C_G_hg38,ENST00000263734.5,Q99814:P801R,0.08097455272538467,0
chr12_132642219_G_T_hg38,ENST00000320574.9,Q07864:Q1711K,0.06038214187373867,0
chr9_8521499_T_C_hg38,ENST00000540109.5,P23468:I247V,0.31215375612017826,0
chr3_47123996_A_T_hg38,ENST00000409792.3,Q9BYW2:L214M,0.0937963355999668,0
chr3_47121842_C_T_hg38,ENST00000409792.3,Q9BYW2:V932I,0.08168064302166299,0
chr5_132580049_G_A_hg38,ENST00000378823.8,Q92878:E247K,0.08035703896492641,0
chr4_186588632_G_A_hg38,ENST00000441802.7,Q14517:T4576M,0.08148348379652216,0
chr12_49031710_G_A_hg38,ENST00000301067.11,O14686:T4332I,0.15313240702093434,0
chr12_114674806_C_A_hg38,ENST00000257566.7,O15119:A377S,0.07691535315787451,0
chr16_89281144_C_T_hg38,ENST00000642600.1,Q6UB99:E1800K,0.3326347376981353,0
chr5_132603428_T_C_hg38,ENST00000378823.8,Q92878:M779T,0.1426963124089165,0
chr5_132608705_A_T_hg38,ENST00000378823.8,Q92878:N937Y,0.05764722404957521,0
chr13_48456204_G_A_hg38,ENST00000267163.5,P06400:M605I,0.6964959409978208,0
chrX_71136918_G_A_hg38,ENST00000374080.8,Q93074:V1814M,0.08754971774290096,0
chr13_72761387_G_C_hg38,ENST00000377767.9,Q9Y2L1:N882K,0.05234492833990974,0
chr17_39727538_C_T_hg38,ENST00000269571.9,P04626:P1135S,0.07219144329334576,0
chr9_8484189_T_C_hg38,ENST00000540109.5,P23468:I1115V,0.10109876138587716,0
chr20_47652439_G_C_hg38,ENST00000371998.8,Q9Y6Q9:R1327P,0.3096418901144729,0
chr6_26056332_G_A_hg38,ENST00000343677.3,P16403:R33C,0.7612346560538201,0
chr7_50400074_G_A_hg38,ENST00000331340.8,Q13422:G336D,0.28533862885967654,0
chrX_45051733_G_A_hg38,ENST00000377967.8,O15550:A227T,0.10742933735754216,0
chr2_46380645_G_A_hg38,ENST00000263734.5,Q99814:R658H,0.05870337801007237,0
chr4_1978854_C_T_hg38,ENST00000382895.7,O96028:P1348L,0.07405247512478416,0
chr7_2930050_G_A_hg38,ENST00000396946.8,Q9BXL7:T532M,0.06832807166764242,0
chr5_177210769_A_G_hg38,ENST00000439151.6,Q96L73:I790M,0.18089513172850155,0
chr12_57471264_C_T_hg38,ENST00000228682.7,P08151:P842S,0.06167465357647138,0
chr11_108268460_T_A_hg38,ENST00000452508.6,Q13315:F897I,0.09747774732307929,0
chr12_49052220_G_A_hg38,ENST00000301067.11,O14686:P488L,0.08812243727316704,0
chr7_5987189_C_T_hg38,ENST00000265849.12,P54278:D526N,0.06908246628763813,0
chr20_9580380_T_A_hg38,ENST00000378429.3,Q9P286:Y252F,0.06861959209043098,0
chr9_136504785_C_G_hg38,ENST00000651671.1,P46531:E1636Q,0.07770805028756833,0
chr12_12718257_A_T_hg38,ENST00000228872.9,P46527:S140C,0.06561321189626435,0
chr16_89280310_C_T_hg38,ENST00000642600.1,Q6UB99:D2078N,0.09176588125765492,0
chr19_10173881_A_T_hg38,ENST00000340748.8,P26358:S209T,0.07282194439490358,0
chr7_152194553_G_C_hg38,ENST00000355193.6,Q8NEZ4:T1465S,0.07889792896359622,0
chr6_41941562_T_A_hg38,ENST00000372991.8,P30281:S30C,0.12739814337853414,0
chr5_56882586_A_G_hg38,ENST00000399503.4,Q13233:N1129S,0.07174244621915454,0
chr5_112840896_A_G_hg38,ENST00000508376.6,P25054:K1768E,0.09175053702212506,0
chr12_114674521_C_T_hg38,ENST00000257566.7,O15119:A472T,0.07060840563005814,0
chr16_2557796_G_A_hg38,ENST00000342085.9,O15530:G40S,0.07285728316393902,0
chr3_47123960_G_C_hg38,ENST00000409792.3,Q9BYW2:P226A,0.07027032805540499,0
chr20_58854608_A_C_hg38,ENST00000371100.8,Q5JWF2:D448A,0.06168699741243239,0
chr1_26766264_A_C_hg38,ENST00000324856.13,O14497:T926P,0.11248947428592362,0
chr19_41222018_C_T_hg38,ENST00000301178.9,P30530:A183V,0.06521535242475406,0
chr2_197420511_T_C_hg38,ENST00000335508.10,O75533:K111R,0.06764544291332064,0
chr6_157196310_C_A_hg38,ENST00000350026.10,Q8NFD5:D1323E,0.27504745326690233,0
chr19_19145975_G_A_hg38,ENST00000444486.7,Q02080:P273S,0.0802579525438672,0
chr16_3729091_T_C_hg38,ENST00000262367.9,Q92793:T1986A,0.06545921155405707,0
chr3_47121502_G_A_hg38,ENST00000409792.3,Q9BYW2:S1045L,0.09602884197100382,0
chr5_177294580_C_A_hg38,ENST00000439151.6,Q96L73:D2404E,0.09744793766984526,0
chr7_55205428_C_G_hg38,ENST00000275493.7,P00533:N1148K,0.10756604532893138,0
chr12_45860891_G_C_hg38,ENST00000334344.11,Q68CP9:G1622R,0.13110890600020159,0
chr4_186707353_C_G_hg38,ENST00000441802.7,Q14517:E825D,0.06725204140615584,0
chr17_58357722_G_T_hg38,ENST00000577716.5,Q68DV7:T685N,0.06088800671269055,0
chr5_177295074_C_T_hg38,ENST00000439151.6,Q96L73:P2569L,0.07350493284621065,0
chr11_101128292_G_T_hg38,ENST00000325455.10,P06401:A260E,0.14679588602151744,0
chr12_49041030_G_A_hg38,ENST00000301067.11,O14686:P2247L,0.6951620240201607,0
chr4_186709647_C_T_hg38,ENST00000441802.7,Q14517:V61I,0.0533502149386645,0
chr12_45849755_T_G_hg38,ENST00000334344.11,Q68CP9:S631A,0.06971321304158691,0
chr5_56815926_G_T_hg38,ENST00000399503.4,Q13233:S118I,0.1745260763183361,0
chr7_152162854_T_C_hg38,ENST00000355193.6,Q8NEZ4:T3575A,0.05581035040388053,0
chr11_108284461_A_T_hg38,ENST00000452508.6,Q13315:L1327F,0.0818508625898189,0
chr19_42291091_C_T_hg38,ENST00000575354.6,Q96RK0:P775S,0.05980255471905203,0
chr5_56815949_G_A_hg38,ENST00000399503.4,Q13233:E126K,0.15028468991238703,0
chr17_39530835_G_A_hg38,ENST00000447079.5,Q9NYV4:R1331Q,0.08076355808504498,0
chr11_72237474_T_G_hg38,ENST00000298229.7,O15357:V1077G,0.05858044669542234,0
chr12_49049889_C_G_hg38,ENST00000301067.11,O14686:E1233D,0.28813078756023386,0
chr3_52550571_G_A_hg38,ENST00000296302.11,Q86U86:P1583S,0.06335230630899742,0
chr12_49038432_C_T_hg38,ENST00000301067.11,O14686:R2975H,0.07722270764913339,0
chr11_108267195_G_A_hg38,ENST00000452508.6,Q13315:D831N,0.08695843823837712,0
chr7_50327652_C_G_hg38,ENST00000331340.8,Q13422:P19A,0.056630669363611136,0
chr13_48707143_T_G_hg38,ENST00000282018.4,Q9NS75:L109R,0.1838855679061702,0
chr2_29222561_A_C_hg38,ENST00000389048.8,Q9UM73:S1136A,0.06561792914362811,0
chr5_177210485_G_A_hg38,ENST00000439151.6,Q96L73:V696I,0.07321167136489215,0
chr12_49038604_G_C_hg38,ENST00000301067.11,O14686:P2918A,0.061916320293271696,0
chr3_47124301_G_A_hg38,ENST00000409792.3,Q9BYW2:S112L,0.06980639130589876,0
chr7_152162598_G_A_hg38,ENST00000355193.6,Q8NEZ4:S3660L,0.0630230891049886,0
chr6_31355133_G_A_hg38,ENST00000412585.7,P01889:A329V,0.10568740105914194,0
chr12_49050466_T_C_hg38,ENST00000301067.11,O14686:Q1041R,0.08322349971675963,0
chr7_50400368_C_T_hg38,ENST00000331340.8,Q13422:A434V,0.31734630048025614,0
chr12_49041198_G_A_hg38,ENST00000301067.11,O14686:T2191M,0.12125885664283713,0
chr11_108254034_T_C_hg38,ENST00000452508.6,Q13315:S707P,0.08064773459700732,0
chr12_45850770_G_A_hg38,ENST00000334344.11,Q68CP9:V883I,0.07959779705184246,0
chr2_157799460_T_C_hg38,ENST00000410057.6,Q04771:I12V,0.06558466041271933,0
chr11_108320043_G_C_hg38,ENST00000452508.6,Q13315:S2146T,0.07827020609106013,0
chr4_186708171_C_T_hg38,ENST00000441802.7,Q14517:V553I,0.08502085530344604,0
chr12_49051672_A_T_hg38,ENST00000301067.11,O14686:L671M,0.1846224532642806,0
chr7_50400076_G_A_hg38,ENST00000331340.8,Q13422:G337S,0.0767933196591016,0
chr2_29193604_A_T_hg38,ENST00000389048.8,Q9UM73:S1495T,0.07748557569597903,0
chr5_177211489_G_T_hg38,ENST00000439151.6,Q96L73:L1030F,0.09549551548139981,0
chr5_112838178_A_G_hg38,ENST00000508376.6,P25054:N862D,0.1355595469201297,0
chr19_10984204_C_T_hg38,ENST00000429416.8,P51532:P18L,0.434297400637836,0
chr5_56882562_G_A_hg38,ENST00000399503.4,Q13233:R1121K,0.11032497121604051,0
chr1_2563215_C_G_hg38,ENST00000355716.4,Q92956:T265S,0.35083589309145363,0
chr9_136522942_C_T_hg38,ENST00000651671.1,P46531:R217Q,0.06195963383116571,0
chr12_57464732_A_G_hg38,ENST00000228682.7,P08151:I85V,0.4312332855190616,0
chr4_186628274_C_T_hg38,ENST00000441802.7,Q14517:A1564T,0.06805220018428418,0
chr5_177210450_T_C_hg38,ENST00000439151.6,Q96L73:I684T,0.11072788594472865,0
chr11_108250871_G_C_hg38,ENST00000452508.6,Q13315:R469T,0.09680703168335958,0
chr1_26696663_G_T_hg38,ENST00000324856.13,O14497:G87V,0.10006416119360416,0
chr6_157206331_A_C_hg38,ENST00000350026.10,Q8NFD5:K1717N,0.35199119586623284,0
chr7_152177523_T_C_hg38,ENST00000355193.6,Q8NEZ4:M2644V,0.04978533748617874,0
chr12_913906_G_C_hg38,ENST00000430095.6,P43351:Q395E,0.07089598993363448,0
chr16_3729253_T_C_hg38,ENST00000262367.9,Q92793:T1932A,0.062364249371780506,0
chr6_31357115_G_A_hg38,ENST00000412585.7,P01889:A15V,0.13455837517505043,0
chr3_47123401_C_G_hg38,ENST00000409792.3,Q9BYW2:G412A,0.11252584326416173,0
chr12_12718267_G_C_hg38,ENST00000228872.9,P46527:G143A,0.06674259187184313,0
chr12_49041118_G_A_hg38,ENST00000301067.11,O14686:P2218S,0.08577750027494682,0
chr20_58854803_C_T_hg38,ENST00000371100.8,Q5JWF2:A513V,0.14532396999133426,0
chr12_49041162_G_A_hg38,ENST00000301067.11,O14686:T2203M,0.09881828179435545,0
chr6_156778429_C_T_hg38,ENST00000350026.10,Q8NFD5:A167V,0.09843625325766493,0
chr8_54459606_C_T_hg38,ENST00000297316.5,Q9H6I2:L286F,0.07323457203564847,0
chrX_40073908_T_C_hg38,ENST00000378444.9,Q6W2J9:S480G,0.07020935074833619,0
chr16_3850335_C_T_hg38,ENST00000262367.9,Q92793:A254T,0.0629328031949327,0
chr12_49042627_T_G_hg38,ENST00000301067.11,O14686:N1934T,0.08561509274786439,0
chr16_89280213_G_A_hg38,ENST00000642600.1,Q6UB99:S2110F,0.16646233758373163,0
chr3_47121253_G_C_hg38,ENST00000409792.3,Q9BYW2:T1128S,0.09344828307608383,0
chr16_3729252_G_A_hg38,ENST00000262367.9,Q92793:T1932M,0.09435804096643252,0
chr11_101128040_C_G_hg38,ENST00000325455.10,P06401:S344T,0.08630238234162922,0
chr11_101128381_C_A_hg38,ENST00000325455.10,P06401:E230D,0.10797011792177948,0
chr20_9580383_G_A_hg38,ENST00000378429.3,Q9P286:A251V,0.06934454426952795,0
chr4_152350107_G_T_hg38,ENST00000603841.1,Q969H0:D173E,0.6214301060186453,0
chr12_49043727_A_G_hg38,ENST00000301067.11,O14686:V1792A,0.07597317153480615,0
chr6_156778678_C_G_hg38,ENST00000350026.10,Q8NFD5:P250R,0.488786377977047,0
chrX_71137923_T_G_hg38,ENST00000374080.8,Q93074:H2008Q,0.1168979938120316,0
chr12_49040710_G_A_hg38,ENST00000301067.11,O14686:P2354S,0.06395281804553038,0
chr1_26761426_G_A_hg38,ENST00000324856.13,O14497:S735N,0.17641214835681643,0
chr5_56882016_C_G_hg38,ENST00000399503.4,Q13233:S939C,0.07793538354651898,0
chr9_136505773_G_T_hg38,ENST00000651671.1,P46531:L1375M,0.10399712648567432,0
chr15_98916098_G_A_hg38,ENST00000650285.1,P08069:G655S,0.05151873571289829,0
chr7_74699008_A_G_hg38,ENST00000573035.5,P78347:T96A,0.05813620287692003,0
chr4_186709473_T_C_hg38,ENST00000441802.7,Q14517:I119V,0.07262371252214438,0
chr7_152148885_G_A_hg38,ENST00000355193.6,Q8NEZ4:L4348F,0.0936465299656853,0
chr2_25282549_C_A_hg38,ENST00000321117.9,Q9Y6K1:A114S,0.07055592848942459,0
chrX_71132185_G_A_hg38,ENST00000374080.8,Q93074:S1411N,0.10216112865041226,0
chr12_49037923_G_A_hg38,ENST00000301067.11,O14686:P3145S,0.07023511900166572,0
chr4_186628501_G_A_hg38,ENST00000441802.7,Q14517:T1529I,0.04559793439524243,0
chr5_38954833_T_C_hg38,ENST00000357387.8,Q6R327:I880V,0.04818629450923327,0
chr16_2175385_G_A_hg38,ENST00000326181.11,Q6Q0C0:V491M,0.039182909586225445,0
chr12_49051095_C_A_hg38,ENST00000301067.11,O14686:R863L,0.10468340177080807,0
chr12_49032265_G_T_hg38,ENST00000301067.11,O14686:S4147Y,0.13481366418225768,0
chr11_108301725_T_C_hg38,ENST00000452508.6,Q13315:I1752T,0.09441566632128184,0
chr12_57751036_C_T_hg38,ENST00000257904.11,P11802:V137I,0.09987752416989251,0
chr6_31356410_C_T_hg38,ENST00000412585.7,P01889:D126N,0.1891457426581041,0
chr12_49040010_A_T_hg38,ENST00000301067.11,O14686:F2587Y,0.18928132481470364,0
chr5_177235827_G_A_hg38,ENST00000439151.6,Q96L73:R1268Q,0.11261420408381494,0
chr16_68810228_A_G_hg38,ENST00000261769.10,P12830:N240S,0.0810093950109114,0
chr1_11130627_T_C_hg38,ENST00000361445.9,P42345:T1839A,0.05833332578077025,0
chr16_89284536_T_A_hg38,ENST00000642600.1,Q6UB99:D669V,0.3113393700308544,0
chr12_50085451_T_G_hg38,ENST00000394963.9,Q96GM5:L28V,0.05890957181985984,0
chr3_52628902_C_T_hg38,ENST00000296302.11,Q86U86:V479I,0.08324221931061992,0
chr4_186621521_C_T_hg38,ENST00000441802.7,Q14517:V1689I,0.08084588541836461,0
chr13_28048320_C_T_hg38,ENST00000241453.11,P36888:R387Q,0.05758578772029201,0
chr12_49039307_G_T_hg38,ENST00000301067.11,O14686:L2761M,0.08066075360484828,0
chr17_58357908_G_C_hg38,ENST00000577716.5,Q68DV7:A623G,0.0893877080572933,0
chr8_68030582_A_G_hg38,ENST00000288368.5,Q70Z35:N210S,0.07266348600876756,0
chr16_3770680_C_T_hg38,ENST00000262367.9,Q92793:A924T,0.06549786494053417,0
chr20_58854253_A_G_hg38,ENST00000371100.8,Q5JWF2:I330V,0.07340202381638185,0
chr12_45852113_A_C_hg38,ENST00000334344.11,Q68CP9:L1330F,0.0881572274259802,0
chrX_40063661_T_C_hg38,ENST00000378444.9,Q6W2J9:K1265R,0.10322389725595235,0
chr5_177210665_A_G_hg38,ENST00000439151.6,Q96L73:N756D,0.10210945942890495,0
chr3_52550797_C_A_hg38,ENST00000296302.11,Q86U86:A1544S,0.07454350601524493,0
chr1_85267644_T_A_hg38,ENST00000648566.1,O95999:T229S,0.08232109056689701,0
chr12_50085458_C_T_hg38,ENST00000394963.9,Q96GM5:P30L,0.1694347786550421,0
chr22_41178528_G_A_hg38,ENST00000263253.9,Q09472:V2273I,0.11416281233067876,0
chr13_48707511_G_C_hg38,ENST00000282018.4,Q9NS75:E232Q,0.11045881066173809,0
chr12_49040416_G_A_hg38,ENST00000301067.11,O14686:R2452C,0.31312529999324107,0
chr11_108287672_A_G_hg38,ENST00000452508.6,Q13315:N1356D,0.06256425432758829,0
chr22_41151923_A_C_hg38,ENST00000263253.9,Q09472:K970Q,0.07128554340566291,0
chr19_5225829_T_C_hg38,ENST00000587303.5,Q13332:N798D,0.06766507680735533,0
chr4_152411547_G_A_hg38,ENST00000603841.1,Q969H0:S86L,0.06669729321596875,0
chr12_49052332_G_T_hg38,ENST00000301067.11,O14686:P451T,0.250273955465499,0
chr6_156779232_G_A_hg38,ENST00000350026.10,Q8NFD5:G435S,0.05479052310794003,0
chr12_56101193_G_A_hg38,ENST00000267101.7,P21860:V1112M,0.10514391711657084,0
chr22_41150089_C_T_hg38,ENST00000263253.9,Q09472:A903V,0.07128642463389126,0
chr6_31356729_C_T_hg38,ENST00000412585.7,P01889:S101N,0.11080279444584304,0
chr6_31356805_T_C_hg38,ENST00000412585.7,P01889:I76V,0.08958101550458923,0
chr1_11133091_T_C_hg38,ENST00000361445.9,P42345:S1785G,0.07178814435376195,0
chr12_49049935_G_C_hg38,ENST00000301067.11,O14686:A1218G,0.1665230806486493,0
chr5_56882810_A_G_hg38,ENST00000399503.4,Q13233:I1204V,0.0531811072621613,0
chr3_47067070_T_C_hg38,ENST00000409792.3,Q9BYW2:T2037A,0.060075476066730006,0
chr20_58854736_G_T_hg38,ENST00000371100.8,Q5JWF2:A491S,0.09278637229487365,0
chr17_31229434_C_G_hg38,ENST00000358273.8,P21359:T940S,0.07402525698987218,0
chr12_45852276_G_A_hg38,ENST00000334344.11,Q68CP9:V1385I,0.0882862867984742,0
chr19_19147118_G_T_hg38,ENST00000444486.7,Q02080:D153E,0.13094462275641353,0
chr17_31975497_A_G_hg38,ENST00000322652.10,Q15022:I203V,0.07905516985208916,0
chr7_152177377_A_T_hg38,ENST00000355193.6,Q8NEZ4:D2692E,0.18802877533997744,0
chr19_10163327_G_C_hg38,ENST00000340748.8,P26358:L293V,0.06760596545068413,0
chr12_45731260_A_G_hg38,ENST00000334344.11,Q68CP9:N77S,0.0734070032263705,0
chr6_31356298_G_C_hg38,ENST00000412585.7,P01889:A163G,0.31635793248065264,0
chr11_101128566_C_T_hg38,ENST00000325455.10,P06401:G169R,0.14220475705980878,0
chr16_89284779_G_A_hg38,ENST00000642600.1,Q6UB99:S588L,0.26258768497076973,0
chr1_26773651_A_G_hg38,ENST00000324856.13,O14497:N1313S,0.05868679921970273,0
chr19_10166656_G_T_hg38,ENST00000340748.8,P26358:P262Q,0.07791955528734984,0
chr12_56101717_C_T_hg38,ENST00000267101.7,P21860:L1231F,0.07789434561677445,0
chr16_89280417_T_C_hg38,ENST00000642600.1,Q6UB99:D2042G,0.06570817886256933,0
chr1_26763147_A_G_hg38,ENST00000324856.13,O14497:N865S,0.061753302612329614,0
chr19_10180840_T_C_hg38,ENST00000340748.8,P26358:T55A,0.07574521758167208,0
chr6_156778345_G_A_hg38,ENST00000350026.10,Q8NFD5:S139N,0.10908257225311986,0
chr6_31972082_G_A_hg38,ENST00000375333.2,P49842:S29N,0.11626806620865561,0
chr13_48307315_C_T_hg38,ENST00000267163.5,P06400:T58I,0.07632691023175797,0
chr22_41152004_A_G_hg38,ENST00000263253.9,Q09472:I997V,0.07272136145630777,0
chr4_186603580_T_C_hg38,ENST00000441802.7,Q14517:N3649S,0.07056093641284533,0
chr3_47083908_C_T_hg38,ENST00000409792.3,Q9BYW2:A1958T,0.05768956675124584,0
chr15_40386418_G_A_hg38,ENST00000249776.12,Q9Y448:D121N,0.1132749864976315,0
chr12_914467_T_C_hg38,ENST00000430095.6,P43351:K311E,0.06343013443223763,0
chr6_31356269_C_T_hg38,ENST00000412585.7,P01889:A173T,0.11393308965882658,0
chr22_41127535_G_A_hg38,ENST00000263253.9,Q09472:V319I,0.08906144175635702,0
chr12_916475_C_T_hg38,ENST00000430095.6,P43351:S245N,0.09520939086011929,0
chr22_41150010_G_A_hg38,ENST00000263253.9,Q09472:A877T,0.06072096922278347,0
chr19_19145855_G_A_hg38,ENST00000444486.7,Q02080:L313F,0.08623442468530612,0
chr12_916398_G_C_hg38,ENST00000430095.6,P43351:R271G,0.12261400070440825,0
chr6_26056104_T_G_hg38,ENST00000343677.3,P16403:K109Q,0.39130259641790466,0
chr16_3774588_C_T_hg38,ENST00000262367.9,Q92793:S755N,0.08332352087957673,0
chrX_40072977_T_C_hg38,ENST00000378444.9,Q6W2J9:N790S,0.044962719913825965,0
chr17_31976527_A_G_hg38,ENST00000322652.10,Q15022:N277S,0.057878026569419184,0
chr20_47636685_A_G_hg38,ENST00000371998.8,Q9Y6Q9:S767G,0.0527192095226731,0
chr3_47163863_G_A_hg38,ENST00000409792.3,Q9BYW2:P21L,0.7165032823935258,0
chr16_89280166_C_T_hg38,ENST00000642600.1,Q6UB99:G2126S,0.06437996953426076,0
chr2_38986097_G_C_hg38,ENST00000402219.6,Q07889:D1243E,0.06864418785463988,0
chr17_39462451_A_C_hg38,ENST00000447079.5,Q9NYV4:Q127P,0.07178334571074395,0
chr17_39462604_A_G_hg38,ENST00000447079.5,Q9NYV4:K178R,0.08033784261169932,0
chr13_48707040_G_A_hg38,ENST00000282018.4,Q9NS75:V75I,0.08800790795486899,0
chr16_89285269_T_C_hg38,ENST00000642600.1,Q6UB99:K425E,0.7724113060420816,0
chr16_89281464_G_A_hg38,ENST00000642600.1,Q6UB99:P1693L,0.3128324541628978,0
chr16_89282984_C_G_hg38,ENST00000642600.1,Q6UB99:K1186N,0.8829312979661711,0
chr16_89282385_C_T_hg38,ENST00000642600.1,Q6UB99:R1386K,0.14965167762142637,0
chr16_89279869_T_C_hg38,ENST00000642600.1,Q6UB99:T2225A,0.05925770407503006,0
chr16_89284698_G_A_hg38,ENST00000642600.1,Q6UB99:A615V,0.0689662724339184,0
chr16_89282188_C_T_hg38,ENST00000642600.1,Q6UB99:A1452T,0.06588198321550848,0
chr16_89283301_C_T_hg38,ENST00000642600.1,Q6UB99:D1081N,0.2545697280787002,0
chr16_89283088_T_C_hg38,ENST00000642600.1,Q6UB99:K1152E,0.17634486216250117,0
chr16_89282337_T_A_hg38,ENST00000642600.1,Q6UB99:Y1402F,0.07976834815159951,0
chr16_89281551_G_A_hg38,ENST00000642600.1,Q6UB99:A1664V,0.08313160412050252,0
chr16_89282717_G_C_hg38,ENST00000642600.1,Q6UB99:D1275E,0.07587982165545418,0
chr16_89283304_G_A_hg38,ENST00000642600.1,Q6UB99:L1080F,0.08157839462810353,0
chr16_89282856_G_A_hg38,ENST00000642600.1,Q6UB99:T1229M,0.07409564739997612,0
chr16_89284329_C_T_hg38,ENST00000642600.1,Q6UB99:R738H,0.15447165359570672,0
chr16_89283571_C_T_hg38,ENST00000642600.1,Q6UB99:G991S,0.0778032639769041,0
chr16_89282818_C_T_hg38,ENST00000642600.1,Q6UB99:A1242T,0.0705136454500383,0
chr16_89282108_G_C_hg38,ENST00000642600.1,Q6UB99:D1478E,0.12853949900713488,0
chr16_89281658_G_T_hg38,ENST00000642600.1,Q6UB99:D1628E,0.08406599799417902,0
chr16_89284528_T_G_hg38,ENST00000642600.1,Q6UB99:I672L,0.08317663680025393,0
