val_loss,val_accuracy,val_auc,val_precision,val_recall,test_loss,test_accuracy,test_auc,test_precision,test_recall,GJB2_notnan_loss,GJB2_notnan_accuracy,GJB2_notnan_auc,GJB2_notnan_precision,GJB2_notnan_recall,RYR1_notnan_loss,RYR1_notnan_accuracy,RYR1_notnan_auc,RYR1_notnan_precision,RYR1_notnan_recall
0.5295037031173706,0.7545677423477173,0.8263293504714966,0.7545677423477173,0.7545677423477173,0.4319765269756317,0.8188937902450562,0.8922908902168274,0.8188937902450562,0.8188937902450562,0.4051958918571472,0.8297872543334961,0.9230421781539917,0.8297872543334961,0.8297872543334961,0.5352010726928711,0.7222222089767456,0.8245679140090942,0.7222222089767456,0.7222222089767456
0.4455314874649048,0.8128750920295715,0.8830353021621704,0.8128750920295715,0.8128750920295715,0.39337438344955444,0.8428781032562256,0.9141955375671387,0.8428781032562256,0.8428781032562256,0.4377516508102417,0.8085106611251831,0.9040288925170898,0.8085106611251831,0.8085106611251831,0.5342828035354614,0.699999988079071,0.8273456692695618,0.699999988079071,0.699999988079071
0.5064515471458435,0.771350622177124,0.8474702835083008,0.771350622177124,0.771350622177124,0.40086600184440613,0.836514949798584,0.9073760509490967,0.836514949798584,0.836514949798584,0.423999547958374,0.7872340679168701,0.9090086221694946,0.7872340679168701,0.7872340679168701,0.5784580111503601,0.7222222089767456,0.7791975140571594,0.7222222089767456,0.7222222089767456
0.509586751461029,0.7596179842948914,0.8428967595100403,0.7596179842948914,0.7596179842948914,0.39786556363105774,0.8423886299133301,0.9107382297515869,0.8423886299133301,0.8423886299133301,0.43346816301345825,0.8085106611251831,0.913535475730896,0.8085106611251831,0.8085106611251831,0.5185061693191528,0.7444444298744202,0.8450617790222168,0.7444444298744202,0.7444444298744202
0.5313757658004761,0.7551299333572388,0.8276110291481018,0.7551299333572388,0.7551299333572388,0.39515241980552673,0.8379833698272705,0.9124209880828857,0.8379833698272705,0.8379833698272705,0.45614346861839294,0.7872340679168701,0.8936170339584351,0.7872340679168701,0.7872340679168701,0.4929526746273041,0.8222222328186035,0.8788889050483704,0.8222222328186035,0.8222222328186035
