val_loss,val_accuracy,val_auc,val_precision,val_recall,test_loss,test_accuracy,test_auc,test_precision,test_recall,GJB2_notnan_loss,GJB2_notnan_accuracy,GJB2_notnan_auc,GJB2_notnan_precision,GJB2_notnan_recall,RYR1_notnan_loss,RYR1_notnan_accuracy,RYR1_notnan_auc,RYR1_notnan_precision,RYR1_notnan_recall
0.5044898509979248,0.7707082748413085,0.845468544960022,0.7707082748413085,0.7707082748413085,0.40384697914123535,0.8357317686080933,0.9074043393135071,0.8357317686080933,0.8357317686080933,0.4313117444515228,0.8042553424835205,0.9086464405059814,0.8042553424835205,0.8042553424835205,0.5318801462650299,0.7422222137451172,0.8310123562812806,0.7422222137451172,0.7422222137451172
0.034836979236232746,0.02451861098667263,0.02295148100310824,0.02451861098667263,0.02451861098667263,0.015978154157166975,0.009805413014270492,0.008815031308481646,0.009805413014270492,0.009805413014270492,0.018696544027629956,0.017801275038221875,0.010937046150804696,0.017801275038221875,0.017801275038221875,0.03114687030437074,0.04740162976614783,0.03615696165938546,0.04740162976614783,0.04740162976614783
0.015579570740593024,0.010965056176014638,0.010264214341449016,0.010965056176014638,0.010965056176014638,0.007145647770079242,0.0043851140094739866,0.003942201845910776,0.0043851140094739866,0.0043851140094739866,0.008361348678019657,0.007960972214326855,0.004891195733250343,0.007960972214326855,0.007960972214326855,0.013929303857388508,0.021198653280276803,0.016169884826047896,0.021198653280276803,0.021198653280276803
