val_loss,val_accuracy,val_auc,val_precision,val_recall,test_loss,test_accuracy,test_auc,test_precision,test_recall,GJB2_notnan_loss,GJB2_notnan_accuracy,GJB2_notnan_auc,GJB2_notnan_precision,GJB2_notnan_recall,RYR1_notnan_loss,RYR1_notnan_accuracy,RYR1_notnan_auc,RYR1_notnan_precision,RYR1_notnan_recall
0.5046970248222351,0.7744750380516052,0.8446381092071533,0.7744750380516052,0.7744750380516052,0.42517513036727905,0.8218306303024292,0.8977181911468506,0.8218306303024292,0.8218306303024292,0.4224802255630493,0.8510638475418091,0.9053870439529419,0.8510638475418091,0.8510638475418091,0.5797930955886841,0.6777777671813965,0.7771605253219604,0.6777777671813965,0.6777777671813965
0.44197431206703186,0.8134205937385559,0.8848438262939453,0.8134205937385559,0.8134205937385559,0.38940519094467163,0.8443465232849121,0.9171769618988037,0.8443465232849121,0.8443465232849121,0.43701091408729553,0.7872340679168701,0.8999546766281128,0.7872340679168701,0.7872340679168701,0.5976012349128723,0.7111111283302307,0.758765459060669,0.7111111283302307,0.7111111283302307
0.5133802890777588,0.7694406509399414,0.8416139483451843,0.7694406509399414,0.7694406509399414,0.39850857853889465,0.838472843170166,0.9105520248413086,0.838472843170166,0.838472843170166,0.4387529790401459,0.8085106611251831,0.888184666633606,0.8085106611251831,0.8085106611251831,0.5690163373947144,0.7444444298744202,0.8009876608848572,0.7444444298744202,0.7444444298744202
0.49025607109069824,0.7778990268707275,0.8559518456459045,0.7778990268707275,0.7778990268707275,0.3953116834163666,0.840430736541748,0.9125956296920776,0.840430736541748,0.840430736541748,0.44279906153678894,0.8085106611251831,0.888184666633606,0.8085106611251831,0.8085106611251831,0.5650803446769714,0.7222222089767456,0.7983332872390747,0.7222222089767456,0.7222222089767456
0.5333479642868042,0.7523939609527588,0.8270999193191528,0.7523939609527588,0.7523939609527588,0.4006778299808502,0.835536003112793,0.9099801778793335,0.835536003112793,0.835536003112793,0.44683998823165894,0.8085106611251831,0.8949750661849976,0.8085106611251831,0.8085106611251831,0.5454314351081848,0.7666666507720947,0.8366666436195374,0.7666666507720947,0.7666666507720947
