val_loss,val_accuracy,val_auc,val_precision,val_recall,test_loss,test_accuracy,test_auc,test_precision,test_recall,GJB2_notnan_loss,GJB2_notnan_accuracy,GJB2_notnan_auc,GJB2_notnan_precision,GJB2_notnan_recall,RYR1_notnan_loss,RYR1_notnan_accuracy,RYR1_notnan_auc,RYR1_notnan_precision,RYR1_notnan_recall
0.49673113226890564,0.7775258541107177,0.8508295297622681,0.7775258541107177,0.7775258541107177,0.4018156826496124,0.8361233472824097,0.9096045970916748,0.8361233472824097,0.8361233472824097,0.43757663369178773,0.8127659797668457,0.8953372240066528,0.8127659797668457,0.8127659797668457,0.5713844895362854,0.7244444370269776,0.7943827152252197,0.7244444370269776,0.7244444370269776
0.03435723369803597,0.022331936959774916,0.021619236397730526,0.022331936959774916,0.022331936959774916,0.013731512611087345,0.00860698972593764,0.0072217087891804374,0.00860698972593764,0.00860698972593764,0.009255928578032384,0.02330734009410847,0.0074961500435473125,0.02330734009410847,0.02330734009410847,0.01921544830992775,0.03370166368379522,0.029207686011623525,0.03370166368379522,0.03370166368379522
0.015365022013530981,0.00998714582225934,0.009668416441392626,0.00998714582225934,0.00998714582225934,0.006140919126457387,0.0038491628217677694,0.003229646353263031,0.0038491628217677694,0.0038491628217677694,0.004139377099072675,0.010423359365026577,0.0033523802133819595,0.010423359365026577,0.010423359365026577,0.008593409727826379,0.015071842190360419,0.013062074277491982,0.015071842190360419,0.015071842190360419
