val_loss,val_accuracy,val_auc,val_precision,val_recall,test_loss,test_accuracy,test_auc,test_precision,test_recall,GJB2_notnan_loss,GJB2_notnan_accuracy,GJB2_notnan_auc,GJB2_notnan_precision,GJB2_notnan_recall,RYR1_notnan_loss,RYR1_notnan_accuracy,RYR1_notnan_auc,RYR1_notnan_precision,RYR1_notnan_recall
0.508056104183197,0.7742023468017578,0.8420344591140747,0.7742023468017578,0.7742023468017578,0.4279399812221527,0.8208516836166382,0.8970204591751099,0.8208516836166382,0.8208516836166382,0.3944205045700073,0.8723404407501221,0.9182888269424438,0.8723404407501221,0.8723404407501221,0.5672228932380676,0.7111111283302307,0.7919135689735413,0.7111111283302307,0.7111111283302307
0.44216588139533997,0.8166939616203308,0.8849058747291565,0.8166939616203308,0.8166939616203308,0.39416012167930603,0.8438570499420166,0.9151124358177185,0.8438570499420166,0.8438570499420166,0.41793617606163025,0.8510638475418091,0.914440929889679,0.8510638475418091,0.8510638475418091,0.578837513923645,0.7222222089767456,0.7796295881271362,0.7222222089767456,0.7222222089767456
0.5146574378013611,0.7688949704170227,0.8408475518226624,0.7688949704170227,0.7688949704170227,0.39816346764564514,0.8409202098846436,0.9107383489608765,0.8409202098846436,0.8409202098846436,0.44080546498298645,0.7872340679168701,0.888637363910675,0.7872340679168701,0.7872340679168701,0.5619490146636963,0.7111111283302307,0.8135185241699219,0.7111111283302307,0.7111111283302307
0.4913783669471741,0.7748976945877075,0.8552868962287903,0.7748976945877075,0.7748976945877075,0.3940489888191223,0.8409202098846436,0.9134368896484375,0.8409202098846436,0.8409202098846436,0.4445246160030365,0.8297872543334961,0.8884110450744629,0.8297872543334961,0.8297872543334961,0.549671471118927,0.7333333492279053,0.8129630088806152,0.7333333492279053,0.7333333492279053
0.5301997661590576,0.7523939609527588,0.8269273042678833,0.7523939609527588,0.7523939609527588,0.4058186709880829,0.8360254764556885,0.9089326858520508,0.8360254764556885,0.8360254764556885,0.4087962806224823,0.8510638475418091,0.9253056049346924,0.8510638475418091,0.8510638475418091,0.5366155505180359,0.7111111283302307,0.8243210315704346,0.7111111283302307,0.7111111283302307
