val_loss,val_accuracy,val_auc,val_precision,val_recall,test_loss,test_accuracy,test_auc,test_precision,test_recall,GJB2_notnan_loss,GJB2_notnan_accuracy,GJB2_notnan_auc,GJB2_notnan_precision,GJB2_notnan_recall,RYR1_notnan_loss,RYR1_notnan_accuracy,RYR1_notnan_auc,RYR1_notnan_precision,RYR1_notnan_recall
0.49729151129722593,0.7774165868759155,0.8500004172325134,0.7774165868759155,0.7774165868759155,0.4040262460708618,0.836514925956726,0.9090481638908386,0.836514925956726,0.836514925956726,0.4212966084480286,0.8382978916168213,0.9070167541503906,0.8382978916168213,0.8382978916168213,0.5588592886924744,0.7177777886390686,0.8044691443443298,0.7177777886390686,0.7177777886390686
0.033816436275808416,0.023759935182939028,0.021942753923916335,0.023759935182939028,0.023759935182939028,0.014198043523758716,0.009196419942087553,0.007133933859655209,0.009196419942087553,0.009196419942087553,0.021272114842611115,0.03226755123447811,0.017325086358005917,0.03226755123447811,0.03226755123447811,0.016262115873230124,0.009938075975650785,0.018185024487096888,0.009938075975650785,0.009938075975650785
0.015123170053899489,0.010625766042008112,0.009813097877485435,0.010625766042008112,0.010625766042008112,0.006349558093325027,0.004112764028028489,0.0031903922114352983,0.004112764028028489,0.004112764028028489,0.009513178962652137,0.01443048760555006,0.007748014162511097,0.01443048760555006,0.01443048760555006,0.007272639310104182,0.00444444268942254,0.008132590185129377,0.00444444268942254,0.00444444268942254
