val_loss,val_accuracy,val_auc,val_precision,val_recall,test_loss,test_accuracy,test_auc,test_precision,test_recall,GJB2_notnan_loss,GJB2_notnan_accuracy,GJB2_notnan_auc,GJB2_notnan_precision,GJB2_notnan_recall,RYR1_notnan_loss,RYR1_notnan_accuracy,RYR1_notnan_auc,RYR1_notnan_precision,RYR1_notnan_recall
0.5386518239974976,0.7551131844520569,0.8232174515724182,0.7551131844520569,0.7551131844520569,0.41878554224967957,0.8272148966789246,0.9001626372337341,0.8272148966789246,0.8272148966789246,0.6256465911865234,0.6808510422706604,0.7682209014892578,0.6808510422706604,0.6808510422706604,0.5125950574874878,0.7222222089767456,0.8557407259941101,0.7222222089767456,0.7222222089767456
0.4896535575389862,0.7935079336166382,0.8541958332061768,0.7935079336166382,0.7935079336166382,0.41111165285110474,0.840430736541748,0.9068264961242676,0.840430736541748,0.840430736541748,1.0258338451385498,0.5319148898124695,0.6600271463394165,0.5319148898124695,0.5319148898124695,0.6646144986152649,0.6000000238418579,0.7261728048324585,0.6000000238418579,0.6000000238418579
0.564912736415863,0.7394270300865173,0.8037624955177307,0.7394270300865173,0.7394270300865173,0.40608713030815125,0.8379833698272705,0.9063944220542908,0.8379833698272705,0.8379833698272705,0.38373199105262756,0.8085106611251831,0.9162516593933105,0.8085106611251831,0.8085106611251831,0.5767432451248169,0.6888889074325562,0.7830247282981873,0.6888889074325562,0.6888889074325562
0.5463898777961731,0.7525238990783691,0.8145183324813843,0.7525238990783691,0.7525238990783691,0.42428216338157654,0.8286833167076111,0.8968453407287598,0.8286833167076111,0.8286833167076111,1.1876760721206665,0.4893617033958435,0.6645540595054626,0.4893617033958435,0.4893617033958435,0.6356871128082275,0.6111111044883728,0.7426543235778809,0.6111111044883728,0.6111111044883728
0.5539854764938354,0.7452804446220398,0.810118556022644,0.7452804446220398,0.7452804446220398,0.41756632924079895,0.8301517367362976,0.901385486125946,0.8301517367362976,0.8301517367362976,0.5485172867774963,0.7234042286872864,0.8223178386688232,0.7234042286872864,0.7234042286872864,0.6339126229286194,0.6000000238418579,0.7381482124328613,0.6000000238418579,0.6000000238418579
