val_loss,val_accuracy,val_auc,val_precision,val_recall,test_loss,test_accuracy,test_auc,test_precision,test_recall,GJB2_notnan_loss,GJB2_notnan_accuracy,GJB2_notnan_auc,GJB2_notnan_precision,GJB2_notnan_recall,RYR1_notnan_loss,RYR1_notnan_accuracy,RYR1_notnan_auc,RYR1_notnan_precision,RYR1_notnan_recall
0.5387186944484711,0.7571704983711243,0.8211625337600708,0.7571704983711243,0.7571704983711243,0.4155665636062622,0.8328928112983703,0.9023228764533997,0.8328928112983703,0.8328928112983703,0.7542811572551728,0.6468085050582886,0.7662743210792542,0.6468085050582886,0.6468085050582886,0.6047105073928833,0.6444444537162781,0.7691481590270997,0.6444444537162781,0.6444444537162781
0.029092274121181726,0.021227556799440602,0.019775602046732874,0.021227556799440602,0.021227556799440602,0.007071570741940276,0.0059204339368220905,0.004254668184678308,0.0059204339368220905,0.0059204339368220905,0.3382914132382688,0.13338236828079592,0.10871216675436107,0.13338236828079592,0.13338236828079592,0.060556225256442095,0.0571979360291295,0.052916521291753144,0.0571979360291295,0.0571979360291295
0.013010460511004058,0.009493251999957411,0.008843918094495735,0.009493251999957411,0.009493251999957411,0.0031625025773354158,0.002647698547806178,0.001902745456529265,0.002647698547806178,0.002647698547806178,0.15128851924104825,0.05965040849515428,0.0486175589688088,0.05965040849515428,0.05965040849515428,0.02708156722683883,0.02557969462676359,0.023664987748235,0.02557969462676359,0.02557969462676359
