SAV_coords,0,1,2,3,4
P21817 177 R C,0.7029778,0.86221504,0.7995722,0.84930485,0.8513769
P21817 214 T M,0.5674823,0.7406159,0.76973164,0.7443612,0.75617325
P21817 539 F V,0.81138206,0.846121,0.8819488,0.8785622,0.8684876
P21817 1588 P L,0.47505495,0.7015294,0.5152106,0.72505844,0.60855126
P21817 1675 L P,0.883998,0.88885534,0.9110119,0.91003203,0.90499884
P21817 1728 S F,0.42125592,0.72107637,0.66074723,0.7063628,0.6993171
P21817 2163 R L,0.5980278,0.8129339,0.69355583,0.78611094,0.7796743
P21817 2204 H Q,0.6779895,0.83065164,0.7535506,0.78116155,0.80848646
P21817 2237 C Y,0.8586473,0.8801892,0.8779737,0.8690325,0.8879945
P21817 2362 E K,0.86379474,0.8187583,0.7856121,0.7690855,0.848405
P21817 2363 C W,0.8545784,0.8752094,0.84613717,0.86009604,0.8778262
P21817 2364 F V,0.7685387,0.83833796,0.76624036,0.8137704,0.8305291
P21817 2431 D Y,0.8601618,0.8747804,0.8499334,0.84703535,0.88660944
P21817 2627 V M,0.6180234,0.7605509,0.75501806,0.76885855,0.7733287
P21817 2676 R W,0.69070506,0.80511427,0.7495642,0.766444,0.79716206
P21817 3051 R H,0.65610284,0.7773789,0.78128093,0.7875762,0.75652564
P21817 3418 N D,0.50884366,0.74063677,0.80598146,0.7847541,0.77098376
P21817 3903 R Q,0.66716665,0.8755394,0.7951343,0.8269741,0.8442373
P21817 3772 R Q,0.4992019,0.76368773,0.5233826,0.65598184,0.6517642
P21817 3986 D E,0.6339391,0.81648326,0.7562801,0.75933,0.8127438
P21817 4050 S Y,0.719691,0.8468951,0.80396235,0.81368953,0.83034945
P21817 4234 V L,0.52570796,0.74196285,0.6507646,0.67515075,0.7208204
P21817 4973 P L,0.34900048,0.75345504,0.67356247,0.7663127,0.72581375
P21817 160 E G,0.67444307,0.77922976,0.6858871,0.7665548,0.7524951
P21817 401 R H,0.35503048,0.61573136,0.43326887,0.5436962,0.5441402
P21817 522 Y C,0.7871211,0.86729616,0.8653396,0.8803215,0.8831739
P21817 1056 D H,0.5722422,0.7702335,0.6677956,0.7362892,0.75727654
P21817 4737 R Q,0.5502798,0.82307076,0.74358916,0.7789914,0.78022325
P21817 4824 L P,0.85008246,0.91896766,0.90199727,0.9174658,0.91482663
P21817 4893 R Q,0.6382888,0.88663465,0.8172107,0.8530938,0.85756785
