R20000_val_loss,R20000_val_accuracy,R20000_val_auc,R20000_val_precision,R20000_val_recall,R20000_test_loss,R20000_test_accuracy,R20000_test_auc,R20000_test_precision,R20000_test_recall,val_loss,val_accuracy,val_auc,val_precision,val_recall,test_loss,test_accuracy,test_auc,test_precision,test_recall
0.5399775306383768,0.7722601095835367,0.8426623344421387,0.7722601095835367,0.7722601095835367,0.44269658128420514,0.8224832812945048,0.8914536436398824,0.8224832812945048,0.8224832812945048,0.33543555438518524,0.8809523781140646,0.9370748400688171,0.8809523781140646,0.8809523781140646,0.2156013399362564,0.9333333373069763,0.9866666793823242,0.9333333373069763,0.9333333373069763
0.02592772523190764,0.0031975198402610277,0.0011855750071039328,0.0031975198402610277,0.0031975198402610277,0.03530185119674614,0.012971903889714208,0.015082161043164139,0.012971903889714208,0.012971903889714208,0.09064061863402746,0.041239285277683155,0.03896746832155631,0.041239285277683155,0.041239285277683155,0.13649902334863895,0.1154700469553736,0.0230939887434201,0.1154700469553736,0.1154700469553736
0.01496937914211653,0.0018460889405138737,0.0006844920494959481,0.0018460889405138737,0.0018460889405138737,0.0203815332913335,0.007489332202628452,0.008707689738232103,0.007489332202628452,0.007489332202628452,0.05233138556786997,0.02380951245625814,0.02249787832508875,0.02380951245625814,0.02380951245625814,0.07880774787445771,0.06666666269302368,0.013333320617675783,0.06666666269302368,0.06666666269302368
