R20000_val_loss,R20000_val_accuracy,R20000_val_auc,R20000_val_precision,R20000_val_recall,R20000_test_loss,R20000_test_accuracy,R20000_test_auc,R20000_test_precision,R20000_test_recall,val_loss,val_accuracy,val_auc,val_precision,val_recall,test_loss,test_accuracy,test_auc,test_precision,test_recall
0.5139570832252502,0.7688949704170227,0.8409814238548279,0.7688949704170227,0.7688949704170227,0.39795801043510437,0.8399412631988525,0.9111614227294922,0.8399412631988525,0.8399412631988525,0.4334288239479065,0.8333333333333334,0.9005102117856344,0.8333333333333334,0.8333333333333334,0.4078384041786194,0.800000011920929,0.9600000381469727,0.800000011920929,0.800000011920929
0.0,0.0,0.0,0.0,0.0,0.0,0.0,0.0,0.0,0.0,0.05998782310239626,0.041239319690440854,0.028748544776772085,0.041239319690440854,0.041239319690440854,0.0,0.0,0.0,0.0,0.0
0.0,0.0,0.0,0.0,0.0,0.0,0.0,0.0,0.0,0.0,0.034633985816268135,0.02380953232447306,0.016597980065679373,0.02380953232447306,0.02380953232447306,0.0,0.0,0.0,0.0,0.0
