val_loss,val_accuracy,val_auc,val_precision,val_recall,test_loss,test_accuracy,test_auc,test_precision,test_recall,GJB2_notnan_loss,GJB2_notnan_accuracy,GJB2_notnan_auc,GJB2_notnan_precision,GJB2_notnan_recall,RYR1_notnan_loss,RYR1_notnan_accuracy,RYR1_notnan_auc,RYR1_notnan_precision,RYR1_notnan_recall
0.5078667998313904,0.7594764232635498,0.8427420854568481,0.7594764232635498,0.7594764232635498,0.4399075508117676,0.8139989972114563,0.8870794773101807,0.8139989972114563,0.8139989972114563,0.49160000681877136,0.7446808218955994,0.8637392520904541,0.7446808218955994,0.7446808218955994,0.7861412763595581,0.5555555820465088,0.5510493516921997,0.5555555820465088,0.5555555820465088
0.4521510899066925,0.8057828545570374,0.8788942694664001,0.8057828545570374,0.8057828545570374,0.40582984685897827,0.826725423336029,0.9072861671447754,0.826725423336029,0.826725423336029,0.6659637093544006,0.6170212626457214,0.7546401023864746,0.6170212626457214,0.6170212626457214,0.6186378002166748,0.699999988079071,0.7472222447395325,0.699999988079071,0.699999988079071
0.5186632871627808,0.7669849991798401,0.8413680791854858,0.7669849991798401,0.7669849991798401,0.40625256299972534,0.8237885236740112,0.9054243564605713,0.8237885236740112,0.8237885236740112,0.6256446242332458,0.6382978558540344,0.7727478742599487,0.6382978558540344,0.6382978558540344,0.6510152220726013,0.6111111044883728,0.688395082950592,0.6111111044883728,0.6111111044883728
0.5270743370056152,0.7579808831214905,0.8329522013664246,0.7579808831214905,0.7579808831214905,0.42643702030181885,0.8198727369308472,0.8946065306663513,0.8198727369308472,0.8198727369308472,0.485003262758255,0.7872340679168701,0.854911744594574,0.7872340679168701,0.7872340679168701,0.5628598928451538,0.7666666507720947,0.8101234436035156,0.7666666507720947,0.7666666507720947
0.5406516194343567,0.7504788041114807,0.8218519687652588,0.7504788041114807,0.7504788041114807,0.40461036562919617,0.8296622633934021,0.9073315858840942,0.8296622633934021,0.8296622633934021,0.5703073143959045,0.6808510422706604,0.7980986833572388,0.6808510422706604,0.6808510422706604,0.7565327286720276,0.5111111402511597,0.6242592334747314,0.5111111402511597,0.5111111402511597
