val_loss,val_accuracy,val_auc,val_precision,val_recall,test_loss,test_accuracy,test_auc,test_precision,test_recall,GJB2_notnan_loss,GJB2_notnan_accuracy,GJB2_notnan_auc,GJB2_notnan_precision,GJB2_notnan_recall,RYR1_notnan_loss,RYR1_notnan_accuracy,RYR1_notnan_auc,RYR1_notnan_precision,RYR1_notnan_recall
0.5092814266681671,0.7681407928466797,0.8435617208480835,0.7681407928466797,0.7681407928466797,0.41660746932029724,0.8228095889091491,0.9003456234931946,0.8228095889091491,0.8228095889091491,0.5677037835121155,0.6936170101165772,0.808827531337738,0.6936170101165772,0.6936170101165772,0.6750373840332031,0.6288888931274415,0.6842098712921143,0.6288888931274415,0.6288888931274415
0.034112213745122064,0.02184320020501825,0.021434482131098782,0.02184320020501825,0.02184320020501825,0.015865257623255514,0.006113567815229404,0.0091062638645701,0.006113567815229404,0.006113567815229404,0.08007823265878143,0.07152229316543877,0.04871390735127279,0.07152229316543877,0.07152229316543877,0.09397783373893405,0.10440895756876327,0.10144962524715392,0.10440895756876327,0.10440895756876327
0.015255445759419122,0.009768576100911629,0.009585791821528286,0.009768576100911629,0.009768576100911629,0.007095158905229215,0.002734070643981564,0.004072445004445736,0.002734070643981564,0.002734070643981564,0.035812074348615795,0.03198574188491794,0.021785521657414535,0.03198574188491794,0.03198574188491794,0.04202816492368595,0.04669310531672917,0.04536965166890301,0.04669310531672917,0.04669310531672917
