SAV_coords,0,1,2,3,4
P21817 160 E G,0.666742,0.5907314,0.5322296,0.7354597,0.36065078
P21817 177 R C,0.21603264,0.6146631,0.6196665,0.63357925,0.31489336
P21817 214 T M,0.14447162,0.4959909,0.29465806,0.25739422,0.27060792
P21817 401 R H,0.3436837,0.46783522,0.2552648,0.3336389,0.25862217
P21817 522 Y C,0.48236528,0.68552285,0.69443035,0.7311595,0.37869763
P21817 539 F V,0.82629836,0.5978155,0.77401274,0.78893405,0.3363525
P21817 1056 D H,0.56276095,0.55800474,0.55086166,0.29382023,0.24524985
P21817 1588 P L,0.39304912,0.58684003,0.4001061,0.40625197,0.28815368
P21817 1675 L P,0.5272817,0.677239,0.6178316,0.73015094,0.36986125
P21817 1728 S F,0.559103,0.49750432,0.4434894,0.32203656,0.256536
P21817 2163 R L,0.3857133,0.52533513,0.24928094,0.47110897,0.30498296
P21817 2204 H Q,0.43601865,0.4801684,0.30908737,0.47148564,0.2676438
P21817 2237 C Y,0.5280356,0.5674903,0.4710304,0.4807347,0.3094067
P21817 2362 E K,0.30840072,0.392386,0.14732946,0.297598,0.24678852
P21817 2363 C W,0.4538795,0.61612326,0.4861807,0.4857626,0.31410924
P21817 2364 F V,0.2811058,0.41119987,0.16539627,0.3851513,0.27623194
P21817 2431 D Y,0.5112357,0.52556807,0.39187193,0.5818386,0.33096647
P21817 2627 V M,0.71002,0.53422606,0.52241206,0.37265164,0.28625554
P21817 2676 R W,0.44087875,0.6038318,0.49208865,0.3418773,0.30758408
P21817 3051 R H,0.5020561,0.5871062,0.37335047,0.28635377,0.29832116
P21817 3418 N D,0.6699779,0.50261027,0.48275843,0.3198922,0.28003916
P21817 3903 R Q,0.4104989,0.34683022,0.18330494,0.55426645,0.20228375
P21817 3772 R Q,0.7604144,0.5220611,0.4974622,0.78324544,0.37835696
P21817 3986 D E,0.36751857,0.31949773,0.17053314,0.3882224,0.20107745
P21817 4050 S Y,0.39388853,0.46107543,0.33984366,0.5193392,0.26067957
P21817 4234 V L,0.44309843,0.38526458,0.2392496,0.44630283,0.24881162
P21817 4737 R Q,0.28321883,0.39782292,0.21761644,0.4314808,0.22000724
P21817 4824 L P,0.55534554,0.58431906,0.4971251,0.7015965,0.31293947
P21817 4893 R Q,0.5055577,0.3436526,0.35825112,0.5669405,0.20983
P21817 4973 P L,0.30673206,0.47623575,0.2497915,0.37531748,0.25908536
