val_loss,val_accuracy,val_auc,val_precision,val_recall,test_loss,test_accuracy,test_auc,test_precision,test_recall,GJB2_notnan_loss,GJB2_notnan_accuracy,GJB2_notnan_auc,GJB2_notnan_precision,GJB2_notnan_recall,RYR1_notnan_loss,RYR1_notnan_accuracy,RYR1_notnan_auc,RYR1_notnan_precision,RYR1_notnan_recall
0.5159261226654053,0.7717480063438416,0.8479660749435425,0.7717480063438416,0.7717480063438416,0.4397079646587372,0.8193832635879517,0.8980410695075989,0.8193832635879517,0.8193832635879517,0.4182662069797516,0.8723404407501221,0.9146672487258911,0.8723404407501221,0.8723404407501221,0.5661816000938416,0.7222222089767456,0.8022221922874451,0.7222222089767456,0.7222222089767456
0.45659878849983215,0.8126022815704346,0.8851499557495117,0.8126022815704346,0.8126022815704346,0.4082687795162201,0.8418991565704346,0.9147272706031799,0.8418991565704346,0.8418991565704346,0.44821402430534363,0.8297872543334961,0.9103667140007019,0.8297872543334961,0.8297872543334961,0.5717561841011047,0.7222222089767456,0.7995061278343201,0.7222222089767456,0.7222222089767456
0.5354587435722351,0.7667121291160583,0.837355375289917,0.7667121291160583,0.7667121291160583,0.4117334485054016,0.8399412631988525,0.9112182855606079,0.8399412631988525,0.8399412631988525,0.46292540431022644,0.7872340679168701,0.888184666633606,0.7872340679168701,0.7872340679168701,0.6325934529304504,0.6555555462837219,0.735679030418396,0.6555555462837219,0.6555555462837219
0.5037546753883362,0.7770804762840271,0.8553181886672974,0.7770804762840271,0.7770804762840271,0.40960365533828735,0.8389623165130615,0.9109967947006226,0.8389623165130615,0.8389623165130615,0.4556962251663208,0.8085106611251831,0.8909008502960205,0.8085106611251831,0.8085106611251831,0.5482637882232666,0.7555555701255798,0.8216049671173096,0.7555555701255798,0.7555555701255798
0.5482916235923767,0.7507523894309998,0.8258503079414368,0.7507523894309998,0.7507523894309998,0.4178774654865265,0.835536003112793,0.9096124768257141,0.835536003112793,0.835536003112793,0.4531037211418152,0.8297872543334961,0.910819411277771,0.8297872543334961,0.8297872543334961,0.5705245137214661,0.7111111283302307,0.8050617575645447,0.7111111283302307,0.7111111283302307
