val_loss,val_accuracy,val_auc,val_precision,val_recall,test_loss,test_accuracy,test_auc,test_precision,test_recall,GJB2_notnan_loss,GJB2_notnan_accuracy,GJB2_notnan_auc,GJB2_notnan_precision,GJB2_notnan_recall,RYR1_notnan_loss,RYR1_notnan_accuracy,RYR1_notnan_auc,RYR1_notnan_precision,RYR1_notnan_recall
0.5120059907436371,0.7757790565490723,0.850327980518341,0.7757790565490723,0.7757790565490723,0.41743826270103457,0.8351444005966187,0.9089191794395447,0.8351444005966187,0.8351444005966187,0.44764111638069154,0.8255319356918335,0.9029877781867981,0.8255319356918335,0.8255319356918335,0.5778639078140259,0.7133333325386048,0.7928148150444031,0.7133333325386048,0.7133333325386048
0.035426291318508905,0.02281685889957169,0.02241927561000302,0.02281685889957169,0.02281685889957169,0.012982083074216085,0.009107413098297809,0.006366911222312576,0.009107413098297809,0.009107413098297809,0.017259401870003046,0.03155828767240813,0.01242396011930157,0.03155828767240813,0.03155828767240813,0.032012253500442456,0.03634539988628095,0.03307805449141323,0.03634539988628095,0.03634539988628095
0.015843119115779312,0.010204009506492669,0.010026204854053963,0.010204009506492669,0.010204009506492669,0.005805764048699322,0.004072958957393175,0.0028473692599594387,0.004072958957393175,0.004072958957393175,0.00771863916646276,0.014113295297799637,0.005556163875300941,0.014113295297799637,0.014113295297799637,0.014316314987988984,0.016254156963027466,0.014792955681248443,0.016254156963027466,0.016254156963027466
