,val_loss,val_accuracy,val_auc,val_precision,val_recall,test_loss,test_accuracy,test_auc,test_precision,test_recall
0,0.3753059506416321,0.8148148059844971,0.9163237810134888,0.8148148059844971,0.8148148059844971,0.4608623683452606,0.7777777910232544,0.8518518805503845,0.7777777910232544,0.7777777910232544
1,0.39938265085220337,0.8518518805503845,0.8957475423812866,0.8518518805503845,0.8518518805503845,0.3791513741016388,0.7777777910232544,0.9259259104728699,0.7777777910232544,0.7777777910232544
2,0.5554489493370056,0.7037037014961243,0.7846364974975586,0.7037037014961243,0.7037037014961243,0.22806599736213684,1.0,1.0,1.0,1.0
