val_loss,val_accuracy,val_auc,val_precision,val_recall,test_loss,test_accuracy,test_auc,test_precision,test_recall
0.44337918361028034,0.790123462677002,0.865569273630778,0.790123462677002,0.790123462677002,0.3560265799363454,0.8518518606821696,0.9259259303410848,0.8518518606821696,0.8518518606821696
0.09779900902253429,0.07709875203282948,0.07084088571252259,0.07709875203282948,0.07709875203282948,0.11810844451019765,0.12830005217263735,0.07407405972480974,0.12830005217263735,0.12830005217263735
0.05646428418563881,0.04451298524033831,0.040900004435756435,0.04451298524033831,0.04451298524033831,0.0681899422315306,0.0740740696589152,0.04276667832208732,0.0740740696589152,0.0740740696589152
