val_loss,val_accuracy,val_auc,val_precision,val_recall,test_loss,test_accuracy,test_auc,test_precision,test_recall,GJB2_notnan_loss,GJB2_notnan_accuracy,GJB2_notnan_auc,GJB2_notnan_precision,GJB2_notnan_recall,RYR1_notnan_loss,RYR1_notnan_accuracy,RYR1_notnan_auc,RYR1_notnan_precision,RYR1_notnan_recall
0.5070767998695374,0.7733842134475708,0.8427603244781494,0.7733842134475708,0.7733842134475708,0.4266026020050049,0.8218306303024292,0.8973500728607178,0.8218306303024292,0.8218306303024292,0.4099498987197876,0.8723404407501221,0.910819411277771,0.8723404407501221,0.8723404407501221,0.5692520141601562,0.699999988079071,0.7940740585327148,0.699999988079071,0.699999988079071
0.4417806565761566,0.81723952293396,0.8851168751716614,0.81723952293396,0.81723952293396,0.3945729434490204,0.8448359966278076,0.9149539470672607,0.8448359966278076,0.8448359966278076,0.40977469086647034,0.8510638475418091,0.9167044162750244,0.8510638475418091,0.8510638475418091,0.5810925960540771,0.7222222089767456,0.7771605253219604,0.7222222089767456,0.7222222089767456
0.5138331651687622,0.7691677808761597,0.8413021564483643,0.7691677808761597,0.7691677808761597,0.3977089524269104,0.8399412631988525,0.9109645485877991,0.8399412631988525,0.8399412631988525,0.43465110659599304,0.8085106611251831,0.8936169743537903,0.8085106611251831,0.8085106611251831,0.5606037378311157,0.7222222089767456,0.8129629492759705,0.7222222089767456,0.7222222089767456
0.49088504910469055,0.7778990268707275,0.8553504943847656,0.7778990268707275,0.7778990268707275,0.3942481279373169,0.8414096832275391,0.9134688377380371,0.8414096832275391,0.8414096832275391,0.440100759267807,0.8297872543334961,0.8918062448501587,0.8297872543334961,0.8297872543334961,0.5540977120399475,0.7222222089767456,0.8088271617889404,0.7222222089767456,0.7222222089767456
0.5303707718849182,0.7534883618354797,0.8272463083267212,0.7534883618354797,0.7534883618354797,0.40399691462516785,0.8360254764556885,0.9096012115478516,0.8360254764556885,0.8360254764556885,0.41375622153282166,0.8510638475418091,0.9203258752822876,0.8510638475418091,0.8510638475418091,0.5312697887420654,0.7555555701255798,0.8332715630531311,0.7555555701255798,0.7555555701255798
