val_loss,val_accuracy,val_auc,val_precision,val_recall,test_loss,test_accuracy,test_auc,test_precision,test_recall,GJB2_notnan_loss,GJB2_notnan_accuracy,GJB2_notnan_auc,GJB2_notnan_precision,GJB2_notnan_recall,RYR1_notnan_loss,RYR1_notnan_accuracy,RYR1_notnan_auc,RYR1_notnan_precision,RYR1_notnan_recall
0.496789288520813,0.7782357811927796,0.8503552317619324,0.7782357811927796,0.7782357811927796,0.40342590808868406,0.8368086099624634,0.9092677235603333,0.8368086099624634,0.8368086099624634,0.4216465353965759,0.8425532102584838,0.9066545844078064,0.8425532102584838,0.8425532102584838,0.5592631697654724,0.7244444370269776,0.8052592515945435,0.7244444370269776,0.7244444370269776
0.03385576862729556,0.023662239842525187,0.021834534760518023,0.023662239842525187,0.023662239842525187,0.01353491229018663,0.008949518156733793,0.006982179561471794,0.008949518156733793,0.008949518156733793,0.014574689582754112,0.024259048705949693,0.013188077581006553,0.024259048705949693,0.024259048705949693,0.018630682500953125,0.019876170277291015,0.02104408168789358,0.019876170277291015,0.019876170277291015
0.01514076001622752,0.010582075357558047,0.009764700796320077,0.010582075357558047,0.010582075357558047,0.006052996790070932,0.004002346192865075,0.0031225256261121206,0.004002346192865075,0.004002346192865075,0.006517999331599248,0.010848976395196363,0.005897887592734328,0.010848976395196363,0.010848976395196363,0.008331894507869395,0.008888893574476711,0.009411199435637712,0.008888893574476711,0.008888893574476711
