R20000_val_loss,R20000_val_accuracy,R20000_val_auc,R20000_val_precision,R20000_val_recall,R20000_test_loss,R20000_test_accuracy,R20000_test_auc,R20000_test_precision,R20000_test_recall,val_loss,val_accuracy,val_auc,val_precision,val_recall,test_loss,test_accuracy,test_auc,test_precision,test_recall
0.5371368328730265,0.7725329796473185,0.843246599038442,0.7725329796473185,0.7725329796473185,0.43603424231211346,0.8228095769882202,0.8927875955899557,0.8228095769882202,0.8228095769882202,0.36758320530255634,0.8571428457895914,0.9200680454572042,0.8571428457895914,0.8571428457895914,0.20418575902779898,1.0,0.999999980131785,1.0,1.0
0.017367622331783045,0.0009581976517975737,0.0035023860660003893,0.0009581976517975737,0.0009581976517975737,0.020499132186034146,0.007692736204764159,0.007167572620918676,0.007692736204764159,0.007692736204764159,0.13248563874878178,0.07142856717109888,0.05596763495544364,0.07142856717109888,0.07142856717109888,0.01585965812015499,0.0,3.44127577060238e-08,0.0,0.0
0.010027201428438697,0.0005532156722021965,0.0020221035380113194,0.0005532156722021965,0.0005532156722021965,0.011835179485760537,0.004441403318625367,0.0041381999821235894,0.004441403318625367,0.004441403318625367,0.07649061919536868,0.04123930248406321,0.032312929107432095,0.04123930248406321,0.04123930248406321,0.009156577884926917,0.0,1.986821492513021e-08,0.0,0.0
