R20000_val_loss,R20000_val_accuracy,R20000_val_auc,R20000_val_precision,R20000_val_recall,R20000_test_loss,R20000_test_accuracy,R20000_test_auc,R20000_test_precision,R20000_test_recall,val_loss,val_accuracy,val_auc,val_precision,val_recall,test_loss,test_accuracy,test_auc,test_precision,test_recall
0.5139570832252502,0.7688949704170227,0.8409814238548279,0.7688949704170227,0.7688949704170227,0.39795801043510437,0.8399412631988525,0.9111614227294922,0.8399412631988525,0.8399412631988525,0.44208717346191406,0.8095238010088602,0.8937074740727743,0.8095238010088602,0.8095238010088602,0.33510822057724,1.0,1.0,1.0,1.0
0.0,0.0,0.0,0.0,0.0,0.0,0.0,0.0,0.0,0.0,0.12584618919255375,0.1486904244428468,0.08322481237720733,0.1486904244428468,0.1486904244428468,0.0,0.0,0.0,0.0,0.0
0.0,0.0,0.0,0.0,0.0,0.0,0.0,0.0,0.0,0.0,0.07265733120680948,0.08584645657799732,0.04804986782923675,0.08584645657799732,0.08584645657799732,0.0,0.0,0.0,0.0,0.0
