val_loss,val_accuracy,val_auc,val_precision,val_recall,test_loss,test_accuracy,test_auc,test_precision,test_recall,GJB2_notnan_loss,GJB2_notnan_accuracy,GJB2_notnan_auc,GJB2_notnan_precision,GJB2_notnan_recall,RYR1_notnan_loss,RYR1_notnan_accuracy,RYR1_notnan_auc,RYR1_notnan_precision,RYR1_notnan_recall
0.5399372577667236,0.7521134614944458,0.8281267881393433,0.7521134614944458,0.7521134614944458,0.4595489501953125,0.8154674768447876,0.8893840909004211,0.8154674768447876,0.8154674768447876,0.365480899810791,0.8723404407501221,0.9325486421585083,0.8723404407501221,0.8723404407501221,0.576504111289978,0.7666666507720947,0.8037036657333374,0.7666666507720947,0.7666666507720947
0.49997177720069885,0.7872340679168701,0.8580721616744995,0.7872340679168701,0.7872340679168701,0.4459607005119324,0.8335780501365662,0.8995859622955322,0.8335780501365662,0.8335780501365662,0.4269884526729584,0.8297872543334961,0.9157990217208862,0.8297872543334961,0.8297872543334961,0.5902063250541687,0.7111111283302307,0.7861728072166443,0.7111111283302307,0.7111111283302307
0.5575856566429138,0.7533424496650696,0.8188999891281128,0.7533424496650696,0.7533424496650696,0.44982922077178955,0.8252570033073425,0.8970595598220825,0.8252570033073425,0.8252570033073425,0.40498000383377075,0.8297872543334961,0.9325486421585083,0.8297872543334961,0.8297872543334961,0.6171610951423645,0.6666666865348816,0.7591357827186584,0.6666666865348816,0.6666666865348816
0.5377171039581299,0.7574352025985718,0.8343544602394104,0.7574352025985718,0.7574352025985718,0.4353557229042053,0.8237885236740112,0.8986424207687378,0.8237885236740112,0.8237885236740112,0.42101818323135376,0.8085106611251831,0.9133092164993286,0.8085106611251831,0.8085106611251831,0.6108802556991577,0.7111111283302307,0.7562963366508484,0.7111111283302307,0.7111111283302307
0.5284920334815979,0.7619699239730835,0.8388048410415649,0.7619699239730835,0.7619699239730835,0.4667065739631653,0.8277043700218201,0.8945997953414917,0.8277043700218201,0.8277043700218201,0.4146440923213959,0.8936170339584351,0.9187414646148682,0.8936170339584351,0.8936170339584351,0.6088461875915527,0.7222222089767456,0.764938235282898,0.7222222089767456,0.7222222089767456
