val_loss,val_accuracy,val_auc,val_precision,val_recall,test_loss,test_accuracy,test_auc,test_precision,test_recall,GJB2_notnan_loss,GJB2_notnan_accuracy,GJB2_notnan_auc,GJB2_notnan_precision,GJB2_notnan_recall,RYR1_notnan_loss,RYR1_notnan_accuracy,RYR1_notnan_auc,RYR1_notnan_precision,RYR1_notnan_recall
0.5327407658100128,0.7624190211296081,0.8356516480445861,0.7624190211296081,0.7624190211296081,0.45148023366928103,0.8251590847969055,0.895854365825653,0.8251590847969055,0.8251590847969055,0.40662232637405393,0.8468085289001465,0.9225893974304199,0.8468085289001465,0.8468085289001465,0.6007195949554444,0.7155555605888366,0.7740493655204773,0.7155555605888366,0.7155555605888366
0.021128655773747434,0.014399786382140048,0.014590633525952676,0.014399786382140048,0.014399786382140048,0.012146363266410375,0.0065797557855593386,0.0040801029354820585,0.0065797557855593386,0.0065797557855593386,0.024401243446694504,0.034961010141162714,0.00929261344363533,0.034961010141162714,0.034961010141162714,0.01685617065193129,0.03565955588238342,0.02029133460318414,0.03565955588238342,0.03565955588238342
0.009449022116658535,0.0064397802423881816,0.006525129679763525,0.0064397802423881816,0.0064397802423881816,0.005432018788619997,0.0029425562423716417,0.0018246775037868642,0.0029425562423716417,0.0029425562423716417,0.010912567816466035,0.015635039047539868,0.004155783069719401,0.015635039047539868,0.015635039047539868,0.007538308683611062,0.015947438200092364,0.00907456070538269,0.015947438200092364,0.015947438200092364
