val_loss,val_accuracy,val_auc,val_precision,val_recall,test_loss,test_accuracy,test_auc,test_precision,test_recall,GJB2_notnan_loss,GJB2_notnan_accuracy,GJB2_notnan_auc,GJB2_notnan_precision,GJB2_notnan_recall,RYR1_notnan_loss,RYR1_notnan_accuracy,RYR1_notnan_auc,RYR1_notnan_precision,RYR1_notnan_recall
0.4996824264526367,0.781019926071167,0.848719596862793,0.781019926071167,0.781019926071167,0.42683494091033936,0.8188937902450562,0.894658088684082,0.8188937902450562,0.8188937902450562,0.4172569811344147,0.8297872543334961,0.9085558652877808,0.8297872543334961,0.8297872543334961,0.5585628151893616,0.7333333492279053,0.8008642196655273,0.7333333492279053,0.7333333492279053
0.4465818703174591,0.8074195384979248,0.8816930651664734,0.8074195384979248,0.8074195384979248,0.3926279544830322,0.8414096832275391,0.9132707118988037,0.8414096832275391,0.8414096832275391,0.44735729694366455,0.8085106611251831,0.8922590017318726,0.8085106611251831,0.8085106611251831,0.5842448472976685,0.7333333492279053,0.784382700920105,0.7333333492279053,0.7333333492279053
0.511539876461029,0.7699863314628601,0.8412973284721375,0.7699863314628601,0.7699863314628601,0.3949720561504364,0.8399412631988525,0.9114298820495605,0.8399412631988525,0.8399412631988525,0.4485407769680023,0.8085106611251831,0.892258882522583,0.8085106611251831,0.8085106611251831,0.5723946690559387,0.7333333492279053,0.7907407283782959,0.7333333492279053,0.7333333492279053
0.4963776469230652,0.7721691727638245,0.8512808084487915,0.7721691727638245,0.7721691727638245,0.4051336646080017,0.8335780501365662,0.9062178134918213,0.8335780501365662,0.8335780501365662,0.4228178858757019,0.7872340679168701,0.9062924385070801,0.7872340679168701,0.7872340679168701,0.5942834615707397,0.6777777671813965,0.7816048860549927,0.6777777671813965,0.6777777671813965
0.5306837558746338,0.7474692463874817,0.825252115726471,0.7474692463874817,0.7474692463874817,0.4029032588005066,0.8379833698272705,0.9081467986106873,0.8379833698272705,0.8379833698272705,0.42542001605033875,0.8085106611251831,0.9071978330612183,0.8085106611251831,0.8085106611251831,0.6214694380760193,0.6333333253860474,0.7733333110809326,0.6333333253860474,0.6333333253860474
