val_loss,val_accuracy,val_auc,val_precision,val_recall,test_loss,test_accuracy,test_auc,test_precision,test_recall,GJB2_notnan_loss,GJB2_notnan_accuracy,GJB2_notnan_auc,GJB2_notnan_precision,GJB2_notnan_recall,RYR1_notnan_loss,RYR1_notnan_accuracy,RYR1_notnan_auc,RYR1_notnan_precision,RYR1_notnan_recall
0.49697311520576476,0.7756128430366516,0.8496485829353333,0.7756128430366516,0.7756128430366516,0.40449437499046326,0.8343612313270569,0.906744658946991,0.8343612313270569,0.8343612313270569,0.4322785913944244,0.8085106611251831,0.9013128042221069,0.8085106611251831,0.8085106611251831,0.5861910462379456,0.7022222280502319,0.7861851692199707,0.7022222280502319,0.7022222280502319
0.031207252118196797,0.021659183692474725,0.020587053456564364,0.021659183692474725,0.021659183692474725,0.013541858433350961,0.009134993481123815,0.007295022706289087,0.009134993481123815,0.009134993481123815,0.014611808752993989,0.015044823338145755,0.008304172043672032,0.015044823338145755,0.015044823338145755,0.023809131552496747,0.04540627203437634,0.010315350026750892,0.04540627203437634,0.04540627203437634
0.013956307425452468,0.009686281414705677,0.009206810197059986,0.009686281414705677,0.009686281414705677,0.006056103199730311,0.004085293279562059,0.003262433333733376,0.004085293279562059,0.004085293279562059,0.0065345995291841985,0.006728249538713842,0.0037137386373008027,0.006728249538713842,0.006728249538713842,0.010647767327323565,0.020306302174742632,0.004613164774303854,0.020306302174742632,0.020306302174742632
