SAV_coords,0,1,2,3,4
P21817 160 E G,0.7195257,0.7363637,0.7018843,0.754624,0.81356686
P21817 177 R C,0.7598063,0.8381586,0.7973842,0.82560515,0.8705766
P21817 214 T M,0.59394664,0.65129656,0.6684119,0.6649799,0.7460214
P21817 401 R H,0.69520044,0.7111948,0.74575555,0.7310265,0.73791695
P21817 522 Y C,0.74253064,0.82740784,0.798562,0.83312327,0.8680047
P21817 539 F V,0.8692059,0.86733425,0.8990618,0.89515215,0.887778
P21817 1056 D H,0.7652615,0.7865693,0.8237961,0.8312452,0.7938905
P21817 1588 P L,0.7140059,0.74791497,0.66521794,0.77075994,0.75246054
P21817 1675 L P,0.85118926,0.8739191,0.86432064,0.87989146,0.9005826
P21817 1728 S F,0.6709304,0.71653277,0.73637855,0.7043612,0.7314293
P21817 2163 R L,0.8354408,0.80395615,0.77486956,0.79256636,0.8303331
P21817 2204 H Q,0.7972154,0.7977796,0.78234017,0.7670971,0.8122716
P21817 2237 C Y,0.9007217,0.8702282,0.8962198,0.88930136,0.9041342
P21817 2362 E K,0.57157075,0.63592833,0.48654905,0.61487335,0.65970176
P21817 2363 C W,0.9026354,0.88364136,0.87749434,0.8763685,0.90280366
P21817 2364 F V,0.59899205,0.6784144,0.5002417,0.6853749,0.7050247
P21817 2431 D Y,0.9103617,0.9212218,0.9332289,0.91784114,0.9334853
P21817 2627 V M,0.7944685,0.8169687,0.8421629,0.8059461,0.83447206
P21817 2676 R W,0.88210577,0.8770169,0.8874176,0.863685,0.9045923
P21817 3051 R H,0.7332161,0.73760754,0.7534136,0.7408156,0.7667916
P21817 3418 N D,0.64171374,0.6838596,0.7060584,0.7078777,0.71286535
P21817 3903 R Q,0.8060713,0.8136527,0.80298805,0.794328,0.8464361
P21817 3772 R Q,0.8269412,0.8230079,0.82265854,0.81118,0.8256063
P21817 3986 D E,0.7508646,0.7440552,0.74882686,0.7516185,0.7901748
P21817 4050 S Y,0.829813,0.84498024,0.8509148,0.84652764,0.8874145
P21817 4234 V L,0.58180064,0.6414638,0.6172709,0.65174836,0.76957476
P21817 4737 R Q,0.7342541,0.73511106,0.65442306,0.72629935,0.73114693
P21817 4824 L P,0.84352386,0.82957673,0.794774,0.86678827,0.8859609
P21817 4893 R Q,0.834808,0.81672674,0.8011757,0.8460978,0.80630404
P21817 4973 P L,0.7243856,0.7577065,0.65749055,0.738964,0.80356956
