R20000_val_loss,R20000_val_accuracy,R20000_val_auc,R20000_val_precision,R20000_val_recall,R20000_test_loss,R20000_test_accuracy,R20000_test_auc,R20000_test_precision,R20000_test_recall,val_loss,val_accuracy,val_auc,val_precision,val_recall,test_loss,test_accuracy,test_auc,test_precision,test_recall
0.5315137604872385,0.775716225306193,0.8529378970464071,0.775716225306193,0.775716225306193,0.43836496273676556,0.8257464567820231,0.8941707015037537,0.8257464567820231,0.8257464567820231,0.3234288990497589,0.8809523781140646,0.9506802757581075,0.8809523781140646,0.8809523781140646,0.2018712709347407,1.0,0.999999980131785,1.0,1.0
0.036264803314085624,0.0037807576253723043,0.0033382553460146324,0.0037807576253723043,0.0037807576253723043,0.028126789798714587,0.01119392823497259,0.010676064081406289,0.01119392823497259,0.01119392823497259,0.09153621016388708,0.041239285277683155,0.049025638961998505,0.041239285277683155,0.041239285277683155,0.12487877203780927,0.0,3.44127577060238e-08,0.0,0.0
0.02093749395549617,0.00218282143274943,0.0019273426226452553,0.00218282143274943,0.00218282143274943,0.016239009661727886,0.006462817479750778,0.006163828471285616,0.006462817479750778,0.006462817479750778,0.05284845557871837,0.02380951245625814,0.028304965851903244,0.02380951245625814,0.02380951245625814,0.07209879265209909,0.0,1.986821492513021e-08,0.0,0.0
