R20000_val_loss,R20000_val_accuracy,R20000_val_auc,R20000_val_precision,R20000_val_recall,R20000_test_loss,R20000_test_accuracy,R20000_test_auc,R20000_test_precision,R20000_test_recall,val_loss,val_accuracy,val_auc,val_precision,val_recall,test_loss,test_accuracy,test_auc,test_precision,test_recall
0.49104467034339905,0.7776262164115906,0.855137050151825,0.7776262164115906,0.7776262164115906,0.39441215991973877,0.840430736541748,0.9134445190429688,0.840430736541748,0.840430736541748,0.4417463541030884,0.8333333333333334,0.8877550760904948,0.8333333333333334,0.8333333333333334,0.40087300539016724,0.800000011920929,0.9600000381469727,0.800000011920929,0.800000011920929
0.0,0.0,0.0,0.0,0.0,0.0,0.0,0.0,0.0,0.0,0.05187784843173536,0.04123931969044086,0.023380490097782557,0.04123931969044086,0.04123931969044086,0.0,0.0,0.0,0.0,0.0
0.0,0.0,0.0,0.0,0.0,0.0,0.0,0.0,0.0,0.0,0.029951689757041017,0.023809532324473068,0.01349873225174014,0.023809532324473068,0.023809532324473068,0.0,0.0,0.0,0.0,0.0
