R20000_val_loss,R20000_val_accuracy,R20000_val_auc,R20000_val_precision,R20000_val_recall,R20000_test_loss,R20000_test_accuracy,R20000_test_auc,R20000_test_precision,R20000_test_recall,val_loss,val_accuracy,val_auc,val_precision,val_recall,test_loss,test_accuracy,test_auc,test_precision,test_recall
0.563899556795756,0.7543091575304667,0.8272739251454672,0.7543091575304667,0.7543091575304667,0.4239210287729899,0.8254201412200928,0.8995492259661356,0.8254201412200928,0.8254201412200928,0.41292030612627667,0.8518518606821696,0.9044353167215983,0.8518518606821696,0.8518518606821696,0.3958069086074829,0.8518518606821696,0.8847736517588297,0.8518518606821696,0.8518518606821696
0.03276605958205976,0.0019151866436777564,0.0023694194302008673,0.0019151866436777564,0.0019151866436777564,0.01956628845955877,0.008426026248632344,0.005235415636649892,0.008426026248632344,0.008426026248632344,0.11494488338902988,0.03703704476356906,0.059672060012068755,0.03703704476356906,0.03703704476356906,0.04529459590212176,0.06415002608631867,0.031069231360778313,0.06415002608631867,0.06415002608631867
0.01891749331998552,0.0011057335242757285,0.0013679849458496005,0.0011057335242757285,0.0011057335242757285,0.011296601909168124,0.004864768522846737,0.0030226686271393913,0.004864768522846737,0.004864768522846737,0.06636345936662655,0.021383347764234818,0.0344516799110674,0.021383347764234818,0.021383347764234818,0.02615084713692532,0.0370370348294576,0.017937829089660122,0.0370370348294576,0.0370370348294576
