R20000_val_loss,R20000_val_accuracy,R20000_val_auc,R20000_val_precision,R20000_val_recall,R20000_test_loss,R20000_test_accuracy,R20000_test_auc,R20000_test_precision,R20000_test_recall,val_loss,val_accuracy,val_auc,val_precision,val_recall,test_loss,test_accuracy,test_auc,test_precision,test_recall
0.5302248597145081,0.7521203756332397,0.8270972967147827,0.7521203756332397,0.7521203756332397,0.4049834907054901,0.835536003112793,0.9091933965682983,0.835536003112793,0.835536003112793,0.5223136246204376,0.7654320995012919,0.8376771807670593,0.7654320995012919,0.7654320995012919,0.558449923992157,0.7777777910232544,0.7777777910232544,0.7777777910232544,0.7777777910232544
0.0,0.0,0.0,0.0,0.0,0.0,0.0,0.0,0.0,0.0,0.031040662832328505,0.02138336497061136,0.03338527471491342,0.02138336497061136,0.02138336497061136,0.0,0.0,0.0,0.0,0.0
0.0,0.0,0.0,0.0,0.0,0.0,0.0,0.0,0.0,0.0,0.017921335042069275,0.012345691521962484,0.01927499734362487,0.012345691521962484,0.012345691521962484,0.0,0.0,0.0,0.0,0.0
