SAV_coords,0,1,2
P21817 177 R C,0.97813785,0.9134787,0.92563194
P21817 214 T M,0.5094847,0.48460886,0.54082906
P21817 539 F V,0.9441978,0.8259058,0.8452705
P21817 1588 P L,0.12643391,0.40374944,0.30323398
P21817 1675 L P,0.9919099,0.9405593,0.95221084
P21817 1728 S F,0.2107369,0.30113012,0.31417763
P21817 2163 R L,0.71127605,0.5702591,0.5766795
P21817 2204 H Q,0.7616993,0.6851037,0.7452702
P21817 2237 C Y,0.99236226,0.91530675,0.9603876
P21817 2362 E K,0.13228117,0.20746452,0.18892315
P21817 2363 C W,0.97998226,0.843647,0.93748844
P21817 2364 F V,0.29148337,0.26045167,0.24445991
P21817 2431 D Y,0.99065816,0.93123305,0.95921177
P21817 2627 V M,0.55288,0.6504141,0.65607387
P21817 2676 R W,0.9876968,0.9492301,0.961431
P21817 3051 R H,0.17274296,0.3984847,0.30114588
P21817 3418 N D,0.21145451,0.34030664,0.29625127
P21817 3903 R Q,0.5401827,0.50010955,0.5783118
P21817 3772 R Q,0.5261691,0.5863805,0.59494174
P21817 3986 D E,0.51673806,0.36104396,0.5182454
P21817 4050 S Y,0.97409624,0.8240892,0.9279399
P21817 4234 V L,0.7017787,0.43283623,0.61019665
P21817 4973 P L,0.6388122,0.5815554,0.6347777
P21817 160 E G,0.29766458,0.5939318,0.40526158
P21817 401 R H,0.27889737,0.45625794,0.48642117
P21817 522 Y C,0.97755754,0.89540386,0.91069525
P21817 1056 D H,0.05957133,0.30102873,0.17825462
P21817 4737 R Q,0.5970477,0.51552963,0.59979725
P21817 4824 L P,0.9925184,0.92855483,0.9603517
P21817 4893 R Q,0.88120526,0.5783359,0.7546501
