R20000_val_loss,R20000_val_accuracy,R20000_val_auc,R20000_val_precision,R20000_val_recall,R20000_test_loss,R20000_test_accuracy,R20000_test_auc,R20000_test_precision,R20000_test_recall,val_loss,val_accuracy,val_auc,val_precision,val_recall,test_loss,test_accuracy,test_auc,test_precision,test_recall
0.5788438518842062,0.754673957824707,0.8237661520640055,0.754673957824707,0.754673957824707,0.4374632040659587,0.8219938079516093,0.8947571317354838,0.8219938079516093,0.8219938079516093,0.3236829141775767,0.8571428457895914,0.9506802757581075,0.8571428457895914,0.8571428457895914,0.20027645925680795,1.0,0.999999980131785,1.0,1.0
0.0368064814760835,0.002685330722074155,0.0045811596919672305,0.002685330722074155,0.002685330722074155,0.017582213107784055,0.00651818106811254,0.004292952085797426,0.00651818106811254,0.00651818106811254,0.09294990090080384,0.07142856717109888,0.041239290193805456,0.07142856717109888,0.07142856717109888,0.08270477583103113,0.0,3.44127577060238e-08,0.0,0.0
0.021250231988139783,0.0015503764152526855,0.0026449337813579435,0.0015503764152526855,0.0015503764152526855,0.010151095470728492,0.003763273594301498,0.002478537042353309,0.003763273594301498,0.003763273594301498,0.053664650306228134,0.04123930248406321,0.023809515294582674,0.04123930248406321,0.04123930248406321,0.04774962458931348,0.0,1.986821492513021e-08,0.0,0.0
