R20000_val_loss,R20000_val_accuracy,R20000_val_auc,R20000_val_precision,R20000_val_recall,R20000_test_loss,R20000_test_accuracy,R20000_test_auc,R20000_test_precision,R20000_test_recall,val_loss,val_accuracy,val_auc,val_precision,val_recall,test_loss,test_accuracy,test_auc,test_precision,test_recall
0.5302248597145081,0.7521203756332397,0.8270972967147827,0.7521203756332397,0.7521203756332397,0.4049834907054901,0.835536003112793,0.9091933965682983,0.835536003112793,0.835536003112793,0.41313793261845905,0.8333333333333334,0.918367346127828,0.8333333333333334,0.8333333333333334,0.3855563700199127,1.0,1.0,1.0,1.0
0.0,0.0,0.0,0.0,0.0,0.0,0.0,0.0,0.0,0.0,0.0417136225565862,0.04123931969044086,0.03571432828904856,0.04123931969044086,0.04123931969044086,0.0,0.0,0.0,0.0,0.0
0.0,0.0,0.0,0.0,0.0,0.0,0.0,0.0,0.0,0.0,0.024083371211919488,0.023809532324473068,0.020619677051608852,0.023809532324473068,0.023809532324473068,0.0,0.0,0.0,0.0,0.0
