,val_loss,val_accuracy,val_auc,val_precision,val_recall,test_loss,test_accuracy,test_auc,test_precision,test_recall
0,0.45041510462760925,0.7142857313156128,0.8979592323303223,0.7142857313156128,0.7142857313156128,0.19943229854106903,0.800000011920929,0.9599999785423279,0.800000011920929,0.800000011920929
1,0.277430921792984,0.8571428656578064,0.9795918464660645,0.8571428656578064,0.8571428656578064,0.08503814041614532,1.0,1.0,1.0,1.0
2,0.30529704689979553,0.7857142686843872,0.9336735010147095,0.7857142686843872,0.7857142686843872,0.10522760450839996,1.0,1.0,1.0,1.0
