val_loss,val_accuracy,val_auc,val_precision,val_recall,test_loss,test_accuracy,test_auc,test_precision,test_recall
0.3443810244401296,0.7857142885526022,0.9370748599370321,0.7857142885526022,0.7857142885526022,0.12989934782187143,0.9333333373069763,0.9866666595141093,0.9333333373069763,0.9333333373069763
0.09287922185839395,0.07142856717109888,0.04092246149179679,0.07142856717109888,0.07142856717109888,0.06105757153598463,0.1154700469553736,0.023094023156177805,0.1154700469553736,0.1154700469553736
0.053623843742066725,0.04123930248406321,0.02362659415819097,0.04123930248406321,0.04123930248406321,0.03525160536236556,0.06666666269302368,0.013333340485890707,0.06666666269302368,0.06666666269302368
