R20000_val_loss,R20000_val_accuracy,R20000_val_auc,R20000_val_precision,R20000_val_recall,R20000_test_loss,R20000_test_accuracy,R20000_test_auc,R20000_test_precision,R20000_test_recall,val_loss,val_accuracy,val_auc,val_precision,val_recall,test_loss,test_accuracy,test_auc,test_precision,test_recall,knw_loss,knw_accuracy,knw_auc,knw_precision,knw_recall
0.589815616607666,0.7711687286694845,0.8395766615867615,0.7711687286694845,0.7711687286694845,0.45256490508715314,0.8223201036453247,0.8957752386728922,0.8223201036453247,0.8223201036453247,0.39552344878514606,0.8518518606821696,0.9067215522130331,0.8518518606821696,0.8518518606821696,0.17763257026672363,1.0,1.0,1.0,1.0,0.2838948269685109,0.9185185035069784,0.959835429986318,0.9185185035069784,0.9185185035069784
0.027144245361903973,0.0018572640761936347,0.00483918008408959,0.0018572640761936347,0.0018572640761936347,0.018840855549554645,0.0025900494773939153,0.006311766881452453,0.0025900494773939153,0.0025900494773939153,0.06833913922989167,0.06415002608631867,0.02951638294843485,0.06415002608631867,0.06415002608631867,0.038449893846331976,0.0,0.0,0.0,0.0,0.04036166019656866,0.027962332303920822,0.013436000512317867,0.027962332303920822,0.027962332303920822
0.01567173736664451,0.0010722919143466166,0.0027939019242062004,0.0010722919143466166,0.0010722919143466166,0.01087777302329823,0.0014953657629878266,0.0036441003080687384,0.0014953657629878266,0.0014953657629878266,0.039455620430565275,0.0370370348294576,0.01704129164078294,0.0370370348294576,0.0370370348294576,0.0221990565624923,0.0,0.0,0.0,0.0,0.02330281537942912,0.016144060082838457,0.007757278512618671,0.016144060082838457,0.016144060082838457
