R20000_val_loss,R20000_val_accuracy,R20000_val_auc,R20000_val_precision,R20000_val_recall,R20000_test_loss,R20000_test_accuracy,R20000_test_auc,R20000_test_precision,R20000_test_recall,val_loss,val_accuracy,val_auc,val_precision,val_recall,test_loss,test_accuracy,test_auc,test_precision,test_recall,knw_loss,knw_accuracy,knw_auc,knw_precision,knw_recall
0.672362744808197,0.7294791340827942,0.793418268362681,0.7294791340827942,0.7294791340827942,0.5037790139516195,0.7962147196133932,0.8701795339584351,0.7962147196133932,0.7962147196133932,0.38573867082595825,0.8148148059844971,0.9119798938433329,0.8148148059844971,0.8148148059844971,0.2118446777264277,0.9259259303410848,0.99176953236262,0.9259259303410848,0.9259259303410848,0.28968682885169983,0.8888888756434122,0.9596090714136759,0.8888888756434122,0.8888888756434122
0.05646973386947229,0.010023417276088674,0.01992829576966194,0.010023417276088674,0.010023417276088674,0.029656532201892915,0.007588182606930304,0.011389028693588925,0.007588182606930304,0.007588182606930304,0.05272215746231198,0.07407408952713013,0.02599383081417558,0.07407408952713013,0.07407408952713013,0.025592073312412176,0.06415002608631867,0.007127742439860179,0.06415002608631867,0.06415002608631867,0.024134944052468917,0.02939724630161666,0.00864559599412947,0.02939724630161666,0.02939724630161666
0.03260281605060635,0.005787022662549742,0.011505606927104802,0.005787022662549742,0.005787022662549742,0.01712220684999368,0.004381039270771248,0.006575458782051938,0.004381039270771248,0.004381039270771248,0.03043915180312366,0.04276669552846502,0.015007545217833861,0.04276669552846502,0.04276669552846502,0.014775590416041809,0.0370370348294576,0.004115204016367595,0.0370370348294576,0.0370370348294576,0.013934316445569488,0.01697250806567211,0.0049915371745154,0.01697250806567211,0.01697250806567211
