R20000_val_loss,R20000_val_accuracy,R20000_val_auc,R20000_val_precision,R20000_val_recall,R20000_test_loss,R20000_test_accuracy,R20000_test_auc,R20000_test_precision,R20000_test_recall,val_loss,val_accuracy,val_auc,val_precision,val_recall,test_loss,test_accuracy,test_auc,test_precision,test_recall,knw_loss,knw_accuracy,knw_auc,knw_precision,knw_recall
0.5073307156562805,0.7733842134475708,0.8425318002700806,0.7733842134475708,0.7733842134475708,0.4278004467487335,0.8208516836166382,0.89689040184021,0.8208516836166382,0.8208516836166382,0.569454570611318,0.7037037014961243,0.7873799800872803,0.7037037014961243,0.7037037014961243,0.5622591972351074,0.7777777910232544,0.8271604776382446,0.7777777910232544,0.7777777910232544,0.5687350034713745,0.7111111283302307,0.793950617313385,0.7111111283302307,0.7111111283302307
0.0,0.0,0.0,0.0,0.0,0.0,0.0,0.0,0.0,0.0,0.022449366776171348,0.037037014961242676,0.025699564922179115,0.037037014961242676,0.037037014961242676,0.0,0.0,0.0,0.0,0.0,0.0,0.0,0.0,0.0,0.0
0.0,0.0,0.0,0.0,0.0,0.0,0.0,0.0,0.0,0.0,0.01296114795135917,0.021383330557853658,0.014837650725876377,0.021383330557853658,0.021383330557853658,0.0,0.0,0.0,0.0,0.0,0.0,0.0,0.0,0.0,0.0
