R20000_val_loss,R20000_val_accuracy,R20000_val_auc,R20000_val_precision,R20000_val_recall,R20000_test_loss,R20000_test_accuracy,R20000_test_auc,R20000_test_precision,R20000_test_recall,val_loss,val_accuracy,val_auc,val_precision,val_recall,test_loss,test_accuracy,test_auc,test_precision,test_recall
0.47332122921943665,0.8064193526903788,0.8782658378283182,0.8064193526903788,0.8064193526903788,0.42138675848642987,0.8291727701822916,0.9027000665664673,0.8291727701822916,0.8291727701822916,0.3368518352508545,0.8809523781140646,0.942176898320516,0.8809523781140646,0.8809523781140646,0.21034220357735953,1.0,0.999999980131785,1.0,1.0
0.03310205323023619,0.008320078453642119,0.007154587276159183,0.008320078453642119,0.008320078453642119,0.022382833665383635,0.012584387849591924,0.008934418935561513,0.012584387849591924,0.012584387849591924,0.07489288918588874,0.041239285277683155,0.020619642638841577,0.041239285277683155,0.041239285277683155,0.12106783590072775,0.0,3.44127577060238e-08,0.0,0.0
0.019111479343206186,0.004803599534889083,0.004130702889831176,0.004803599534889083,0.004803599534889083,0.01292273504193586,0.007265599712548553,0.005158289177499329,0.007265599712548553,0.007265599712548553,0.04323942973186168,0.02380951245625814,0.01190475622812907,0.02380951245625814,0.02380951245625814,0.06989854764749061,0.0,1.986821492513021e-08,0.0,0.0
