R20000_val_loss,R20000_val_accuracy,R20000_val_auc,R20000_val_precision,R20000_val_recall,R20000_test_loss,R20000_test_accuracy,R20000_test_auc,R20000_test_precision,R20000_test_recall,val_loss,val_accuracy,val_auc,val_precision,val_recall,test_loss,test_accuracy,test_auc,test_precision,test_recall
0.4416258931159973,0.8177850246429443,0.8852530717849731,0.8177850246429443,0.8177850246429443,0.39333388209342957,0.8438570499420166,0.915522575378418,0.8438570499420166,0.8438570499420166,0.42243953545888263,0.8333333333333334,0.9200680454572042,0.8333333333333334,0.8333333333333334,0.376081258058548,1.0,1.0,1.0,1.0
0.0,0.0,0.0,0.0,0.0,0.0,0.0,0.0,0.0,0.0,0.05628476369411249,0.04123931969044086,0.029011451518648833,0.04123931969044086,0.04123931969044086,0.0,0.0,0.0,0.0,0.0
0.0,0.0,0.0,0.0,0.0,0.0,0.0,0.0,0.0,0.0,0.03249602347007032,0.023809532324473068,0.01674976934387368,0.023809532324473068,0.023809532324473068,0.0,0.0,0.0,0.0,0.0
