val_loss,val_accuracy,val_auc,val_precision,val_recall,test_loss,test_accuracy,test_auc,test_precision,test_recall,GJB2_notnan_loss,GJB2_notnan_accuracy,GJB2_notnan_auc,GJB2_notnan_precision,GJB2_notnan_recall,RYR1_notnan_loss,RYR1_notnan_accuracy,RYR1_notnan_auc,RYR1_notnan_precision,RYR1_notnan_recall
0.507146418094635,0.7744750380516052,0.8448888063430786,0.7744750380516052,0.7744750380516052,0.4287818968296051,0.8223201036453247,0.8984389305114746,0.8223201036453247,0.8223201036453247,0.41648098826408386,0.8510638475418091,0.9139882326126099,0.8510638475418091,0.8510638475418091,0.583430826663971,0.6555555462837219,0.7767900824546814,0.6555555462837219,0.6555555462837219
0.43843013048171997,0.8164211511611938,0.888873815536499,0.8164211511611938,0.8164211511611938,0.3932134509086609,0.8448359966278076,0.9171922206878662,0.8448359966278076,0.8448359966278076,0.4497484266757965,0.8085106611251831,0.8949750661849976,0.8085106611251831,0.8085106611251831,0.5659469962120056,0.6888889074325562,0.7950617671012878,0.6888889074325562,0.6888889074325562
0.521736204624176,0.7656207084655762,0.8383622765541077,0.7656207084655762,0.7656207084655762,0.39741912484169006,0.8379833698272705,0.9128175377845764,0.8379833698272705,0.8379833698272705,0.45363548398017883,0.8297872543334961,0.8841104507446289,0.8297872543334961,0.8297872543334961,0.5535344481468201,0.7777777910232544,0.8243210315704346,0.7777777910232544,0.7777777910232544
0.4948484003543854,0.775716245174408,0.8547654747962952,0.775716245174408,0.775716245174408,0.3934200704097748,0.839451789855957,0.9152368307113647,0.839451789855957,0.839451789855957,0.4703572988510132,0.8297872543334961,0.8727931380271912,0.8297872543334961,0.8297872543334961,0.5425335168838501,0.7333333492279053,0.8225308060646057,0.7333333492279053,0.7333333492279053
0.5381324291229248,0.7521203756332397,0.824451744556427,0.7521203756332397,0.7521203756332397,0.40522775053977966,0.8414096832275391,0.9107692837715149,0.8414096832275391,0.8414096832275391,0.4536594748497009,0.8510638475418091,0.8958804607391357,0.8510638475418091,0.8510638475418091,0.5650995373725891,0.6777777671813965,0.7918518781661987,0.6777777671813965,0.6777777671813965
