val_loss,val_accuracy,val_auc,val_precision,val_recall,test_loss,test_accuracy,test_auc,test_precision,test_recall,GJB2_notnan_loss,GJB2_notnan_accuracy,GJB2_notnan_auc,GJB2_notnan_precision,GJB2_notnan_recall,RYR1_notnan_loss,RYR1_notnan_accuracy,RYR1_notnan_auc,RYR1_notnan_precision,RYR1_notnan_recall
0.5000587165355682,0.7768707036972046,0.8502684235572815,0.7768707036972046,0.7768707036972046,0.4036124587059021,0.8372001886367798,0.9108909606933594,0.8372001886367798,0.8372001886367798,0.44877633452415466,0.8340425729751587,0.8923494696617127,0.8340425729751587,0.8340425729751587,0.5621090650558471,0.7066666722297669,0.8021111130714417,0.7066666722297669,0.7066666722297669
0.03806240470303749,0.024033575550434047,0.02422703702571283,0.024033575550434047,0.024033575550434047,0.014887001963720045,0.008705248683491783,0.0073717708853445,0.008705248683491783,0.008705248683491783,0.01973023547351405,0.017801275038221875,0.01531281535881383,0.017801275038221875,0.017801275038221875,0.015289018114982272,0.04881308182684154,0.020653959139894765,0.04881308182684154,0.04881308182684154
0.017022024860619905,0.01074814173462949,0.010834660336579642,0.01074814173462949,0.01074814173462949,0.006657669674410176,0.0038931055634656353,0.003296756162836822,0.0038931055634656353,0.0038931055634656353,0.008823629546171033,0.007960972214326855,0.006848099213842111,0.007960972214326855,0.007960972214326855,0.006837456762865211,0.02182987383121546,0.009236731328261557,0.02182987383121546,0.02182987383121546
