,val_loss,val_accuracy,val_auc,val_precision,val_recall,test_loss,test_accuracy,test_auc,test_precision,test_recall
0,0.4032515287399292,0.8888888955116272,0.9094650149345398,0.8888888955116272,0.8888888955116272,0.47805193066596985,0.7777777910232544,0.8395061492919922,0.7777777910232544,0.7777777910232544
1,0.3919025957584381,0.7407407164573669,0.9053497910499573,0.7407407164573669,0.7407407164573669,0.2507372200489044,0.8888888955116272,0.9876543283462524,0.8888888955116272,0.8888888955116272
2,0.42163193225860596,0.7777777910232544,0.8779149651527405,0.7777777910232544,0.7777777910232544,0.2310367375612259,1.0,1.0,1.0,1.0
