val_loss,val_accuracy,val_auc,val_precision,val_recall,test_loss,test_accuracy,test_auc,test_precision,test_recall
0.4055953522523244,0.8024691343307495,0.8975765903790792,0.8024691343307495,0.8024691343307495,0.31994196275870007,0.8888888955116272,0.9423868258794149,0.8888888955116272,0.8888888955116272
0.015002616227778258,0.07709875203282948,0.017151338047243093,0.07709875203282948,0.07709875203282948,0.13728109380497464,0.1111111044883728,0.08931085663826058,0.1111111044883728,0.1111111044883728
0.008661764517656425,0.04451298524033831,0.009902329638538071,0.04451298524033831,0.04451298524033831,0.07925927646294838,0.06415002608631867,0.05156364712165582,0.06415002608631867,0.06415002608631867
