val_loss,val_accuracy,val_auc,val_precision,val_recall,test_loss,test_accuracy,test_auc,test_precision,test_recall,GJB2_notnan_loss,GJB2_notnan_accuracy,GJB2_notnan_auc,GJB2_notnan_precision,GJB2_notnan_recall,RYR1_notnan_loss,RYR1_notnan_accuracy,RYR1_notnan_auc,RYR1_notnan_precision,RYR1_notnan_recall
0.4968629777431488,0.7778530836105346,0.8501943349838257,0.7778530836105346,0.7778530836105346,0.4035744309425354,0.8363191366195679,0.9092976331710816,0.8363191366195679,0.8363191366195679,0.4199997901916504,0.8468085289001465,0.9100497961044312,0.8468085289001465,0.8468085289001465,0.5582318067550659,0.7133333206176757,0.8057654142379761,0.7133333206176757,0.7133333206176757
0.03392108196726877,0.0243011016465267,0.02197188874105887,0.0243011016465267,0.0243011016465267,0.013962327066932645,0.008622286609774453,0.0071868204116855615,0.008622286609774453,0.008622286609774453,0.013871578964392192,0.017801275038221875,0.012114972309237772,0.017801275038221875,0.017801275038221875,0.01845369075007484,0.01217161166351906,0.02037212274381308,0.01217161166351906,0.01217161166351906
0.015169969029831053,0.010867783041953152,0.009826127363813981,0.010867783041953152,0.010867783041953152,0.00624414248914933,0.003856003796188376,0.0032140437965223877,0.003856003796188376,0.003856003796188376,0.006203558703927415,0.007960972214326855,0.005417980325796652,0.007960972214326855,0.007960972214326855,0.008252741390585286,0.005443310215071583,0.009110690260227115,0.005443310215071583,0.005443310215071583
