R20000_val_loss,R20000_val_accuracy,R20000_val_auc,R20000_val_precision,R20000_val_recall,R20000_test_loss,R20000_test_accuracy,R20000_test_auc,R20000_test_precision,R20000_test_recall,val_loss,val_accuracy,val_auc,val_precision,val_recall,test_loss,test_accuracy,test_auc,test_precision,test_recall,knw_loss,knw_accuracy,knw_auc,knw_precision,knw_recall
0.5949233969052633,0.7523939808209738,0.8254684408505758,0.7523939808209738,0.7523939808209738,0.4500401218732198,0.8201990524927775,0.8924917578697205,0.8201990524927775,0.8201990524927775,0.37310802936553955,0.8765432039896647,0.9176955024401346,0.8765432039896647,0.8765432039896647,0.17341642578442892,1.0,1.0,1.0,1.0,0.274999479452769,0.9296296238899231,0.9633744955062866,0.9296296238899231,0.9296296238899231
0.016055782396208036,0.0007238725104919739,0.0010385524771159402,0.0007238725104919739,0.0007238725104919739,0.014334912014921606,0.0018531161680107055,0.00598188940235149,0.0018531161680107055,0.0018531161680107055,0.07187768382854677,0.05657500737536953,0.03657694348718328,0.05657500737536953,0.05657500737536953,0.018848961559675914,0.0,0.0,0.0,0.0,0.0312372818009992,0.0064150198150107205,0.011245620381486366,0.0064150198150107205,0.0064150198150107205
0.009269810288500765,0.00041792798879151135,0.0005996085522304407,0.00041792798879151135,0.00041792798879151135,0.00827626531062459,0.0010698971184406286,0.003453645456710202,0.0010698971184406286,0.0010698971184406286,0.04149860010713829,0.032663595737574665,0.021117708168458996,0.032663595737574665,0.032663595737574665,0.010882453030423797,0.0,0.0,0.0,0.0,0.018034853056559087,0.003703713417053223,0.006492661954455496,0.003703713417053223,0.003703713417053223
