R20000_val_loss,R20000_val_accuracy,R20000_val_auc,R20000_val_precision,R20000_val_recall,R20000_test_loss,R20000_test_accuracy,R20000_test_auc,R20000_test_precision,R20000_test_recall,val_loss,val_accuracy,val_auc,val_precision,val_recall,test_loss,test_accuracy,test_auc,test_precision,test_recall,knw_loss,knw_accuracy,knw_auc,knw_precision,knw_recall
0.5302248597145081,0.7521203756332397,0.8270972967147827,0.7521203756332397,0.7521203756332397,0.4049834907054901,0.835536003112793,0.9091933965682983,0.835536003112793,0.835536003112793,0.5387274622917175,0.7160493930180868,0.8223594029744467,0.7160493930180868,0.7160493930180868,0.4911131262779236,0.7777777910232544,0.9012345671653748,0.7777777910232544,0.7777777910232544,0.5339660048484802,0.7222222089767456,0.8267284035682678,0.7222222089767456,0.7222222089767456
0.0,0.0,0.0,0.0,0.0,0.0,0.0,0.0,0.0,0.0,0.02680973498223916,0.05657500737536953,0.020101988433302728,0.05657500737536953,0.05657500737536953,0.0,0.0,0.0,0.0,0.0,0.0,0.0,0.0,0.0,0.0
0.0,0.0,0.0,0.0,0.0,0.0,0.0,0.0,0.0,0.0,0.015478607708898307,0.032663595737574665,0.011605888433214074,0.032663595737574665,0.032663595737574665,0.0,0.0,0.0,0.0,0.0,0.0,0.0,0.0,0.0,0.0
