val_loss,val_accuracy,val_auc,val_precision,val_recall,test_loss,test_accuracy,test_auc,test_precision,test_recall,GJB2_notnan_loss,GJB2_notnan_accuracy,GJB2_notnan_auc,GJB2_notnan_precision,GJB2_notnan_recall,RYR1_notnan_loss,RYR1_notnan_accuracy,RYR1_notnan_auc,RYR1_notnan_precision,RYR1_notnan_recall
0.5096551179885864,0.7652031779289246,0.8451297283172607,0.7652031779289246,0.7652031779289246,0.4318343698978424,0.8130200505256653,0.8943765163421631,0.8130200505256653,0.8130200505256653,0.4445018470287323,0.8085106611251831,0.8890900611877441,0.8085106611251831,0.8085106611251831,0.5863715410232544,0.7666666507720947,0.7917283177375793,0.7666666507720947,0.7666666507720947
0.43928027153015137,0.8131478428840637,0.8883917927742004,0.8131478428840637,0.8131478428840637,0.4070625305175781,0.8414096832275391,0.9091105461120605,0.8414096832275391,0.8414096832275391,0.43193331360816956,0.8085106611251831,0.9076505303382874,0.8085106611251831,0.8085106611251831,0.5610895156860352,0.7777777910232544,0.805555522441864,0.7777777910232544,0.7777777910232544
0.5298309326171875,0.760371208190918,0.8356527090072632,0.760371208190918,0.760371208190918,0.41477885842323303,0.8370044231414795,0.9033606052398682,0.8370044231414795,0.8370044231414795,0.45977702736854553,0.8085106611251831,0.8859212398529053,0.8085106611251831,0.8085106611251831,0.5931552648544312,0.7222222089767456,0.7778394818305969,0.7222222089767456,0.7222222089767456
0.5105435848236084,0.7666484713554382,0.8451480865478516,0.7666484713554382,0.7666484713554382,0.40992793440818787,0.8389623165130615,0.9073494076728821,0.8389623165130615,0.8389623165130615,0.43534401059150696,0.8510638475418091,0.9128565192222595,0.8510638475418091,0.8510638475418091,0.5885321497917175,0.7333333492279053,0.7795677781105042,0.7333333492279053,0.7333333492279053
0.5292134284973145,0.7582264542579651,0.8314262628555298,0.7582264542579651,0.7582264542579651,0.411452054977417,0.8370044231414795,0.906598687171936,0.8370044231414795,0.8370044231414795,0.44476404786109924,0.8723404407501221,0.9090086221694946,0.8723404407501221,0.8723404407501221,0.5718887448310852,0.7555555701255798,0.7921605110168457,0.7555555701255798,0.7555555701255798
