val_loss,val_accuracy,val_auc,val_precision,val_recall,test_loss,test_accuracy,test_auc,test_precision,test_recall,GJB2_notnan_loss,GJB2_notnan_accuracy,GJB2_notnan_auc,GJB2_notnan_precision,GJB2_notnan_recall,RYR1_notnan_loss,RYR1_notnan_accuracy,RYR1_notnan_auc,RYR1_notnan_precision,RYR1_notnan_recall
0.5037046670913696,0.772719430923462,0.8491497159004211,0.772719430923462,0.772719430923462,0.4150111496448517,0.833480179309845,0.904159152507782,0.833480179309845,0.833480179309845,0.44326404929161073,0.8297872543334961,0.9009053945541382,0.8297872543334961,0.8297872543334961,0.5802074432373047,0.751111114025116,0.789370322227478,0.751111114025116,0.751111114025116
0.03730268108275797,0.022860074803517986,0.02273985442961397,0.022860074803517986,0.022860074803517986,0.009807668898835628,0.01158002935802046,0.00585198692984945,0.01158002935802046,0.01158002935802046,0.010811720122799249,0.03008964667629151,0.012430964665255952,0.03008964667629151,0.03008964667629151,0.013319523474865673,0.023040493330858308,0.011228937546683741,0.023040493330858308,0.023040493330858308
0.016682266128808455,0.010223336246279273,0.010169572060613308,0.010223336246279273,0.010223336246279273,0.004386122871721394,0.0051787465651954,0.0026170881157167327,0.0051787465651954,0.0051787465651954,0.004835148229656298,0.013456499077427684,0.005559296403482045,0.013456499077427684,0.013456499077427684,0.005956671983540771,0.010304021864585946,0.005021733533896912,0.010304021864585946,0.010304021864585946
