R20000_val_loss,R20000_val_accuracy,R20000_val_auc,R20000_val_precision,R20000_val_recall,R20000_test_loss,R20000_test_accuracy,R20000_test_auc,R20000_test_precision,R20000_test_recall,val_loss,val_accuracy,val_auc,val_precision,val_recall,test_loss,test_accuracy,test_auc,test_precision,test_recall,knw_loss,knw_accuracy,knw_auc,knw_precision,knw_recall
0.4416258931159973,0.8177850246429443,0.8852530717849731,0.8177850246429443,0.8177850246429443,0.39333388209342957,0.8438570499420166,0.915522575378418,0.8438570499420166,0.8438570499420166,0.5886772871017456,0.7160493930180868,0.7695473432540894,0.7160493930180868,0.7160493930180868,0.5322530269622803,0.7777777910232544,0.8148148059844971,0.7777777910232544,0.7777777910232544,0.5830349326133728,0.7222222089767456,0.7764197587966919,0.7222222089767456,0.7222222089767456
0.0,0.0,0.0,0.0,0.0,0.0,0.0,0.0,0.0,0.0,0.04476745446186874,0.05657500737536953,0.042788654771630505,0.05657500737536953,0.05657500737536953,0.0,0.0,0.0,0.0,0.0,0.0,0.0,0.0,0.0,0.0
0.0,0.0,0.0,0.0,0.0,0.0,0.0,0.0,0.0,0.0,0.025846501884494232,0.032663595737574665,0.02470404135066284,0.032663595737574665,0.032663595737574665,0.0,0.0,0.0,0.0,0.0,0.0,0.0,0.0,0.0,0.0
